{
  "dataset_name": "Bioinformatics",
  "evaluation_time": "0.3 minutes",
  "gar_llm": "qwen3-32b",
  "gar_method": "search-o1",
  "retriever_name": "nv",
  "test": {
    "map_at_1": 0.2182,
    "map_at_10": 0.41243,
    "map_at_100": 0.44826,
    "map_at_3": 0.33088,
    "map_at_5": 0.38233,
    "ndcg_at_1": 0.42857,
    "ndcg_at_10": 0.51038,
    "ndcg_at_100": 0.59667,
    "ndcg_at_3": 0.44215,
    "ndcg_at_5": 0.47377,
    "precision_at_1": 0.42857,
    "precision_at_10": 0.15974,
    "precision_at_100": 0.02623,
    "precision_at_3": 0.2987,
    "precision_at_5": 0.24416,
    "recall_at_1": 0.2182,
    "recall_at_10": 0.63318,
    "recall_at_100": 0.89358,
    "recall_at_3": 0.41112,
    "recall_at_5": 0.52975
  }
}