{
  "dataset_name": "Biology",
  "evaluation_time": "0.31 minutes",
  "gar_llm": "qwen3-32b",
  "gar_method": "search-o1",
  "retriever_name": "nv",
  "test": {
    "map_at_1": 0.09451,
    "map_at_10": 0.24834,
    "map_at_100": 0.27966,
    "map_at_3": 0.17417,
    "map_at_5": 0.21458,
    "ndcg_at_1": 0.31068,
    "ndcg_at_10": 0.33456,
    "ndcg_at_100": 0.42609,
    "ndcg_at_3": 0.28797,
    "ndcg_at_5": 0.30299,
    "precision_at_1": 0.31068,
    "precision_at_10": 0.14951,
    "precision_at_100": 0.02689,
    "precision_at_3": 0.24919,
    "precision_at_5": 0.21165,
    "recall_at_1": 0.09451,
    "recall_at_10": 0.39182,
    "recall_at_100": 0.70254,
    "recall_at_3": 0.21123,
    "recall_at_5": 0.29193
  }
}