{
  "dataset_name": "IIYi-Clinical",
  "evaluation_time": "0.55 minutes",
  "gar_llm": "qwen3-32b",
  "gar_method": "search-o1",
  "retriever_name": "nv",
  "test": {
    "map_at_1": 0.06085,
    "map_at_10": 0.14605,
    "map_at_100": 0.17978,
    "map_at_3": 0.10019,
    "map_at_5": 0.12427,
    "ndcg_at_1": 0.13953,
    "ndcg_at_10": 0.21319,
    "ndcg_at_100": 0.34146,
    "ndcg_at_3": 0.15336,
    "ndcg_at_5": 0.17761,
    "precision_at_1": 0.13953,
    "precision_at_10": 0.09535,
    "precision_at_100": 0.02543,
    "precision_at_3": 0.12661,
    "precision_at_5": 0.12558,
    "recall_at_1": 0.06085,
    "recall_at_10": 0.27597,
    "recall_at_100": 0.69755,
    "recall_at_3": 0.12855,
    "recall_at_5": 0.19897
  }
}