{
  "dataset_name": "Medical-Sciences",
  "evaluation_time": "0.23 minutes",
  "gar_llm": "qwen3-32b",
  "gar_method": "search-o1",
  "retriever_name": "nv",
  "test": {
    "map_at_1": 0.21838,
    "map_at_10": 0.40438,
    "map_at_100": 0.43475,
    "map_at_3": 0.33167,
    "map_at_5": 0.36747,
    "ndcg_at_1": 0.35227,
    "ndcg_at_10": 0.50198,
    "ndcg_at_100": 0.58975,
    "ndcg_at_3": 0.41612,
    "ndcg_at_5": 0.45057,
    "precision_at_1": 0.35227,
    "precision_at_10": 0.15455,
    "precision_at_100": 0.02534,
    "precision_at_3": 0.27652,
    "precision_at_5": 0.22045,
    "recall_at_1": 0.21838,
    "recall_at_10": 0.64352,
    "recall_at_100": 0.92875,
    "recall_at_3": 0.40398,
    "recall_at_5": 0.51134
  }
}