{
  "dataset_name": "PMC-Clinical",
  "evaluation_time": "0.27 minutes",
  "gar_llm": "qwen3-32b",
  "gar_method": "search-o1",
  "retriever_name": "nv",
  "test": {
    "map_at_1": 0.20249,
    "map_at_10": 0.37853,
    "map_at_100": 0.39837,
    "map_at_3": 0.32042,
    "map_at_5": 0.35375,
    "ndcg_at_1": 0.36842,
    "ndcg_at_10": 0.46177,
    "ndcg_at_100": 0.534,
    "ndcg_at_3": 0.37621,
    "ndcg_at_5": 0.41895,
    "precision_at_1": 0.36842,
    "precision_at_10": 0.12193,
    "precision_at_100": 0.01833,
    "precision_at_3": 0.26023,
    "precision_at_5": 0.19474,
    "recall_at_1": 0.20249,
    "recall_at_10": 0.58114,
    "recall_at_100": 0.85965,
    "recall_at_3": 0.38012,
    "recall_at_5": 0.48173
  }
}