{
  "dataset_name": "PMC-Treatment",
  "evaluation_time": "0.49 minutes",
  "gar_llm": "qwen3-32b",
  "gar_method": "search-o1",
  "retriever_name": "nv",
  "test": {
    "map_at_1": 0.26233,
    "map_at_10": 0.40131,
    "map_at_100": 0.41804,
    "map_at_3": 0.36489,
    "map_at_5": 0.38487,
    "ndcg_at_1": 0.45333,
    "ndcg_at_10": 0.46882,
    "ndcg_at_100": 0.53448,
    "ndcg_at_3": 0.43294,
    "ndcg_at_5": 0.4404,
    "precision_at_1": 0.45333,
    "precision_at_10": 0.11,
    "precision_at_100": 0.0166,
    "precision_at_3": 0.26667,
    "precision_at_5": 0.188,
    "recall_at_1": 0.26233,
    "recall_at_10": 0.52811,
    "recall_at_100": 0.79856,
    "recall_at_3": 0.41167,
    "recall_at_5": 0.46044
  }
}