{
  "dataset_name": "Bioinformatics",
  "evaluation_time": "0.04 minutes",
  "gar_llm": "qwen-7b-ins",
  "gar_method": "search-r1",
  "retriever_name": "bge",
  "test": {
    "map_at_1": 0.09709,
    "map_at_10": 0.21755,
    "map_at_100": 0.24,
    "map_at_3": 0.16481,
    "map_at_5": 0.18869,
    "ndcg_at_1": 0.19481,
    "ndcg_at_10": 0.30382,
    "ndcg_at_100": 0.38431,
    "ndcg_at_3": 0.24182,
    "ndcg_at_5": 0.26176,
    "precision_at_1": 0.19481,
    "precision_at_10": 0.11039,
    "precision_at_100": 0.02104,
    "precision_at_3": 0.17316,
    "precision_at_5": 0.14545,
    "recall_at_1": 0.09709,
    "recall_at_10": 0.42472,
    "recall_at_100": 0.70005,
    "recall_at_3": 0.25155,
    "recall_at_5": 0.31541
  }
}