{
  "dataset_name": "Biology",
  "evaluation_time": "0.15 minutes",
  "gar_llm": "qwen-7b-ins",
  "gar_method": "search-r1",
  "retriever_name": "bge",
  "test": {
    "map_at_1": 0.04796,
    "map_at_10": 0.12696,
    "map_at_100": 0.14854,
    "map_at_3": 0.09758,
    "map_at_5": 0.11154,
    "ndcg_at_1": 0.17476,
    "ndcg_at_10": 0.1914,
    "ndcg_at_100": 0.27486,
    "ndcg_at_3": 0.16534,
    "ndcg_at_5": 0.17119,
    "precision_at_1": 0.17476,
    "precision_at_10": 0.0835,
    "precision_at_100": 0.01932,
    "precision_at_3": 0.14887,
    "precision_at_5": 0.12039,
    "recall_at_1": 0.04796,
    "recall_at_10": 0.23343,
    "recall_at_100": 0.5141,
    "recall_at_3": 0.12965,
    "recall_at_5": 0.16368
  }
}