{
  "dataset_name": "IIYi-Clinical",
  "evaluation_time": "0.04 minutes",
  "gar_llm": "qwen-7b-ins",
  "gar_method": "search-r1",
  "retriever_name": "bge",
  "test": {
    "map_at_1": 0.06395,
    "map_at_10": 0.13428,
    "map_at_100": 0.16361,
    "map_at_3": 0.10538,
    "map_at_5": 0.11753,
    "ndcg_at_1": 0.20155,
    "ndcg_at_10": 0.20596,
    "ndcg_at_100": 0.32401,
    "ndcg_at_3": 0.18465,
    "ndcg_at_5": 0.17583,
    "precision_at_1": 0.20155,
    "precision_at_10": 0.0876,
    "precision_at_100": 0.02326,
    "precision_at_3": 0.16279,
    "precision_at_5": 0.12248,
    "recall_at_1": 0.06395,
    "recall_at_10": 0.23708,
    "recall_at_100": 0.64264,
    "recall_at_3": 0.1354,
    "recall_at_5": 0.16357
  }
}