{
  "dataset_name": "Medical-Sciences",
  "evaluation_time": "0.03 minutes",
  "gar_llm": "qwen-7b-ins",
  "gar_method": "search-r1",
  "retriever_name": "bge",
  "test": {
    "map_at_1": 0.0949,
    "map_at_10": 0.27691,
    "map_at_100": 0.30238,
    "map_at_3": 0.21907,
    "map_at_5": 0.25167,
    "ndcg_at_1": 0.18182,
    "ndcg_at_10": 0.37307,
    "ndcg_at_100": 0.459,
    "ndcg_at_3": 0.29734,
    "ndcg_at_5": 0.32837,
    "precision_at_1": 0.18182,
    "precision_at_10": 0.11932,
    "precision_at_100": 0.02159,
    "precision_at_3": 0.20833,
    "precision_at_5": 0.17273,
    "recall_at_1": 0.0949,
    "recall_at_10": 0.52128,
    "recall_at_100": 0.8183,
    "recall_at_3": 0.33757,
    "recall_at_5": 0.41043
  }
}