{
  "dataset_name": "MedQA-Diag",
  "evaluation_time": "0.05 minutes",
  "gar_llm": "qwen-7b-ins",
  "gar_method": "search-r1",
  "retriever_name": "bge",
  "test": {
    "map_at_1": 0.04372,
    "map_at_10": 0.10285,
    "map_at_100": 0.11586,
    "map_at_3": 0.07385,
    "map_at_5": 0.08823,
    "ndcg_at_1": 0.12712,
    "ndcg_at_10": 0.14813,
    "ndcg_at_100": 0.20378,
    "ndcg_at_3": 0.1202,
    "ndcg_at_5": 0.12547,
    "precision_at_1": 0.12712,
    "precision_at_10": 0.06525,
    "precision_at_100": 0.01475,
    "precision_at_3": 0.10169,
    "precision_at_5": 0.08814,
    "recall_at_1": 0.04372,
    "recall_at_10": 0.18151,
    "recall_at_100": 0.35461,
    "recall_at_3": 0.09373,
    "recall_at_5": 0.12462
  }
}