{
  "dataset_name": "MedXpertQA-Exam",
  "evaluation_time": "0.05 minutes",
  "gar_llm": "qwen-7b-ins",
  "gar_method": "search-r1",
  "retriever_name": "bge",
  "test": {
    "map_at_1": 0.05422,
    "map_at_10": 0.09067,
    "map_at_100": 0.10018,
    "map_at_3": 0.07351,
    "map_at_5": 0.0809,
    "ndcg_at_1": 0.12371,
    "ndcg_at_10": 0.12526,
    "ndcg_at_100": 0.17409,
    "ndcg_at_3": 0.10479,
    "ndcg_at_5": 0.10844,
    "precision_at_1": 0.12371,
    "precision_at_10": 0.04021,
    "precision_at_100": 0.00928,
    "precision_at_3": 0.07904,
    "precision_at_5": 0.05773,
    "recall_at_1": 0.05422,
    "recall_at_10": 0.15485,
    "recall_at_100": 0.34055,
    "recall_at_3": 0.08903,
    "recall_at_5": 0.10965
  }
}