{
  "dataset_name": "PMC-Clinical",
  "evaluation_time": "0.06 minutes",
  "gar_llm": "qwen-7b-ins",
  "gar_method": "search-r1",
  "retriever_name": "bge",
  "test": {
    "map_at_1": 0.09211,
    "map_at_10": 0.17953,
    "map_at_100": 0.19804,
    "map_at_3": 0.1462,
    "map_at_5": 0.15863,
    "ndcg_at_1": 0.20175,
    "ndcg_at_10": 0.24513,
    "ndcg_at_100": 0.32348,
    "ndcg_at_3": 0.18716,
    "ndcg_at_5": 0.20461,
    "precision_at_1": 0.20175,
    "precision_at_10": 0.07018,
    "precision_at_100": 0.01377,
    "precision_at_3": 0.1345,
    "precision_at_5": 0.1,
    "recall_at_1": 0.09211,
    "recall_at_10": 0.33333,
    "recall_at_100": 0.63012,
    "recall_at_3": 0.18933,
    "recall_at_5": 0.22953
  }
}