{
  "dataset_name": "PMC-Treatment",
  "evaluation_time": "0.04 minutes",
  "gar_llm": "qwen-7b-ins",
  "gar_method": "search-r1",
  "retriever_name": "bge",
  "test": {
    "map_at_1": 0.212,
    "map_at_10": 0.32516,
    "map_at_100": 0.33847,
    "map_at_3": 0.29696,
    "map_at_5": 0.31386,
    "ndcg_at_1": 0.34667,
    "ndcg_at_10": 0.38935,
    "ndcg_at_100": 0.44625,
    "ndcg_at_3": 0.35568,
    "ndcg_at_5": 0.36675,
    "precision_at_1": 0.34667,
    "precision_at_10": 0.09,
    "precision_at_100": 0.01407,
    "precision_at_3": 0.21778,
    "precision_at_5": 0.15333,
    "recall_at_1": 0.212,
    "recall_at_10": 0.458,
    "recall_at_100": 0.68611,
    "recall_at_3": 0.35444,
    "recall_at_5": 0.40444
  }
}