{
  "dataset_name": "Bioinformatics",
  "evaluation_time": "0.04 minutes",
  "gar_llm": "qwq-32b",
  "gar_method": "hyde",
  "retriever_name": "bge",
  "test": {
    "map_at_1": 0.12523,
    "map_at_10": 0.24072,
    "map_at_100": 0.26672,
    "map_at_3": 0.18776,
    "map_at_5": 0.21701,
    "ndcg_at_1": 0.24675,
    "ndcg_at_10": 0.32891,
    "ndcg_at_100": 0.41692,
    "ndcg_at_3": 0.26637,
    "ndcg_at_5": 0.29276,
    "precision_at_1": 0.24675,
    "precision_at_10": 0.11169,
    "precision_at_100": 0.02169,
    "precision_at_3": 0.19048,
    "precision_at_5": 0.15844,
    "recall_at_1": 0.12523,
    "recall_at_10": 0.43372,
    "recall_at_100": 0.73646,
    "recall_at_3": 0.24549,
    "recall_at_5": 0.33304
  }
}