{
  "dataset_name": "Biology",
  "evaluation_time": "0.15 minutes",
  "gar_llm": "qwq-32b",
  "gar_method": "hyde",
  "retriever_name": "bge",
  "test": {
    "map_at_1": 0.05204,
    "map_at_10": 0.13628,
    "map_at_100": 0.15963,
    "map_at_3": 0.09857,
    "map_at_5": 0.11495,
    "ndcg_at_1": 0.19417,
    "ndcg_at_10": 0.21013,
    "ndcg_at_100": 0.2975,
    "ndcg_at_3": 0.17696,
    "ndcg_at_5": 0.18469,
    "precision_at_1": 0.19417,
    "precision_at_10": 0.09515,
    "precision_at_100": 0.02097,
    "precision_at_3": 0.15534,
    "precision_at_5": 0.12816,
    "recall_at_1": 0.05204,
    "recall_at_10": 0.25644,
    "recall_at_100": 0.56177,
    "recall_at_3": 0.13301,
    "recall_at_5": 0.18024
  }
}