{
  "dataset_name": "IIYi-Clinical",
  "evaluation_time": "0.03 minutes",
  "gar_llm": "qwq-32b",
  "gar_method": "hyde",
  "retriever_name": "bge",
  "test": {
    "map_at_1": 0.03592,
    "map_at_10": 0.09474,
    "map_at_100": 0.12216,
    "map_at_3": 0.06415,
    "map_at_5": 0.07853,
    "ndcg_at_1": 0.13178,
    "ndcg_at_10": 0.15952,
    "ndcg_at_100": 0.27651,
    "ndcg_at_3": 0.12112,
    "ndcg_at_5": 0.12911,
    "precision_at_1": 0.13178,
    "precision_at_10": 0.07287,
    "precision_at_100": 0.02171,
    "precision_at_3": 0.10853,
    "precision_at_5": 0.09612,
    "recall_at_1": 0.03592,
    "recall_at_10": 0.20258,
    "recall_at_100": 0.60581,
    "recall_at_3": 0.08734,
    "recall_at_5": 0.13049
  }
}