{
  "dataset_name": "Medical-Sciences",
  "evaluation_time": "0.03 minutes",
  "gar_llm": "qwq-32b",
  "gar_method": "hyde",
  "retriever_name": "bge",
  "test": {
    "map_at_1": 0.10721,
    "map_at_10": 0.28892,
    "map_at_100": 0.31146,
    "map_at_3": 0.21437,
    "map_at_5": 0.25081,
    "ndcg_at_1": 0.19318,
    "ndcg_at_10": 0.39445,
    "ndcg_at_100": 0.47128,
    "ndcg_at_3": 0.28838,
    "ndcg_at_5": 0.33089,
    "precision_at_1": 0.19318,
    "precision_at_10": 0.13068,
    "precision_at_100": 0.02227,
    "precision_at_3": 0.21212,
    "precision_at_5": 0.17727,
    "recall_at_1": 0.10721,
    "recall_at_10": 0.58551,
    "recall_at_100": 0.84928,
    "recall_at_3": 0.31549,
    "recall_at_5": 0.42271
  }
}