{
  "dataset_name": "MedQA-Diag",
  "evaluation_time": "0.05 minutes",
  "gar_llm": "qwq-32b",
  "gar_method": "hyde",
  "retriever_name": "bge",
  "test": {
    "map_at_1": 0.05007,
    "map_at_10": 0.16102,
    "map_at_100": 0.18118,
    "map_at_3": 0.11314,
    "map_at_5": 0.14124,
    "ndcg_at_1": 0.15254,
    "ndcg_at_10": 0.22545,
    "ndcg_at_100": 0.30002,
    "ndcg_at_3": 0.19825,
    "ndcg_at_5": 0.21019,
    "precision_at_1": 0.15254,
    "precision_at_10": 0.10763,
    "precision_at_100": 0.02161,
    "precision_at_3": 0.18362,
    "precision_at_5": 0.16102,
    "recall_at_1": 0.05007,
    "recall_at_10": 0.27392,
    "recall_at_100": 0.50605,
    "recall_at_3": 0.16071,
    "recall_at_5": 0.21829
  }
}