{
  "dataset_name": "MedXpertQA-Exam",
  "evaluation_time": "0.04 minutes",
  "gar_llm": "qwq-32b",
  "gar_method": "hyde",
  "retriever_name": "bge",
  "test": {
    "map_at_1": 0.06592,
    "map_at_10": 0.11815,
    "map_at_100": 0.13309,
    "map_at_3": 0.09599,
    "map_at_5": 0.10682,
    "ndcg_at_1": 0.15464,
    "ndcg_at_10": 0.16685,
    "ndcg_at_100": 0.23405,
    "ndcg_at_3": 0.13601,
    "ndcg_at_5": 0.14328,
    "precision_at_1": 0.15464,
    "precision_at_10": 0.05773,
    "precision_at_100": 0.01268,
    "precision_at_3": 0.09622,
    "precision_at_5": 0.07835,
    "recall_at_1": 0.06592,
    "recall_at_10": 0.21681,
    "recall_at_100": 0.47554,
    "recall_at_3": 0.11267,
    "recall_at_5": 0.1509
  }
}