{
  "dataset_name": "PMC-Clinical",
  "evaluation_time": "0.06 minutes",
  "gar_llm": "qwq-32b",
  "gar_method": "hyde",
  "retriever_name": "bge",
  "test": {
    "map_at_1": 0.07895,
    "map_at_10": 0.14714,
    "map_at_100": 0.16528,
    "map_at_3": 0.11135,
    "map_at_5": 0.13087,
    "ndcg_at_1": 0.17544,
    "ndcg_at_10": 0.20747,
    "ndcg_at_100": 0.29008,
    "ndcg_at_3": 0.14452,
    "ndcg_at_5": 0.172,
    "precision_at_1": 0.17544,
    "precision_at_10": 0.06228,
    "precision_at_100": 0.01342,
    "precision_at_3": 0.10234,
    "precision_at_5": 0.08421,
    "recall_at_1": 0.07895,
    "recall_at_10": 0.29094,
    "recall_at_100": 0.61842,
    "recall_at_3": 0.14327,
    "recall_at_5": 0.20395
  }
}