{
  "dataset_name": "PMC-Treatment",
  "evaluation_time": "0.03 minutes",
  "gar_llm": "qwq-32b",
  "gar_method": "hyde",
  "retriever_name": "bge",
  "test": {
    "map_at_1": 0.261,
    "map_at_10": 0.37377,
    "map_at_100": 0.38898,
    "map_at_3": 0.34315,
    "map_at_5": 0.36044,
    "ndcg_at_1": 0.41333,
    "ndcg_at_10": 0.43403,
    "ndcg_at_100": 0.49208,
    "ndcg_at_3": 0.40258,
    "ndcg_at_5": 0.41228,
    "precision_at_1": 0.41333,
    "precision_at_10": 0.1,
    "precision_at_100": 0.01447,
    "precision_at_3": 0.24,
    "precision_at_5": 0.17067,
    "recall_at_1": 0.261,
    "recall_at_10": 0.48311,
    "recall_at_100": 0.71022,
    "recall_at_3": 0.39056,
    "recall_at_5": 0.43511
  }
}