{
  "dataset_name": "Bioinformatics",
  "evaluation_time": "0.23 minutes",
  "gar_llm": "gpt4",
  "gar_method": "lamer",
  "retriever_name": "nv",
  "test": {
    "map_at_1": 0.25499,
    "map_at_10": 0.48374,
    "map_at_100": 0.51516,
    "map_at_3": 0.40406,
    "map_at_5": 0.45204,
    "ndcg_at_1": 0.44156,
    "ndcg_at_10": 0.57251,
    "ndcg_at_100": 0.64685,
    "ndcg_at_3": 0.51821,
    "ndcg_at_5": 0.53995,
    "precision_at_1": 0.44156,
    "precision_at_10": 0.17403,
    "precision_at_100": 0.02701,
    "precision_at_3": 0.36364,
    "precision_at_5": 0.28052,
    "recall_at_1": 0.25499,
    "recall_at_10": 0.69368,
    "recall_at_100": 0.9135,
    "recall_at_3": 0.48332,
    "recall_at_5": 0.5827
  }
}