{
  "dataset_name": "IIYi-Clinical",
  "evaluation_time": "0.61 minutes",
  "gar_llm": "gpt4",
  "gar_method": "lamer",
  "retriever_name": "nv",
  "test": {
    "map_at_1": 0.05194,
    "map_at_10": 0.12647,
    "map_at_100": 0.15734,
    "map_at_3": 0.09229,
    "map_at_5": 0.10385,
    "ndcg_at_1": 0.13178,
    "ndcg_at_10": 0.19225,
    "ndcg_at_100": 0.30795,
    "ndcg_at_3": 0.1447,
    "ndcg_at_5": 0.14822,
    "precision_at_1": 0.13178,
    "precision_at_10": 0.08527,
    "precision_at_100": 0.02256,
    "precision_at_3": 0.1292,
    "precision_at_5": 0.10233,
    "recall_at_1": 0.05194,
    "recall_at_10": 0.25724,
    "recall_at_100": 0.6332,
    "recall_at_3": 0.12545,
    "recall_at_5": 0.1562
  }
}