{
  "dataset_name": "Medical-Sciences",
  "evaluation_time": "0.15 minutes",
  "gar_llm": "gpt4",
  "gar_method": "lamer",
  "retriever_name": "nv",
  "test": {
    "map_at_1": 0.24433,
    "map_at_10": 0.43884,
    "map_at_100": 0.46319,
    "map_at_3": 0.3578,
    "map_at_5": 0.39155,
    "ndcg_at_1": 0.43182,
    "ndcg_at_10": 0.53844,
    "ndcg_at_100": 0.61413,
    "ndcg_at_3": 0.4508,
    "ndcg_at_5": 0.4772,
    "precision_at_1": 0.43182,
    "precision_at_10": 0.16591,
    "precision_at_100": 0.02534,
    "precision_at_3": 0.29545,
    "precision_at_5": 0.22955,
    "recall_at_1": 0.24433,
    "recall_at_10": 0.68056,
    "recall_at_100": 0.92875,
    "recall_at_3": 0.4358,
    "recall_at_5": 0.52631
  }
}