{
  "dataset_name": "MedQA-Diag",
  "evaluation_time": "0.22 minutes",
  "gar_llm": "gpt4",
  "gar_method": "lamer",
  "retriever_name": "nv",
  "test": {
    "map_at_1": 0.06851,
    "map_at_10": 0.20282,
    "map_at_100": 0.23519,
    "map_at_3": 0.14059,
    "map_at_5": 0.17515,
    "ndcg_at_1": 0.27119,
    "ndcg_at_10": 0.27048,
    "ndcg_at_100": 0.363,
    "ndcg_at_3": 0.24949,
    "ndcg_at_5": 0.25097,
    "precision_at_1": 0.27119,
    "precision_at_10": 0.13305,
    "precision_at_100": 0.0261,
    "precision_at_3": 0.23164,
    "precision_at_5": 0.19492,
    "recall_at_1": 0.06851,
    "recall_at_10": 0.30306,
    "recall_at_100": 0.58485,
    "recall_at_3": 0.1626,
    "recall_at_5": 0.23176
  }
}