{
  "dataset_name": "MedXpertQA-Exam",
  "evaluation_time": "0.23 minutes",
  "gar_llm": "gpt4",
  "gar_method": "lamer",
  "retriever_name": "nv",
  "test": {
    "map_at_1": 0.06883,
    "map_at_10": 0.10726,
    "map_at_100": 0.1202,
    "map_at_3": 0.08285,
    "map_at_5": 0.09899,
    "ndcg_at_1": 0.14433,
    "ndcg_at_10": 0.14528,
    "ndcg_at_100": 0.20823,
    "ndcg_at_3": 0.11383,
    "ndcg_at_5": 0.12917,
    "precision_at_1": 0.14433,
    "precision_at_10": 0.04845,
    "precision_at_100": 0.01216,
    "precision_at_3": 0.0756,
    "precision_at_5": 0.06598,
    "recall_at_1": 0.06883,
    "recall_at_10": 0.17397,
    "recall_at_100": 0.41409,
    "recall_at_3": 0.09642,
    "recall_at_5": 0.13724
  }
}