{
  "dataset_name": "PMC-Clinical",
  "evaluation_time": "0.36 minutes",
  "gar_llm": "gpt4",
  "gar_method": "lamer",
  "retriever_name": "nv",
  "test": {
    "map_at_1": 0.20395,
    "map_at_10": 0.37351,
    "map_at_100": 0.3903,
    "map_at_3": 0.32407,
    "map_at_5": 0.35817,
    "ndcg_at_1": 0.36842,
    "ndcg_at_10": 0.44704,
    "ndcg_at_100": 0.51035,
    "ndcg_at_3": 0.38098,
    "ndcg_at_5": 0.41743,
    "precision_at_1": 0.36842,
    "precision_at_10": 0.11667,
    "precision_at_100": 0.01711,
    "precision_at_3": 0.26901,
    "precision_at_5": 0.2,
    "recall_at_1": 0.20395,
    "recall_at_10": 0.53947,
    "recall_at_100": 0.78947,
    "recall_at_3": 0.38596,
    "recall_at_5": 0.46784
  }
}