{
  "dataset_name": "PMC-Treatment",
  "evaluation_time": "0.38 minutes",
  "gar_llm": "gpt4",
  "gar_method": "lamer",
  "retriever_name": "nv",
  "test": {
    "map_at_1": 0.28322,
    "map_at_10": 0.42396,
    "map_at_100": 0.44235,
    "map_at_3": 0.37381,
    "map_at_5": 0.40046,
    "ndcg_at_1": 0.44667,
    "ndcg_at_10": 0.48861,
    "ndcg_at_100": 0.55305,
    "ndcg_at_3": 0.43028,
    "ndcg_at_5": 0.4535,
    "precision_at_1": 0.44667,
    "precision_at_10": 0.12,
    "precision_at_100": 0.01707,
    "precision_at_3": 0.25333,
    "precision_at_5": 0.19067,
    "recall_at_1": 0.28322,
    "recall_at_10": 0.55444,
    "recall_at_100": 0.80867,
    "recall_at_3": 0.40767,
    "recall_at_5": 0.48078
  }
}