{
  "dataset_name": "Bioinformatics",
  "evaluation_time": "0.18 minutes",
  "reranker_name": "monobert",
  "retriever_name": "nv",
  "test": {
    "MAP@1": 0.11712,
    "MAP@10": 0.30668,
    "MAP@100": 0.30668,
    "MAP@25": 0.30668,
    "MAP@50": 0.30668,
    "MRR": 0.41305,
    "NDCG@1": 0.22078,
    "NDCG@10": 0.43133,
    "NDCG@100": 0.43133,
    "NDCG@25": 0.43133,
    "NDCG@50": 0.43133,
    "P@1": 0.22078,
    "P@10": 0.16364,
    "P@100": 0.01636,
    "P@25": 0.06545,
    "P@50": 0.03273,
    "Recall@1": 0.11712,
    "Recall@10": 0.65351,
    "Recall@100": 0.65351,
    "Recall@25": 0.65351,
    "Recall@50": 0.65351
  },
  "topk": 10
}