{
  "dataset_name": "Biology",
  "evaluation_time": "0.28 minutes",
  "reranker_name": "monobert",
  "retriever_name": "nv",
  "test": {
    "MAP@1": 0.03118,
    "MAP@10": 0.11496,
    "MAP@100": 0.11496,
    "MAP@25": 0.11496,
    "MAP@50": 0.11496,
    "MRR": 0.2158,
    "NDCG@1": 0.12621,
    "NDCG@10": 0.20022,
    "NDCG@100": 0.19821,
    "NDCG@25": 0.19821,
    "NDCG@50": 0.19821,
    "P@1": 0.12621,
    "P@10": 0.11748,
    "P@100": 0.01175,
    "P@25": 0.04699,
    "P@50": 0.0235,
    "Recall@1": 0.03118,
    "Recall@10": 0.30947,
    "Recall@100": 0.30947,
    "Recall@25": 0.30947,
    "Recall@50": 0.30947
  },
  "topk": 10
}