{
  "dataset_name": "IIYi-Clinical",
  "evaluation_time": "0.33 minutes",
  "reranker_name": "monobert",
  "retriever_name": "nv",
  "test": {
    "MAP@1": 0.04289,
    "MAP@10": 0.08911,
    "MAP@100": 0.08911,
    "MAP@25": 0.08911,
    "MAP@50": 0.08911,
    "MRR": 0.19362,
    "NDCG@1": 0.10078,
    "NDCG@10": 0.14297,
    "NDCG@100": 0.14297,
    "NDCG@25": 0.14297,
    "NDCG@50": 0.14297,
    "P@1": 0.10078,
    "P@10": 0.06279,
    "P@100": 0.00628,
    "P@25": 0.02512,
    "P@50": 0.01256,
    "Recall@1": 0.04289,
    "Recall@10": 0.1832,
    "Recall@100": 0.1832,
    "Recall@25": 0.1832,
    "Recall@50": 0.1832
  },
  "topk": 10
}