{
  "dataset_name": "Medical-Sciences",
  "evaluation_time": "0.2 minutes",
  "reranker_name": "monobert",
  "retriever_name": "nv",
  "test": {
    "MAP@1": 0.12216,
    "MAP@10": 0.29479,
    "MAP@100": 0.29479,
    "MAP@25": 0.29479,
    "MAP@50": 0.29479,
    "MRR": 0.35975,
    "NDCG@1": 0.18182,
    "NDCG@10": 0.40807,
    "NDCG@100": 0.40807,
    "NDCG@25": 0.40807,
    "NDCG@50": 0.40807,
    "P@1": 0.18182,
    "P@10": 0.14659,
    "P@100": 0.01466,
    "P@25": 0.05864,
    "P@50": 0.02932,
    "Recall@1": 0.12216,
    "Recall@10": 0.63527,
    "Recall@100": 0.63527,
    "Recall@25": 0.63527,
    "Recall@50": 0.63527
  },
  "topk": 10
}