{
  "dataset_name": "MedQA-Diag",
  "evaluation_time": "0.27 minutes",
  "reranker_name": "monobert",
  "retriever_name": "nv",
  "test": {
    "MAP@1": 0.02352,
    "MAP@10": 0.08998,
    "MAP@100": 0.08998,
    "MAP@25": 0.08998,
    "MAP@50": 0.08998,
    "MRR": 0.17836,
    "NDCG@1": 0.08475,
    "NDCG@10": 0.14841,
    "NDCG@100": 0.14841,
    "NDCG@25": 0.14841,
    "NDCG@50": 0.14841,
    "P@1": 0.08475,
    "P@10": 0.0822,
    "P@100": 0.00822,
    "P@25": 0.03288,
    "P@50": 0.01644,
    "Recall@1": 0.02352,
    "Recall@10": 0.20178,
    "Recall@100": 0.20178,
    "Recall@25": 0.20178,
    "Recall@50": 0.20178
  },
  "topk": 10
}