{
  "dataset_name": "MedXpertQA-Exam",
  "evaluation_time": "0.22 minutes",
  "reranker_name": "monobert",
  "retriever_name": "nv",
  "test": {
    "MAP@1": 0.02268,
    "MAP@10": 0.05689,
    "MAP@100": 0.05689,
    "MAP@25": 0.05689,
    "MAP@50": 0.05689,
    "MRR": 0.11508,
    "NDCG@1": 0.05155,
    "NDCG@10": 0.09402,
    "NDCG@100": 0.09402,
    "NDCG@25": 0.09402,
    "NDCG@50": 0.09402,
    "P@1": 0.05155,
    "P@10": 0.03918,
    "P@100": 0.00392,
    "P@25": 0.01567,
    "P@50": 0.00784,
    "Recall@1": 0.02268,
    "Recall@10": 0.13648,
    "Recall@100": 0.13648,
    "Recall@25": 0.13648,
    "Recall@50": 0.13648
  },
  "topk": 10
}