{
  "dataset_name": "PMC-Treatment",
  "evaluation_time": "0.34 minutes",
  "reranker_name": "monobert",
  "retriever_name": "nv",
  "test": {
    "MAP@1": 0.13389,
    "MAP@10": 0.23917,
    "MAP@100": 0.23917,
    "MAP@25": 0.23917,
    "MAP@50": 0.23917,
    "MRR": 0.35746,
    "NDCG@1": 0.24667,
    "NDCG@10": 0.33478,
    "NDCG@100": 0.33478,
    "NDCG@25": 0.33478,
    "NDCG@50": 0.33478,
    "P@1": 0.24667,
    "P@10": 0.102,
    "P@100": 0.0102,
    "P@25": 0.0408,
    "P@50": 0.0204,
    "Recall@1": 0.13389,
    "Recall@10": 0.49322,
    "Recall@100": 0.49322,
    "Recall@25": 0.49322,
    "Recall@50": 0.49322
  },
  "topk": 10
}