{
  "dataset_name": "PMC-Clinical",
  "evaluation_time": "0.27 minutes",
  "reranker_name": "monobert",
  "retriever_name": "nv",
  "test": {
    "MAP@1": 0.14693,
    "MAP@10": 0.25955,
    "MAP@100": 0.25955,
    "MAP@25": 0.25955,
    "MAP@50": 0.25955,
    "MRR": 0.36932,
    "NDCG@1": 0.26316,
    "NDCG@10": 0.35774,
    "NDCG@100": 0.35774,
    "NDCG@25": 0.35774,
    "NDCG@50": 0.35774,
    "P@1": 0.26316,
    "P@10": 0.10526,
    "P@100": 0.01053,
    "P@25": 0.04211,
    "P@50": 0.02105,
    "Recall@1": 0.14693,
    "Recall@10": 0.5307,
    "Recall@100": 0.5307,
    "Recall@25": 0.5307,
    "Recall@50": 0.5307
  },
  "topk": 10
}