{
  "dataset_name": "Bioinformatics",
  "evaluation_time": "0.26 minutes",
  "gar_llm": "qwq-32b",
  "gar_method": "hyde",
  "retriever_name": "bm25",
  "test": {
    "MAP@1": 0.13421,
    "MAP@10": 0.32444,
    "MAP@100": 0.35026,
    "MAP@25": 0.33832,
    "MAP@50": 0.34647,
    "MRR": 0.46172,
    "NDCG@1": 0.31169,
    "NDCG@10": 0.42347,
    "NDCG@100": 0.51603,
    "NDCG@25": 0.46645,
    "NDCG@50": 0.49776,
    "P@1": 0.31169,
    "P@10": 0.13506,
    "P@100": 0.02545,
    "P@25": 0.07065,
    "P@50": 0.04442,
    "Recall@1": 0.13421,
    "Recall@10": 0.5771,
    "Recall@100": 0.88621,
    "Recall@25": 0.70606,
    "Recall@50": 0.81515
  }
}