{
  "dataset_name": "Biology",
  "evaluation_time": "0.21 minutes",
  "gar_llm": "qwq-32b",
  "gar_method": "hyde",
  "retriever_name": "bm25",
  "test": {
    "MAP@1": 0.21199,
    "MAP@10": 0.48232,
    "MAP@100": 0.51835,
    "MAP@25": 0.51047,
    "MAP@50": 0.51654,
    "MRR": 0.67346,
    "NDCG@1": 0.58252,
    "NDCG@10": 0.58237,
    "NDCG@100": 0.65974,
    "NDCG@25": 0.62863,
    "NDCG@50": 0.6499,
    "P@1": 0.58252,
    "P@10": 0.2301,
    "P@100": 0.03252,
    "P@25": 0.11262,
    "P@50": 0.06194,
    "Recall@1": 0.21199,
    "Recall@10": 0.63016,
    "Recall@100": 0.88321,
    "Recall@25": 0.77002,
    "Recall@50": 0.84357
  }
}