{
  "dataset_name": "IIYi-Clinical",
  "evaluation_time": "0.34 minutes",
  "gar_llm": "qwq-32b",
  "gar_method": "hyde",
  "retriever_name": "bm25",
  "test": {
    "MAP@1": 0.01447,
    "MAP@10": 0.04414,
    "MAP@100": 0.0566,
    "MAP@25": 0.05055,
    "MAP@50": 0.05396,
    "MRR": 0.11388,
    "NDCG@1": 0.04651,
    "NDCG@10": 0.07345,
    "NDCG@100": 0.13352,
    "NDCG@25": 0.0957,
    "NDCG@50": 0.11297,
    "P@1": 0.04651,
    "P@10": 0.03643,
    "P@100": 0.0114,
    "P@25": 0.0245,
    "P@50": 0.01659,
    "Recall@1": 0.01447,
    "Recall@10": 0.09031,
    "Recall@100": 0.29264,
    "Recall@25": 0.14793,
    "Recall@50": 0.2084
  }
}