{
  "dataset_name": "Medical-Sciences",
  "evaluation_time": "0.18 minutes",
  "gar_llm": "qwq-32b",
  "gar_method": "hyde",
  "retriever_name": "bm25",
  "test": {
    "MAP@1": 0.20147,
    "MAP@10": 0.3362,
    "MAP@100": 0.36456,
    "MAP@25": 0.35473,
    "MAP@50": 0.36074,
    "MRR": 0.47607,
    "NDCG@1": 0.35227,
    "NDCG@10": 0.42198,
    "NDCG@100": 0.5218,
    "NDCG@25": 0.4732,
    "NDCG@50": 0.499,
    "P@1": 0.35227,
    "P@10": 0.12273,
    "P@100": 0.02352,
    "P@25": 0.06773,
    "P@50": 0.03977,
    "Recall@1": 0.20147,
    "Recall@10": 0.53419,
    "Recall@100": 0.88247,
    "Recall@25": 0.6915,
    "Recall@50": 0.78969
  }
}