{
  "dataset_name": "MedQA-Diag",
  "evaluation_time": "0.37 minutes",
  "gar_llm": "qwq-32b",
  "gar_method": "hyde",
  "retriever_name": "bm25",
  "test": {
    "MAP@1": 0.10138,
    "MAP@10": 0.28296,
    "MAP@100": 0.31988,
    "MAP@25": 0.30893,
    "MAP@50": 0.317,
    "MRR": 0.48531,
    "NDCG@1": 0.38136,
    "NDCG@10": 0.38117,
    "NDCG@100": 0.47598,
    "NDCG@25": 0.43356,
    "NDCG@50": 0.46015,
    "P@1": 0.38136,
    "P@10": 0.19153,
    "P@100": 0.03178,
    "P@25": 0.1,
    "P@50": 0.05797,
    "Recall@1": 0.10138,
    "Recall@10": 0.43385,
    "Recall@100": 0.72019,
    "Recall@25": 0.57345,
    "Recall@50": 0.66074
  }
}