{
  "dataset_name": "MedXpertQA-Exam",
  "evaluation_time": "0.37 minutes",
  "gar_llm": "qwq-32b",
  "gar_method": "hyde",
  "retriever_name": "bm25",
  "test": {
    "MAP@1": 0.07982,
    "MAP@10": 0.16667,
    "MAP@100": 0.1903,
    "MAP@25": 0.18029,
    "MAP@50": 0.18609,
    "MRR": 0.28319,
    "NDCG@1": 0.17526,
    "NDCG@10": 0.23695,
    "NDCG@100": 0.33147,
    "NDCG@25": 0.27574,
    "NDCG@50": 0.29959,
    "P@1": 0.17526,
    "P@10": 0.08454,
    "P@100": 0.01866,
    "P@25": 0.04701,
    "P@50": 0.02928,
    "Recall@1": 0.07982,
    "Recall@10": 0.32415,
    "Recall@100": 0.6829,
    "Recall@25": 0.44645,
    "Recall@50": 0.53176
  }
}