{
  "dataset_name": "PMC-Clinical",
  "evaluation_time": "0.91 minutes",
  "gar_llm": "qwq-32b",
  "gar_method": "hyde",
  "retriever_name": "bm25",
  "test": {
    "MAP@1": 0.10234,
    "MAP@10": 0.2037,
    "MAP@100": 0.2222,
    "MAP@25": 0.21513,
    "MAP@50": 0.21935,
    "MRR": 0.30255,
    "NDCG@1": 0.21053,
    "NDCG@10": 0.26658,
    "NDCG@100": 0.34829,
    "NDCG@25": 0.29952,
    "NDCG@50": 0.32432,
    "P@1": 0.21053,
    "P@10": 0.07719,
    "P@100": 0.01474,
    "P@25": 0.0407,
    "P@50": 0.02439,
    "Recall@1": 0.10234,
    "Recall@10": 0.35307,
    "Recall@100": 0.69298,
    "Recall@25": 0.46199,
    "Recall@50": 0.57164
  }
}