{
  "dataset_name": "PMC-Treatment",
  "evaluation_time": "0.2 minutes",
  "gar_llm": "qwq-32b",
  "gar_method": "hyde",
  "retriever_name": "bm25",
  "test": {
    "MAP@1": 0.22344,
    "MAP@10": 0.34535,
    "MAP@100": 0.36058,
    "MAP@25": 0.35604,
    "MAP@50": 0.35854,
    "MRR": 0.46962,
    "NDCG@1": 0.36667,
    "NDCG@10": 0.41651,
    "NDCG@100": 0.47419,
    "NDCG@25": 0.44373,
    "NDCG@50": 0.45585,
    "P@1": 0.36667,
    "P@10": 0.09667,
    "P@100": 0.01473,
    "P@25": 0.04747,
    "P@50": 0.02627,
    "Recall@1": 0.22344,
    "Recall@10": 0.50489,
    "Recall@100": 0.73744,
    "Recall@25": 0.59089,
    "Recall@50": 0.63767
  }
}