{
  "dataset_name": "Bioinformatics",
  "evaluation_time": "0.04 minutes",
  "gar_llm": "r1-llama-70b",
  "gar_method": "hyde",
  "retriever_name": "bge",
  "test": {
    "map_at_1": 0.15175,
    "map_at_10": 0.26322,
    "map_at_100": 0.28908,
    "map_at_3": 0.20068,
    "map_at_5": 0.23679,
    "ndcg_at_1": 0.2987,
    "ndcg_at_10": 0.34789,
    "ndcg_at_100": 0.43582,
    "ndcg_at_3": 0.2726,
    "ndcg_at_5": 0.30963,
    "precision_at_1": 0.2987,
    "precision_at_10": 0.11429,
    "precision_at_100": 0.02195,
    "precision_at_3": 0.17749,
    "precision_at_5": 0.15844,
    "recall_at_1": 0.15175,
    "recall_at_10": 0.44142,
    "recall_at_100": 0.74511,
    "recall_at_3": 0.24201,
    "recall_at_5": 0.34031
  }
}