{
  "dataset_name": "Biology",
  "evaluation_time": "0.15 minutes",
  "gar_llm": "r1-llama-70b",
  "gar_method": "hyde",
  "retriever_name": "bge",
  "test": {
    "map_at_1": 0.05946,
    "map_at_10": 0.14939,
    "map_at_100": 0.17231,
    "map_at_3": 0.11452,
    "map_at_5": 0.12752,
    "ndcg_at_1": 0.19417,
    "ndcg_at_10": 0.2168,
    "ndcg_at_100": 0.30532,
    "ndcg_at_3": 0.1903,
    "ndcg_at_5": 0.19079,
    "precision_at_1": 0.19417,
    "precision_at_10": 0.09417,
    "precision_at_100": 0.02117,
    "precision_at_3": 0.16505,
    "precision_at_5": 0.12621,
    "recall_at_1": 0.05946,
    "recall_at_10": 0.2594,
    "recall_at_100": 0.56352,
    "recall_at_3": 0.15356,
    "recall_at_5": 0.18282
  }
}