{
  "dataset_name": "IIYi-Clinical",
  "evaluation_time": "0.04 minutes",
  "gar_llm": "r1-llama-70b",
  "gar_method": "hyde",
  "retriever_name": "bge",
  "test": {
    "map_at_1": 0.05297,
    "map_at_10": 0.11475,
    "map_at_100": 0.14754,
    "map_at_3": 0.08579,
    "map_at_5": 0.09685,
    "ndcg_at_1": 0.17829,
    "ndcg_at_10": 0.18284,
    "ndcg_at_100": 0.31136,
    "ndcg_at_3": 0.15357,
    "ndcg_at_5": 0.14639,
    "precision_at_1": 0.17829,
    "precision_at_10": 0.08217,
    "precision_at_100": 0.02349,
    "precision_at_3": 0.13953,
    "precision_at_5": 0.10698,
    "recall_at_1": 0.05297,
    "recall_at_10": 0.21628,
    "recall_at_100": 0.6531,
    "recall_at_3": 0.10581,
    "recall_at_5": 0.13036
  }
}