{
  "dataset_name": "MedQA-Diag",
  "evaluation_time": "0.06 minutes",
  "gar_llm": "r1-llama-70b",
  "gar_method": "hyde",
  "retriever_name": "bge",
  "test": {
    "map_at_1": 0.06405,
    "map_at_10": 0.16848,
    "map_at_100": 0.19226,
    "map_at_3": 0.11327,
    "map_at_5": 0.13838,
    "ndcg_at_1": 0.20339,
    "ndcg_at_10": 0.23934,
    "ndcg_at_100": 0.32678,
    "ndcg_at_3": 0.20713,
    "ndcg_at_5": 0.20975,
    "precision_at_1": 0.20339,
    "precision_at_10": 0.11864,
    "precision_at_100": 0.02364,
    "precision_at_3": 0.18362,
    "precision_at_5": 0.15763,
    "recall_at_1": 0.06405,
    "recall_at_10": 0.27928,
    "recall_at_100": 0.5621,
    "recall_at_3": 0.14488,
    "recall_at_5": 0.19808
  }
}