{
  "dataset_name": "PMC-Treatment",
  "evaluation_time": "0.04 minutes",
  "gar_llm": "r1-llama-70b",
  "gar_method": "hyde",
  "retriever_name": "bge",
  "test": {
    "map_at_1": 0.25122,
    "map_at_10": 0.36327,
    "map_at_100": 0.37739,
    "map_at_3": 0.32913,
    "map_at_5": 0.34843,
    "ndcg_at_1": 0.40667,
    "ndcg_at_10": 0.42744,
    "ndcg_at_100": 0.48413,
    "ndcg_at_3": 0.38485,
    "ndcg_at_5": 0.40122,
    "precision_at_1": 0.40667,
    "precision_at_10": 0.09733,
    "precision_at_100": 0.01447,
    "precision_at_3": 0.22444,
    "precision_at_5": 0.16267,
    "recall_at_1": 0.25122,
    "recall_at_10": 0.48667,
    "recall_at_100": 0.71222,
    "recall_at_3": 0.364,
    "recall_at_5": 0.42444
  }
}