{
  "dataset_name": "PMC-Clinical",
  "evaluation_time": "0.06 minutes",
  "gar_llm": "r1-llama-70b",
  "gar_method": "hyde",
  "retriever_name": "bge",
  "test": {
    "map_at_1": 0.10892,
    "map_at_10": 0.19592,
    "map_at_100": 0.21318,
    "map_at_3": 0.1479,
    "map_at_5": 0.17703,
    "ndcg_at_1": 0.24561,
    "ndcg_at_10": 0.26438,
    "ndcg_at_100": 0.34081,
    "ndcg_at_3": 0.18621,
    "ndcg_at_5": 0.22326,
    "precision_at_1": 0.24561,
    "precision_at_10": 0.07719,
    "precision_at_100": 0.01439,
    "precision_at_3": 0.13158,
    "precision_at_5": 0.11404,
    "recall_at_1": 0.10892,
    "recall_at_10": 0.35526,
    "recall_at_100": 0.66228,
    "recall_at_3": 0.16667,
    "recall_at_5": 0.24854
  }
}