{
  "dataset_name": "Bioinformatics",
  "evaluation_time": "0.04 minutes",
  "gar_llm": "qwen-72b",
  "gar_method": "query2doc",
  "retriever_name": "bge",
  "test": {
    "map_at_1": 0.15164,
    "map_at_10": 0.32089,
    "map_at_100": 0.34259,
    "map_at_3": 0.25727,
    "map_at_5": 0.2875,
    "ndcg_at_1": 0.32468,
    "ndcg_at_10": 0.41697,
    "ndcg_at_100": 0.49267,
    "ndcg_at_3": 0.35473,
    "ndcg_at_5": 0.36866,
    "precision_at_1": 0.32468,
    "precision_at_10": 0.14026,
    "precision_at_100": 0.02312,
    "precision_at_3": 0.25541,
    "precision_at_5": 0.1974,
    "recall_at_1": 0.15164,
    "recall_at_10": 0.54278,
    "recall_at_100": 0.81071,
    "recall_at_3": 0.34185,
    "recall_at_5": 0.40617
  }
}