{
  "dataset_name": "Biology",
  "evaluation_time": "0.15 minutes",
  "gar_llm": "qwen-72b",
  "gar_method": "query2doc",
  "retriever_name": "bge",
  "test": {
    "map_at_1": 0.11699,
    "map_at_10": 0.25998,
    "map_at_100": 0.29055,
    "map_at_3": 0.20497,
    "map_at_5": 0.2354,
    "ndcg_at_1": 0.35922,
    "ndcg_at_10": 0.34861,
    "ndcg_at_100": 0.4378,
    "ndcg_at_3": 0.31803,
    "ndcg_at_5": 0.3266,
    "precision_at_1": 0.35922,
    "precision_at_10": 0.13592,
    "precision_at_100": 0.02553,
    "precision_at_3": 0.26861,
    "precision_at_5": 0.21359,
    "recall_at_1": 0.11699,
    "recall_at_10": 0.38765,
    "recall_at_100": 0.67583,
    "recall_at_3": 0.23973,
    "recall_at_5": 0.30559
  }
}