{
  "dataset_name": "IIYi-Clinical",
  "evaluation_time": "0.03 minutes",
  "gar_llm": "qwen-72b",
  "gar_method": "query2doc",
  "retriever_name": "bge",
  "test": {
    "map_at_1": 0.03721,
    "map_at_10": 0.08983,
    "map_at_100": 0.11875,
    "map_at_3": 0.06699,
    "map_at_5": 0.0779,
    "ndcg_at_1": 0.13178,
    "ndcg_at_10": 0.14788,
    "ndcg_at_100": 0.26782,
    "ndcg_at_3": 0.12318,
    "ndcg_at_5": 0.12287,
    "precision_at_1": 0.13178,
    "precision_at_10": 0.06744,
    "precision_at_100": 0.02116,
    "precision_at_3": 0.1137,
    "precision_at_5": 0.09302,
    "recall_at_1": 0.03721,
    "recall_at_10": 0.17765,
    "recall_at_100": 0.58734,
    "recall_at_3": 0.08966,
    "recall_at_5": 0.11873
  }
}