{
  "dataset_name": "MedQA-Diag",
  "evaluation_time": "0.04 minutes",
  "gar_llm": "qwen-72b",
  "gar_method": "query2doc",
  "retriever_name": "bge",
  "test": {
    "map_at_1": 0.08371,
    "map_at_10": 0.21789,
    "map_at_100": 0.2426,
    "map_at_3": 0.15416,
    "map_at_5": 0.18663,
    "ndcg_at_1": 0.28814,
    "ndcg_at_10": 0.28612,
    "ndcg_at_100": 0.36454,
    "ndcg_at_3": 0.26742,
    "ndcg_at_5": 0.26348,
    "precision_at_1": 0.28814,
    "precision_at_10": 0.1322,
    "precision_at_100": 0.02441,
    "precision_at_3": 0.23446,
    "precision_at_5": 0.19153,
    "recall_at_1": 0.08371,
    "recall_at_10": 0.32296,
    "recall_at_100": 0.55973,
    "recall_at_3": 0.18397,
    "recall_at_5": 0.23952
  }
}