{
  "dataset_name": "MedXpertQA-Exam",
  "evaluation_time": "0.04 minutes",
  "gar_llm": "qwen-72b",
  "gar_method": "query2doc",
  "retriever_name": "bge",
  "test": {
    "map_at_1": 0.0471,
    "map_at_10": 0.11313,
    "map_at_100": 0.12824,
    "map_at_3": 0.08556,
    "map_at_5": 0.10617,
    "ndcg_at_1": 0.12371,
    "ndcg_at_10": 0.15856,
    "ndcg_at_100": 0.21664,
    "ndcg_at_3": 0.12675,
    "ndcg_at_5": 0.14977,
    "precision_at_1": 0.12371,
    "precision_at_10": 0.05773,
    "precision_at_100": 0.01196,
    "precision_at_3": 0.09966,
    "precision_at_5": 0.09278,
    "recall_at_1": 0.0471,
    "recall_at_10": 0.20258,
    "recall_at_100": 0.41055,
    "recall_at_3": 0.11541,
    "recall_at_5": 0.17583
  }
}