{
  "dataset_name": "PMC-Treatment",
  "evaluation_time": "0.03 minutes",
  "gar_llm": "qwen-72b",
  "gar_method": "query2doc",
  "retriever_name": "bge",
  "test": {
    "map_at_1": 0.142,
    "map_at_10": 0.20788,
    "map_at_100": 0.21798,
    "map_at_3": 0.18739,
    "map_at_5": 0.19603,
    "ndcg_at_1": 0.23333,
    "ndcg_at_10": 0.25848,
    "ndcg_at_100": 0.30657,
    "ndcg_at_3": 0.22718,
    "ndcg_at_5": 0.23193,
    "precision_at_1": 0.23333,
    "precision_at_10": 0.05867,
    "precision_at_100": 0.0102,
    "precision_at_3": 0.12889,
    "precision_at_5": 0.08933,
    "recall_at_1": 0.142,
    "recall_at_10": 0.32556,
    "recall_at_100": 0.51122,
    "recall_at_3": 0.23044,
    "recall_at_5": 0.25533
  }
}