{
  "dataset_name": "PMC-Clinical",
  "evaluation_time": "0.06 minutes",
  "gar_llm": "qwen-72b",
  "gar_method": "query2doc",
  "retriever_name": "bge",
  "test": {
    "map_at_1": 0.09576,
    "map_at_10": 0.18064,
    "map_at_100": 0.19691,
    "map_at_3": 0.14145,
    "map_at_5": 0.16257,
    "ndcg_at_1": 0.2193,
    "ndcg_at_10": 0.24391,
    "ndcg_at_100": 0.31709,
    "ndcg_at_3": 0.18337,
    "ndcg_at_5": 0.20875,
    "precision_at_1": 0.2193,
    "precision_at_10": 0.06842,
    "precision_at_100": 0.0136,
    "precision_at_3": 0.13158,
    "precision_at_5": 0.10175,
    "recall_at_1": 0.09576,
    "recall_at_10": 0.32237,
    "recall_at_100": 0.61184,
    "recall_at_3": 0.17763,
    "recall_at_5": 0.23465
  }
}