{
  "dataset_name": "Bioinformatics",
  "evaluation_time": "0.25 minutes",
  "gar_llm": "qwen-7b",
  "gar_method": "lamer",
  "retriever_name": "bm25",
  "test": {
    "MAP@1": 0.10629,
    "MAP@10": 0.27457,
    "MAP@100": 0.30085,
    "MAP@25": 0.29259,
    "MAP@50": 0.29777,
    "MRR": 0.34994,
    "NDCG@1": 0.20779,
    "NDCG@10": 0.3518,
    "NDCG@100": 0.4377,
    "NDCG@25": 0.39573,
    "NDCG@50": 0.41589,
    "P@1": 0.20779,
    "P@10": 0.11429,
    "P@100": 0.02117,
    "P@25": 0.06078,
    "P@50": 0.03584,
    "Recall@1": 0.10629,
    "Recall@10": 0.49031,
    "Recall@100": 0.78814,
    "Recall@25": 0.62205,
    "Recall@50": 0.69035
  }
}