{
  "dataset_name": "Biology",
  "evaluation_time": "0.21 minutes",
  "gar_llm": "qwen-7b",
  "gar_method": "lamer",
  "retriever_name": "bm25",
  "test": {
    "MAP@1": 0.10406,
    "MAP@10": 0.2795,
    "MAP@100": 0.3098,
    "MAP@25": 0.30176,
    "MAP@50": 0.30711,
    "MRR": 0.45065,
    "NDCG@1": 0.34951,
    "NDCG@10": 0.36702,
    "NDCG@100": 0.45315,
    "NDCG@25": 0.41229,
    "NDCG@50": 0.43589,
    "P@1": 0.34951,
    "P@10": 0.15825,
    "P@100": 0.02631,
    "P@25": 0.08466,
    "P@50": 0.04757,
    "Recall@1": 0.10406,
    "Recall@10": 0.42955,
    "Recall@100": 0.72193,
    "Recall@25": 0.55784,
    "Recall@50": 0.64848
  }
}