{
  "dataset_name": "IIYi-Clinical",
  "evaluation_time": "0.34 minutes",
  "gar_llm": "qwen-7b",
  "gar_method": "lamer",
  "retriever_name": "bm25",
  "test": {
    "MAP@1": 0.05607,
    "MAP@10": 0.08448,
    "MAP@100": 0.09991,
    "MAP@25": 0.09293,
    "MAP@50": 0.09695,
    "MRR": 0.2097,
    "NDCG@1": 0.15504,
    "NDCG@10": 0.12547,
    "NDCG@100": 0.2075,
    "NDCG@25": 0.15753,
    "NDCG@50": 0.18194,
    "P@1": 0.15504,
    "P@10": 0.04496,
    "P@100": 0.01473,
    "P@25": 0.03101,
    "P@50": 0.02202,
    "Recall@1": 0.05607,
    "Recall@10": 0.13928,
    "Recall@100": 0.42739,
    "Recall@25": 0.22817,
    "Recall@50": 0.31615
  }
}