{
  "dataset_name": "Medical-Sciences",
  "evaluation_time": "0.17 minutes",
  "gar_llm": "qwen-7b",
  "gar_method": "lamer",
  "retriever_name": "bm25",
  "test": {
    "MAP@1": 0.23695,
    "MAP@10": 0.33988,
    "MAP@100": 0.36266,
    "MAP@25": 0.35587,
    "MAP@50": 0.35976,
    "MRR": 0.43748,
    "NDCG@1": 0.34091,
    "NDCG@10": 0.39667,
    "NDCG@100": 0.47776,
    "NDCG@25": 0.43732,
    "NDCG@50": 0.45744,
    "P@1": 0.34091,
    "P@10": 0.10114,
    "P@100": 0.01875,
    "P@25": 0.05545,
    "P@50": 0.03159,
    "Recall@1": 0.23695,
    "Recall@10": 0.46541,
    "Recall@100": 0.75199,
    "Recall@25": 0.5839,
    "Recall@50": 0.66469
  }
}