{
  "dataset_name": "MedQA-Diag",
  "evaluation_time": "0.38 minutes",
  "gar_llm": "qwen-7b",
  "gar_method": "lamer",
  "retriever_name": "bm25",
  "test": {
    "MAP@1": 0.02339,
    "MAP@10": 0.06159,
    "MAP@100": 0.07636,
    "MAP@25": 0.07054,
    "MAP@50": 0.07448,
    "MRR": 0.14549,
    "NDCG@1": 0.07627,
    "NDCG@10": 0.09395,
    "NDCG@100": 0.15829,
    "NDCG@25": 0.12569,
    "NDCG@50": 0.1439,
    "P@1": 0.07627,
    "P@10": 0.04746,
    "P@100": 0.01322,
    "P@25": 0.0322,
    "P@50": 0.02119,
    "Recall@1": 0.02339,
    "Recall@10": 0.11392,
    "Recall@100": 0.32049,
    "Recall@25": 0.20172,
    "Recall@50": 0.26462
  }
}