{
  "dataset_name": "MedXpertQA-Exam",
  "evaluation_time": "0.37 minutes",
  "gar_llm": "qwen-7b",
  "gar_method": "lamer",
  "retriever_name": "bm25",
  "test": {
    "MAP@1": 0.01409,
    "MAP@10": 0.02752,
    "MAP@100": 0.03696,
    "MAP@25": 0.03355,
    "MAP@50": 0.03577,
    "MRR": 0.06763,
    "NDCG@1": 0.03093,
    "NDCG@10": 0.04602,
    "NDCG@100": 0.09044,
    "NDCG@25": 0.06611,
    "NDCG@50": 0.07735,
    "P@1": 0.03093,
    "P@10": 0.01856,
    "P@100": 0.0067,
    "P@25": 0.01402,
    "P@50": 0.00969,
    "Recall@1": 0.01409,
    "Recall@10": 0.06818,
    "Recall@100": 0.23236,
    "Recall@25": 0.13283,
    "Recall@50": 0.17392
  }
}