{
  "dataset_name": "PMC-Clinical",
  "evaluation_time": "0.89 minutes",
  "gar_llm": "qwen-7b",
  "gar_method": "lamer",
  "retriever_name": "bm25",
  "test": {
    "MAP@1": 0.1345,
    "MAP@10": 0.23364,
    "MAP@100": 0.25041,
    "MAP@25": 0.24301,
    "MAP@50": 0.24739,
    "MRR": 0.34478,
    "NDCG@1": 0.25439,
    "NDCG@10": 0.29508,
    "NDCG@100": 0.36917,
    "NDCG@25": 0.32269,
    "NDCG@50": 0.34598,
    "P@1": 0.25439,
    "P@10": 0.07895,
    "P@100": 0.01482,
    "P@25": 0.04,
    "P@50": 0.02474,
    "Recall@1": 0.1345,
    "Recall@10": 0.36842,
    "Recall@100": 0.66667,
    "Recall@25": 0.45833,
    "Recall@50": 0.55117
  }
}