{
  "dataset_name": "PMC-Treatment",
  "evaluation_time": "0.19 minutes",
  "gar_llm": "qwen-7b",
  "gar_method": "lamer",
  "retriever_name": "bm25",
  "test": {
    "MAP@1": 0.21211,
    "MAP@10": 0.29583,
    "MAP@100": 0.31295,
    "MAP@25": 0.30634,
    "MAP@50": 0.31058,
    "MRR": 0.41206,
    "NDCG@1": 0.33333,
    "NDCG@10": 0.3492,
    "NDCG@100": 0.42287,
    "NDCG@25": 0.38258,
    "NDCG@50": 0.40306,
    "P@1": 0.33333,
    "P@10": 0.07867,
    "P@100": 0.01433,
    "P@25": 0.04133,
    "P@50": 0.02427,
    "Recall@1": 0.21211,
    "Recall@10": 0.40078,
    "Recall@100": 0.69467,
    "Recall@25": 0.50967,
    "Recall@50": 0.59756
  }
}