{
  "dataset_name": "Bioinformatics",
  "evaluation_time": "0.71 minutes",
  "gar_llm": "gpt4",
  "gar_method": "hyde",
  "retriever_name": "bge",
  "test": {
    "map_at_1": 0.1182,
    "map_at_10": 0.2487,
    "map_at_100": 0.27788,
    "map_at_3": 0.18759,
    "map_at_5": 0.22751,
    "ndcg_at_1": 0.23377,
    "ndcg_at_10": 0.32973,
    "ndcg_at_100": 0.42528,
    "ndcg_at_3": 0.26063,
    "ndcg_at_5": 0.3048,
    "precision_at_1": 0.23377,
    "precision_at_10": 0.11299,
    "precision_at_100": 0.02208,
    "precision_at_3": 0.18182,
    "precision_at_5": 0.16883,
    "recall_at_1": 0.1182,
    "recall_at_10": 0.4304,
    "recall_at_100": 0.75235,
    "recall_at_3": 0.25198,
    "recall_at_5": 0.36489
  }
}