{
  "dataset_name": "IIYi-Clinical",
  "evaluation_time": "0.3 minutes",
  "gar_llm": "gpt4",
  "gar_method": "hyde",
  "retriever_name": "bge",
  "test": {
    "map_at_1": 0.04083,
    "map_at_10": 0.10234,
    "map_at_100": 0.13223,
    "map_at_3": 0.07203,
    "map_at_5": 0.08766,
    "ndcg_at_1": 0.13953,
    "ndcg_at_10": 0.16847,
    "ndcg_at_100": 0.28467,
    "ndcg_at_3": 0.13139,
    "ndcg_at_5": 0.13821,
    "precision_at_1": 0.13953,
    "precision_at_10": 0.07674,
    "precision_at_100": 0.02163,
    "precision_at_3": 0.11628,
    "precision_at_5": 0.09922,
    "recall_at_1": 0.04083,
    "recall_at_10": 0.20956,
    "recall_at_100": 0.6009,
    "recall_at_3": 0.10142,
    "recall_at_5": 0.14328
  }
}