{
  "dataset_name": "Medical-Sciences",
  "evaluation_time": "0.43 minutes",
  "gar_llm": "gpt4",
  "gar_method": "hyde",
  "retriever_name": "bge",
  "test": {
    "map_at_1": 0.14878,
    "map_at_10": 0.31867,
    "map_at_100": 0.34607,
    "map_at_3": 0.25843,
    "map_at_5": 0.28875,
    "ndcg_at_1": 0.26136,
    "ndcg_at_10": 0.41288,
    "ndcg_at_100": 0.5019,
    "ndcg_at_3": 0.34123,
    "ndcg_at_5": 0.36804,
    "precision_at_1": 0.26136,
    "precision_at_10": 0.12955,
    "precision_at_100": 0.0225,
    "precision_at_3": 0.23485,
    "precision_at_5": 0.19091,
    "recall_at_1": 0.14878,
    "recall_at_10": 0.54594,
    "recall_at_100": 0.84861,
    "recall_at_3": 0.3586,
    "recall_at_5": 0.42445
  }
}