{
  "dataset_name": "PMC-Treatment",
  "evaluation_time": "0.37 minutes",
  "gar_llm": "gpt4",
  "gar_method": "hyde",
  "retriever_name": "bge",
  "test": {
    "map_at_1": 0.28589,
    "map_at_10": 0.38618,
    "map_at_100": 0.3961,
    "map_at_3": 0.35019,
    "map_at_5": 0.37001,
    "ndcg_at_1": 0.48,
    "ndcg_at_10": 0.45433,
    "ndcg_at_100": 0.50084,
    "ndcg_at_3": 0.41164,
    "ndcg_at_5": 0.42341,
    "precision_at_1": 0.48,
    "precision_at_10": 0.10067,
    "precision_at_100": 0.01433,
    "precision_at_3": 0.23333,
    "precision_at_5": 0.168,
    "recall_at_1": 0.28589,
    "recall_at_10": 0.51389,
    "recall_at_100": 0.707,
    "recall_at_3": 0.38,
    "recall_at_5": 0.43389
  }
}