{
  "dataset_name": "Bioinformatics",
  "evaluation_time": "37.61 minutes",
  "model_name": "openai",
  "test": {
    "map_at_1": 0.15373,
    "map_at_10": 0.31889,
    "map_at_100": 0.35541,
    "map_at_3": 0.25526,
    "map_at_5": 0.2994,
    "ndcg_at_1": 0.31169,
    "ndcg_at_10": 0.40514,
    "ndcg_at_100": 0.50733,
    "ndcg_at_3": 0.34648,
    "ndcg_at_5": 0.37974,
    "precision_at_1": 0.31169,
    "precision_at_10": 0.13117,
    "precision_at_100": 0.02519,
    "precision_at_3": 0.24242,
    "precision_at_5": 0.20779,
    "recall_at_1": 0.15373,
    "recall_at_10": 0.51739,
    "recall_at_100": 0.84709,
    "recall_at_3": 0.32938,
    "recall_at_5": 0.43989
  }
}