{
  "dataset_name": "Biology",
  "evaluation_time": "71.68 minutes",
  "model_name": "openai",
  "test": {
    "map_at_1": 0.05896,
    "map_at_10": 0.16335,
    "map_at_100": 0.19316,
    "map_at_3": 0.10811,
    "map_at_5": 0.13307,
    "ndcg_at_1": 0.24272,
    "ndcg_at_10": 0.23816,
    "ndcg_at_100": 0.34034,
    "ndcg_at_3": 0.19605,
    "ndcg_at_5": 0.2049,
    "precision_at_1": 0.24272,
    "precision_at_10": 0.11262,
    "precision_at_100": 0.02437,
    "precision_at_3": 0.16828,
    "precision_at_5": 0.14757,
    "recall_at_1": 0.05896,
    "recall_at_10": 0.28594,
    "recall_at_100": 0.64596,
    "recall_at_3": 0.13104,
    "recall_at_5": 0.18673
  }
}