{
  "dataset_name": "Medical-Sciences",
  "evaluation_time": "25.6 minutes",
  "model_name": "openai",
  "test": {
    "map_at_1": 0.19092,
    "map_at_10": 0.34857,
    "map_at_100": 0.37971,
    "map_at_3": 0.29164,
    "map_at_5": 0.31935,
    "ndcg_at_1": 0.32955,
    "ndcg_at_10": 0.44051,
    "ndcg_at_100": 0.53206,
    "ndcg_at_3": 0.37122,
    "ndcg_at_5": 0.38943,
    "precision_at_1": 0.32955,
    "precision_at_10": 0.13636,
    "precision_at_100": 0.02375,
    "precision_at_3": 0.25,
    "precision_at_5": 0.19318,
    "recall_at_1": 0.19092,
    "recall_at_10": 0.56384,
    "recall_at_100": 0.86833,
    "recall_at_3": 0.36238,
    "recall_at_5": 0.42796
  }
}