{
  "dataset_name": "MedQA-Diag",
  "evaluation_time": "42.89 minutes",
  "model_name": "openai",
  "test": {
    "map_at_1": 0.02969,
    "map_at_10": 0.09173,
    "map_at_100": 0.11472,
    "map_at_3": 0.05508,
    "map_at_5": 0.07296,
    "ndcg_at_1": 0.12712,
    "ndcg_at_10": 0.15012,
    "ndcg_at_100": 0.24177,
    "ndcg_at_3": 0.11026,
    "ndcg_at_5": 0.11697,
    "precision_at_1": 0.12712,
    "precision_at_10": 0.07797,
    "precision_at_100": 0.02059,
    "precision_at_3": 0.10169,
    "precision_at_5": 0.09492,
    "recall_at_1": 0.02969,
    "recall_at_10": 0.19836,
    "recall_at_100": 0.49658,
    "recall_at_3": 0.07033,
    "recall_at_5": 0.11082
  }
}