{
  "dataset_name": "PMC-Treatment",
  "evaluation_time": "20.51 minutes",
  "model_name": "openai",
  "test": {
    "map_at_1": 0.28089,
    "map_at_10": 0.40131,
    "map_at_100": 0.41461,
    "map_at_3": 0.35913,
    "map_at_5": 0.38365,
    "ndcg_at_1": 0.45333,
    "ndcg_at_10": 0.47431,
    "ndcg_at_100": 0.52494,
    "ndcg_at_3": 0.42267,
    "ndcg_at_5": 0.43955,
    "precision_at_1": 0.45333,
    "precision_at_10": 0.10867,
    "precision_at_100": 0.01533,
    "precision_at_3": 0.25556,
    "precision_at_5": 0.18133,
    "recall_at_1": 0.28089,
    "recall_at_10": 0.55767,
    "recall_at_100": 0.762,
    "recall_at_3": 0.40144,
    "recall_at_5": 0.46744
  }
}