{
  "dataset_name": "PMC-Clinical",
  "evaluation_time": "78.83 minutes",
  "model_name": "openai",
  "test": {
    "map_at_1": 0.1155,
    "map_at_10": 0.2124,
    "map_at_100": 0.23157,
    "map_at_3": 0.17032,
    "map_at_5": 0.19857,
    "ndcg_at_1": 0.21053,
    "ndcg_at_10": 0.28873,
    "ndcg_at_100": 0.36642,
    "ndcg_at_3": 0.21449,
    "ndcg_at_5": 0.25902,
    "precision_at_1": 0.21053,
    "precision_at_10": 0.07719,
    "precision_at_100": 0.01465,
    "precision_at_3": 0.1462,
    "precision_at_5": 0.12456,
    "recall_at_1": 0.1155,
    "recall_at_10": 0.39912,
    "recall_at_100": 0.70029,
    "recall_at_3": 0.22442,
    "recall_at_5": 0.32237
  }
}