{
  "dataset_name": "Bioinformatics",
  "evaluation_time": "0.04 minutes",
  "gar_llm": "qwen-72b",
  "gar_method": "hyde",
  "retriever_name": "bge",
  "test": {
    "map_at_1": 0.14147,
    "map_at_10": 0.25507,
    "map_at_100": 0.28285,
    "map_at_3": 0.19956,
    "map_at_5": 0.23539,
    "ndcg_at_1": 0.28571,
    "ndcg_at_10": 0.33958,
    "ndcg_at_100": 0.42704,
    "ndcg_at_3": 0.27897,
    "ndcg_at_5": 0.31304,
    "precision_at_1": 0.28571,
    "precision_at_10": 0.10909,
    "precision_at_100": 0.0213,
    "precision_at_3": 0.19481,
    "precision_at_5": 0.17143,
    "recall_at_1": 0.14147,
    "recall_at_10": 0.43568,
    "recall_at_100": 0.72293,
    "recall_at_3": 0.25059,
    "recall_at_5": 0.3519
  }
}