{
  "dataset_name": "Biology",
  "evaluation_time": "0.15 minutes",
  "gar_llm": "qwen-72b",
  "gar_method": "hyde",
  "retriever_name": "bge",
  "test": {
    "map_at_1": 0.0564,
    "map_at_10": 0.1412,
    "map_at_100": 0.16734,
    "map_at_3": 0.10395,
    "map_at_5": 0.12237,
    "ndcg_at_1": 0.2233,
    "ndcg_at_10": 0.21647,
    "ndcg_at_100": 0.30394,
    "ndcg_at_3": 0.1831,
    "ndcg_at_5": 0.19041,
    "precision_at_1": 0.2233,
    "precision_at_10": 0.09806,
    "precision_at_100": 0.02087,
    "precision_at_3": 0.15858,
    "precision_at_5": 0.13398,
    "recall_at_1": 0.0564,
    "recall_at_10": 0.26102,
    "recall_at_100": 0.56199,
    "recall_at_3": 0.14017,
    "recall_at_5": 0.179
  }
}