{
  "dataset_name": "Medical-Sciences",
  "evaluation_time": "0.03 minutes",
  "gar_llm": "qwen-72b",
  "gar_method": "hyde",
  "retriever_name": "bge",
  "test": {
    "map_at_1": 0.14168,
    "map_at_10": 0.31035,
    "map_at_100": 0.33525,
    "map_at_3": 0.24586,
    "map_at_5": 0.28142,
    "ndcg_at_1": 0.26136,
    "ndcg_at_10": 0.41156,
    "ndcg_at_100": 0.4926,
    "ndcg_at_3": 0.32306,
    "ndcg_at_5": 0.36248,
    "precision_at_1": 0.26136,
    "precision_at_10": 0.12727,
    "precision_at_100": 0.02227,
    "precision_at_3": 0.22727,
    "precision_at_5": 0.18409,
    "recall_at_1": 0.14168,
    "recall_at_10": 0.56316,
    "recall_at_100": 0.83566,
    "recall_at_3": 0.33321,
    "recall_at_5": 0.4373
  }
}