{
  "dataset_name": "MedQA-Diag",
  "evaluation_time": "0.05 minutes",
  "gar_llm": "qwen-72b",
  "gar_method": "hyde",
  "retriever_name": "bge",
  "test": {
    "map_at_1": 0.05538,
    "map_at_10": 0.14034,
    "map_at_100": 0.1597,
    "map_at_3": 0.09865,
    "map_at_5": 0.11946,
    "ndcg_at_1": 0.16102,
    "ndcg_at_10": 0.19822,
    "ndcg_at_100": 0.27149,
    "ndcg_at_3": 0.16951,
    "ndcg_at_5": 0.17307,
    "precision_at_1": 0.16102,
    "precision_at_10": 0.09322,
    "precision_at_100": 0.01941,
    "precision_at_3": 0.15254,
    "precision_at_5": 0.12542,
    "recall_at_1": 0.05538,
    "recall_at_10": 0.23754,
    "recall_at_100": 0.478,
    "recall_at_3": 0.12575,
    "recall_at_5": 0.1685
  }
}