{
  "dataset_name": "PMC-Clinical",
  "evaluation_time": "0.06 minutes",
  "gar_llm": "qwen-72b",
  "gar_method": "hyde",
  "retriever_name": "bge",
  "test": {
    "map_at_1": 0.08772,
    "map_at_10": 0.15687,
    "map_at_100": 0.17807,
    "map_at_3": 0.12378,
    "map_at_5": 0.14023,
    "ndcg_at_1": 0.17544,
    "ndcg_at_10": 0.21669,
    "ndcg_at_100": 0.3031,
    "ndcg_at_3": 0.15903,
    "ndcg_at_5": 0.18026,
    "precision_at_1": 0.17544,
    "precision_at_10": 0.06316,
    "precision_at_100": 0.01377,
    "precision_at_3": 0.11111,
    "precision_at_5": 0.08421,
    "recall_at_1": 0.08772,
    "recall_at_10": 0.29678,
    "recall_at_100": 0.62354,
    "recall_at_3": 0.15789,
    "recall_at_5": 0.20833
  }
}