{
  "dataset_name": "PMC-Treatment",
  "evaluation_time": "0.03 minutes",
  "gar_llm": "qwen-72b",
  "gar_method": "hyde",
  "retriever_name": "bge",
  "test": {
    "map_at_1": 0.244,
    "map_at_10": 0.36846,
    "map_at_100": 0.37888,
    "map_at_3": 0.33106,
    "map_at_5": 0.34914,
    "ndcg_at_1": 0.41333,
    "ndcg_at_10": 0.44026,
    "ndcg_at_100": 0.48463,
    "ndcg_at_3": 0.3931,
    "ndcg_at_5": 0.4054,
    "precision_at_1": 0.41333,
    "precision_at_10": 0.10267,
    "precision_at_100": 0.01413,
    "precision_at_3": 0.22889,
    "precision_at_5": 0.16667,
    "recall_at_1": 0.244,
    "recall_at_10": 0.51922,
    "recall_at_100": 0.69733,
    "recall_at_3": 0.38422,
    "recall_at_5": 0.43278
  }
}