{
  "dataset_name": "Bioinformatics",
  "evaluation_time": "0.03 minutes",
  "gar_llm": "gpt4",
  "gar_method": "query2doc",
  "retriever_name": "bge",
  "test": {
    "map_at_1": 0.15476,
    "map_at_10": 0.30898,
    "map_at_100": 0.3356,
    "map_at_3": 0.23401,
    "map_at_5": 0.27647,
    "ndcg_at_1": 0.31169,
    "ndcg_at_10": 0.40196,
    "ndcg_at_100": 0.48469,
    "ndcg_at_3": 0.31083,
    "ndcg_at_5": 0.35328,
    "precision_at_1": 0.31169,
    "precision_at_10": 0.13117,
    "precision_at_100": 0.02338,
    "precision_at_3": 0.20346,
    "precision_at_5": 0.18182,
    "recall_at_1": 0.15476,
    "recall_at_10": 0.52424,
    "recall_at_100": 0.79958,
    "recall_at_3": 0.28878,
    "recall_at_5": 0.39898
  }
}