{
  "dataset_name": "Biology",
  "evaluation_time": "0.14 minutes",
  "gar_llm": "gpt4",
  "gar_method": "query2doc",
  "retriever_name": "bge",
  "test": {
    "map_at_1": 0.10527,
    "map_at_10": 0.24613,
    "map_at_100": 0.27191,
    "map_at_3": 0.18962,
    "map_at_5": 0.22077,
    "ndcg_at_1": 0.33981,
    "ndcg_at_10": 0.33229,
    "ndcg_at_100": 0.41635,
    "ndcg_at_3": 0.29129,
    "ndcg_at_5": 0.3028,
    "precision_at_1": 0.33981,
    "precision_at_10": 0.13786,
    "precision_at_100": 0.02534,
    "precision_at_3": 0.24919,
    "precision_at_5": 0.20194,
    "recall_at_1": 0.10527,
    "recall_at_10": 0.3867,
    "recall_at_100": 0.67423,
    "recall_at_3": 0.21689,
    "recall_at_5": 0.28837
  }
}