{
  "dataset_name": "IIYi-Clinical",
  "evaluation_time": "0.03 minutes",
  "gar_llm": "gpt4",
  "gar_method": "query2doc",
  "retriever_name": "bge",
  "test": {
    "map_at_1": 0.0376,
    "map_at_10": 0.08985,
    "map_at_100": 0.12085,
    "map_at_3": 0.06936,
    "map_at_5": 0.07849,
    "ndcg_at_1": 0.13178,
    "ndcg_at_10": 0.14845,
    "ndcg_at_100": 0.273,
    "ndcg_at_3": 0.12769,
    "ndcg_at_5": 0.12211,
    "precision_at_1": 0.13178,
    "precision_at_10": 0.06744,
    "precision_at_100": 0.02155,
    "precision_at_3": 0.12145,
    "precision_at_5": 0.09147,
    "recall_at_1": 0.0376,
    "recall_at_10": 0.1792,
    "recall_at_100": 0.59961,
    "recall_at_3": 0.09612,
    "recall_at_5": 0.1168
  }
}