{
  "dataset_name": "Medical-Sciences",
  "evaluation_time": "0.03 minutes",
  "gar_llm": "gpt4",
  "gar_method": "query2doc",
  "retriever_name": "bge",
  "test": {
    "map_at_1": 0.20306,
    "map_at_10": 0.35859,
    "map_at_100": 0.38944,
    "map_at_3": 0.29829,
    "map_at_5": 0.33287,
    "ndcg_at_1": 0.36364,
    "ndcg_at_10": 0.44922,
    "ndcg_at_100": 0.54456,
    "ndcg_at_3": 0.37865,
    "ndcg_at_5": 0.41367,
    "precision_at_1": 0.36364,
    "precision_at_10": 0.13295,
    "precision_at_100": 0.02307,
    "precision_at_3": 0.24242,
    "precision_at_5": 0.20227,
    "recall_at_1": 0.20306,
    "recall_at_10": 0.55162,
    "recall_at_100": 0.87312,
    "recall_at_3": 0.37592,
    "recall_at_5": 0.46052
  }
}