{
  "dataset_name": "MedQA-Diag",
  "evaluation_time": "0.04 minutes",
  "gar_llm": "gpt4",
  "gar_method": "query2doc",
  "retriever_name": "bge",
  "test": {
    "map_at_1": 0.11232,
    "map_at_10": 0.29881,
    "map_at_100": 0.33365,
    "map_at_3": 0.21458,
    "map_at_5": 0.2544,
    "ndcg_at_1": 0.41525,
    "ndcg_at_10": 0.3796,
    "ndcg_at_100": 0.47212,
    "ndcg_at_3": 0.36294,
    "ndcg_at_5": 0.35027,
    "precision_at_1": 0.41525,
    "precision_at_10": 0.18136,
    "precision_at_100": 0.03042,
    "precision_at_3": 0.32203,
    "precision_at_5": 0.25763,
    "recall_at_1": 0.11232,
    "recall_at_10": 0.40802,
    "recall_at_100": 0.69043,
    "recall_at_3": 0.23778,
    "recall_at_5": 0.30195
  }
}