{
  "dataset_name": "MedXpertQA-Exam",
  "evaluation_time": "0.04 minutes",
  "gar_llm": "gpt4",
  "gar_method": "query2doc",
  "retriever_name": "bge",
  "test": {
    "map_at_1": 0.07099,
    "map_at_10": 0.13802,
    "map_at_100": 0.15613,
    "map_at_3": 0.11221,
    "map_at_5": 0.12337,
    "ndcg_at_1": 0.17526,
    "ndcg_at_10": 0.19143,
    "ndcg_at_100": 0.26115,
    "ndcg_at_3": 0.16031,
    "ndcg_at_5": 0.16363,
    "precision_at_1": 0.17526,
    "precision_at_10": 0.06495,
    "precision_at_100": 0.01402,
    "precision_at_3": 0.11684,
    "precision_at_5": 0.09072,
    "recall_at_1": 0.07099,
    "recall_at_10": 0.24579,
    "recall_at_100": 0.48195,
    "recall_at_3": 0.14163,
    "recall_at_5": 0.17018
  }
}