{
  "dataset_name": "PMC-Treatment",
  "evaluation_time": "0.03 minutes",
  "gar_llm": "gpt4",
  "gar_method": "query2doc",
  "retriever_name": "bge",
  "test": {
    "map_at_1": 0.18956,
    "map_at_10": 0.24494,
    "map_at_100": 0.25523,
    "map_at_3": 0.22494,
    "map_at_5": 0.2359,
    "ndcg_at_1": 0.28667,
    "ndcg_at_10": 0.29162,
    "ndcg_at_100": 0.33857,
    "ndcg_at_3": 0.2611,
    "ndcg_at_5": 0.2698,
    "precision_at_1": 0.28667,
    "precision_at_10": 0.062,
    "precision_at_100": 0.0104,
    "precision_at_3": 0.13778,
    "precision_at_5": 0.09867,
    "recall_at_1": 0.18956,
    "recall_at_10": 0.33811,
    "recall_at_100": 0.522,
    "recall_at_3": 0.25467,
    "recall_at_5": 0.28389
  }
}