{
  "dataset_name": "PMC-Clinical",
  "evaluation_time": "0.06 minutes",
  "gar_llm": "gpt4",
  "gar_method": "query2doc",
  "retriever_name": "bge",
  "test": {
    "map_at_1": 0.10088,
    "map_at_10": 0.19844,
    "map_at_100": 0.21507,
    "map_at_3": 0.16131,
    "map_at_5": 0.18283,
    "ndcg_at_1": 0.2193,
    "ndcg_at_10": 0.26308,
    "ndcg_at_100": 0.33747,
    "ndcg_at_3": 0.20879,
    "ndcg_at_5": 0.23326,
    "precision_at_1": 0.2193,
    "precision_at_10": 0.07719,
    "precision_at_100": 0.01404,
    "precision_at_3": 0.15205,
    "precision_at_5": 0.1193,
    "recall_at_1": 0.10088,
    "recall_at_10": 0.33626,
    "recall_at_100": 0.63816,
    "recall_at_3": 0.21345,
    "recall_at_5": 0.26535
  }
}