{
  "dataset_name": "Bioinformatics",
  "evaluation_time": "0.26 minutes",
  "gar_llm": "qwen-32b",
  "gar_method": "hyde",
  "retriever_name": "bm25",
  "test": {
    "MAP@1": 0.1378,
    "MAP@10": 0.29936,
    "MAP@100": 0.32526,
    "MAP@25": 0.31333,
    "MAP@50": 0.32094,
    "MRR": 0.42177,
    "NDCG@1": 0.27273,
    "NDCG@10": 0.39199,
    "NDCG@100": 0.48424,
    "NDCG@25": 0.43047,
    "NDCG@50": 0.45953,
    "P@1": 0.27273,
    "P@10": 0.12597,
    "P@100": 0.02429,
    "P@25": 0.06597,
    "P@50": 0.04078,
    "Recall@1": 0.1378,
    "Recall@10": 0.53131,
    "Recall@100": 0.84643,
    "Recall@25": 0.64062,
    "Recall@50": 0.74221
  }
}