{
  "dataset_name": "Biology",
  "evaluation_time": "0.21 minutes",
  "gar_llm": "qwen-32b",
  "gar_method": "hyde",
  "retriever_name": "bm25",
  "test": {
    "MAP@1": 0.19361,
    "MAP@10": 0.43512,
    "MAP@100": 0.46831,
    "MAP@25": 0.45978,
    "MAP@50": 0.46638,
    "MRR": 0.63815,
    "NDCG@1": 0.5534,
    "NDCG@10": 0.52878,
    "NDCG@100": 0.61203,
    "NDCG@25": 0.57721,
    "NDCG@50": 0.59894,
    "P@1": 0.5534,
    "P@10": 0.20291,
    "P@100": 0.03097,
    "P@25": 0.10408,
    "P@50": 0.05806,
    "Recall@1": 0.19361,
    "Recall@10": 0.56934,
    "Recall@100": 0.84054,
    "Recall@25": 0.7094,
    "Recall@50": 0.78391
  }
}