{
  "dataset_name": "IIYi-Clinical",
  "evaluation_time": "0.34 minutes",
  "gar_llm": "qwen-32b",
  "gar_method": "hyde",
  "retriever_name": "bm25",
  "test": {
    "MAP@1": 0.03669,
    "MAP@10": 0.07843,
    "MAP@100": 0.09429,
    "MAP@25": 0.08725,
    "MAP@50": 0.09186,
    "MRR": 0.19223,
    "NDCG@1": 0.12403,
    "NDCG@10": 0.11813,
    "NDCG@100": 0.19424,
    "NDCG@25": 0.14817,
    "NDCG@50": 0.17227,
    "P@1": 0.12403,
    "P@10": 0.04806,
    "P@100": 0.01426,
    "P@25": 0.03101,
    "P@50": 0.02171,
    "Recall@1": 0.03669,
    "Recall@10": 0.13501,
    "Recall@100": 0.39806,
    "Recall@25": 0.22054,
    "Recall@50": 0.30685
  }
}