{
  "dataset_name": "Medical-Sciences",
  "evaluation_time": "0.18 minutes",
  "gar_llm": "qwen-32b",
  "gar_method": "hyde",
  "retriever_name": "bm25",
  "test": {
    "MAP@1": 0.23185,
    "MAP@10": 0.34391,
    "MAP@100": 0.37127,
    "MAP@25": 0.36335,
    "MAP@50": 0.36938,
    "MRR": 0.47293,
    "NDCG@1": 0.35227,
    "NDCG@10": 0.42424,
    "NDCG@100": 0.50771,
    "NDCG@25": 0.46588,
    "NDCG@50": 0.49057,
    "P@1": 0.35227,
    "P@10": 0.11705,
    "P@100": 0.02045,
    "P@25": 0.06364,
    "P@50": 0.03705,
    "Recall@1": 0.23185,
    "Recall@10": 0.5205,
    "Recall@100": 0.81834,
    "Recall@25": 0.63448,
    "Recall@50": 0.73111
  }
}