{
  "dataset_name": "MedQA-Diag",
  "evaluation_time": "0.38 minutes",
  "gar_llm": "qwen-32b",
  "gar_method": "hyde",
  "retriever_name": "bm25",
  "test": {
    "MAP@1": 0.08527,
    "MAP@10": 0.19123,
    "MAP@100": 0.21844,
    "MAP@25": 0.21039,
    "MAP@50": 0.21575,
    "MRR": 0.34992,
    "NDCG@1": 0.27966,
    "NDCG@10": 0.25869,
    "NDCG@100": 0.34601,
    "NDCG@25": 0.30683,
    "NDCG@50": 0.32933,
    "P@1": 0.27966,
    "P@10": 0.11525,
    "P@100": 0.02339,
    "P@25": 0.06847,
    "P@50": 0.04068,
    "Recall@1": 0.08527,
    "Recall@10": 0.29575,
    "Recall@100": 0.56016,
    "Recall@25": 0.42209,
    "Recall@50": 0.4977
  }
}