{
  "dataset_name": "MedXpertQA-Exam",
  "evaluation_time": "0.36 minutes",
  "gar_llm": "qwen-32b",
  "gar_method": "hyde",
  "retriever_name": "bm25",
  "test": {
    "MAP@1": 0.06755,
    "MAP@10": 0.12043,
    "MAP@100": 0.14236,
    "MAP@25": 0.13413,
    "MAP@50": 0.13964,
    "MRR": 0.23522,
    "NDCG@1": 0.15464,
    "NDCG@10": 0.16799,
    "NDCG@100": 0.25139,
    "NDCG@25": 0.2074,
    "NDCG@50": 0.23208,
    "P@1": 0.15464,
    "P@10": 0.04948,
    "P@100": 0.01423,
    "P@25": 0.03423,
    "P@50": 0.0233,
    "Recall@1": 0.06755,
    "Recall@10": 0.21048,
    "Recall@100": 0.50103,
    "Recall@25": 0.32625,
    "Recall@50": 0.41329
  }
}