{
  "dataset_name": "PMC-Treatment",
  "evaluation_time": "0.19 minutes",
  "gar_llm": "qwen-32b",
  "gar_method": "hyde",
  "retriever_name": "bm25",
  "test": {
    "MAP@1": 0.18011,
    "MAP@10": 0.26473,
    "MAP@100": 0.27987,
    "MAP@25": 0.27523,
    "MAP@50": 0.278,
    "MRR": 0.39052,
    "NDCG@1": 0.28667,
    "NDCG@10": 0.33265,
    "NDCG@100": 0.39354,
    "NDCG@25": 0.36222,
    "NDCG@50": 0.37753,
    "P@1": 0.28667,
    "P@10": 0.07467,
    "P@100": 0.01307,
    "P@25": 0.03947,
    "P@50": 0.02267,
    "Recall@1": 0.18011,
    "Recall@10": 0.42133,
    "Recall@100": 0.658,
    "Recall@25": 0.51422,
    "Recall@50": 0.576
  }
}