{
  "dataset_name": "PMC-Clinical",
  "evaluation_time": "0.91 minutes",
  "gar_llm": "qwen-32b",
  "gar_method": "hyde",
  "retriever_name": "bm25",
  "test": {
    "MAP@1": 0.12061,
    "MAP@10": 0.21146,
    "MAP@100": 0.23117,
    "MAP@25": 0.22397,
    "MAP@50": 0.22847,
    "MRR": 0.30103,
    "NDCG@1": 0.2193,
    "NDCG@10": 0.2672,
    "NDCG@100": 0.35553,
    "NDCG@25": 0.30852,
    "NDCG@50": 0.33401,
    "P@1": 0.2193,
    "P@10": 0.07368,
    "P@100": 0.01535,
    "P@25": 0.04246,
    "P@50": 0.02614,
    "Recall@1": 0.12061,
    "Recall@10": 0.34795,
    "Recall@100": 0.69225,
    "Recall@25": 0.47953,
    "Recall@50": 0.58406
  }
}