{
  "dataset_name": "Bioinformatics",
  "evaluation_time": "0.2 minutes",
  "gar_llm": "qwen-7b",
  "gar_method": "lamer",
  "retriever_name": "nv",
  "test": {
    "map_at_1": 0.19385,
    "map_at_10": 0.41307,
    "map_at_100": 0.44288,
    "map_at_3": 0.31632,
    "map_at_5": 0.38663,
    "ndcg_at_1": 0.33766,
    "ndcg_at_10": 0.50186,
    "ndcg_at_100": 0.58062,
    "ndcg_at_3": 0.4174,
    "ndcg_at_5": 0.47599,
    "precision_at_1": 0.33766,
    "precision_at_10": 0.16753,
    "precision_at_100": 0.02636,
    "precision_at_3": 0.2987,
    "precision_at_5": 0.26753,
    "recall_at_1": 0.19385,
    "recall_at_10": 0.63247,
    "recall_at_100": 0.88884,
    "recall_at_3": 0.40009,
    "recall_at_5": 0.55827
  }
}