{
  "dataset_name": "Biology",
  "evaluation_time": "0.19 minutes",
  "gar_llm": "qwen-7b",
  "gar_method": "lamer",
  "retriever_name": "nv",
  "test": {
    "map_at_1": 0.10422,
    "map_at_10": 0.26583,
    "map_at_100": 0.29941,
    "map_at_3": 0.19072,
    "map_at_5": 0.22613,
    "ndcg_at_1": 0.3301,
    "ndcg_at_10": 0.34263,
    "ndcg_at_100": 0.43549,
    "ndcg_at_3": 0.30155,
    "ndcg_at_5": 0.30918,
    "precision_at_1": 0.3301,
    "precision_at_10": 0.15146,
    "precision_at_100": 0.0266,
    "precision_at_3": 0.25243,
    "precision_at_5": 0.20971,
    "recall_at_1": 0.10422,
    "recall_at_10": 0.39122,
    "recall_at_100": 0.70447,
    "recall_at_3": 0.22034,
    "recall_at_5": 0.2888
  }
}