{
  "dataset_name": "IIYi-Clinical",
  "evaluation_time": "0.73 minutes",
  "gar_llm": "qwen-7b",
  "gar_method": "lamer",
  "retriever_name": "nv",
  "test": {
    "map_at_1": 0.0531,
    "map_at_10": 0.12421,
    "map_at_100": 0.15599,
    "map_at_3": 0.08773,
    "map_at_5": 0.10203,
    "ndcg_at_1": 0.13953,
    "ndcg_at_10": 0.19266,
    "ndcg_at_100": 0.3083,
    "ndcg_at_3": 0.13589,
    "ndcg_at_5": 0.14866,
    "precision_at_1": 0.13953,
    "precision_at_10": 0.08915,
    "precision_at_100": 0.02287,
    "precision_at_3": 0.11111,
    "precision_at_5": 0.10388,
    "recall_at_1": 0.0531,
    "recall_at_10": 0.25568,
    "recall_at_100": 0.63488,
    "recall_at_3": 0.11395,
    "recall_at_5": 0.15879
  }
}