{
  "dataset_name": "Medical-Sciences",
  "evaluation_time": "0.12 minutes",
  "gar_llm": "qwen-7b",
  "gar_method": "lamer",
  "retriever_name": "nv",
  "test": {
    "map_at_1": 0.23931,
    "map_at_10": 0.42007,
    "map_at_100": 0.44708,
    "map_at_3": 0.34075,
    "map_at_5": 0.37953,
    "ndcg_at_1": 0.42045,
    "ndcg_at_10": 0.5173,
    "ndcg_at_100": 0.60047,
    "ndcg_at_3": 0.42892,
    "ndcg_at_5": 0.46212,
    "precision_at_1": 0.42045,
    "precision_at_10": 0.15682,
    "precision_at_100": 0.02545,
    "precision_at_3": 0.2803,
    "precision_at_5": 0.225,
    "recall_at_1": 0.23931,
    "recall_at_10": 0.6585,
    "recall_at_100": 0.92903,
    "recall_at_3": 0.39981,
    "recall_at_5": 0.50726
  }
}