{
  "dataset_name": "MedQA-Diag",
  "evaluation_time": "0.22 minutes",
  "gar_llm": "qwen-7b",
  "gar_method": "lamer",
  "retriever_name": "nv",
  "test": {
    "map_at_1": 0.03779,
    "map_at_10": 0.12592,
    "map_at_100": 0.15394,
    "map_at_3": 0.08392,
    "map_at_5": 0.10799,
    "ndcg_at_1": 0.16102,
    "ndcg_at_10": 0.17635,
    "ndcg_at_100": 0.27591,
    "ndcg_at_3": 0.15339,
    "ndcg_at_5": 0.15789,
    "precision_at_1": 0.16102,
    "precision_at_10": 0.08729,
    "precision_at_100": 0.02229,
    "precision_at_3": 0.13842,
    "precision_at_5": 0.12203,
    "recall_at_1": 0.03779,
    "recall_at_10": 0.2066,
    "recall_at_100": 0.51922,
    "recall_at_3": 0.10271,
    "recall_at_5": 0.15295
  }
}