{
  "dataset_name": "MedXpertQA-Exam",
  "evaluation_time": "0.21 minutes",
  "gar_llm": "qwen-7b",
  "gar_method": "lamer",
  "retriever_name": "nv",
  "test": {
    "map_at_1": 0.02931,
    "map_at_10": 0.06152,
    "map_at_100": 0.07703,
    "map_at_3": 0.0434,
    "map_at_5": 0.05201,
    "ndcg_at_1": 0.07216,
    "ndcg_at_10": 0.09385,
    "ndcg_at_100": 0.16857,
    "ndcg_at_3": 0.0667,
    "ndcg_at_5": 0.07663,
    "precision_at_1": 0.07216,
    "precision_at_10": 0.03402,
    "precision_at_100": 0.01155,
    "precision_at_3": 0.04811,
    "precision_at_5": 0.0433,
    "recall_at_1": 0.02931,
    "recall_at_10": 0.13915,
    "recall_at_100": 0.40864,
    "recall_at_3": 0.05817,
    "recall_at_5": 0.09315
  }
}