{
  "dataset_name": "PMC-Treatment",
  "evaluation_time": "0.34 minutes",
  "gar_llm": "qwen-7b",
  "gar_method": "lamer",
  "retriever_name": "nv",
  "test": {
    "map_at_1": 0.284,
    "map_at_10": 0.425,
    "map_at_100": 0.44098,
    "map_at_3": 0.38807,
    "map_at_5": 0.40687,
    "ndcg_at_1": 0.47333,
    "ndcg_at_10": 0.48957,
    "ndcg_at_100": 0.54873,
    "ndcg_at_3": 0.45641,
    "ndcg_at_5": 0.46204,
    "precision_at_1": 0.47333,
    "precision_at_10": 0.116,
    "precision_at_100": 0.01653,
    "precision_at_3": 0.28444,
    "precision_at_5": 0.19867,
    "recall_at_1": 0.284,
    "recall_at_10": 0.54233,
    "recall_at_100": 0.782,
    "recall_at_3": 0.42844,
    "recall_at_5": 0.478
  }
}