{
  "dataset_name": "Bioinformatics",
  "evaluation_time": "0.26 minutes",
  "gar_llm": "qwen-7b",
  "gar_method": "hyde",
  "retriever_name": "bm25",
  "test": {
    "MAP@1": 0.11538,
    "MAP@10": 0.21566,
    "MAP@100": 0.24557,
    "MAP@25": 0.23389,
    "MAP@50": 0.24114,
    "MRR": 0.32449,
    "NDCG@1": 0.20779,
    "NDCG@10": 0.29375,
    "NDCG@100": 0.40006,
    "NDCG@25": 0.34551,
    "NDCG@50": 0.37334,
    "P@1": 0.20779,
    "P@10": 0.0961,
    "P@100": 0.02234,
    "P@25": 0.05662,
    "P@50": 0.0361,
    "Recall@1": 0.11538,
    "Recall@10": 0.41214,
    "Recall@100": 0.77132,
    "Recall@25": 0.56803,
    "Recall@50": 0.66061
  }
}