{
  "dataset_name": "Biology",
  "evaluation_time": "0.21 minutes",
  "gar_llm": "qwen-7b",
  "gar_method": "hyde",
  "retriever_name": "bm25",
  "test": {
    "MAP@1": 0.17445,
    "MAP@10": 0.38864,
    "MAP@100": 0.42152,
    "MAP@25": 0.41267,
    "MAP@50": 0.41931,
    "MRR": 0.5704,
    "NDCG@1": 0.47573,
    "NDCG@10": 0.48493,
    "NDCG@100": 0.57004,
    "NDCG@25": 0.53041,
    "NDCG@50": 0.55685,
    "P@1": 0.47573,
    "P@10": 0.19709,
    "P@100": 0.03029,
    "P@25": 0.10058,
    "P@50": 0.0567,
    "Recall@1": 0.17445,
    "Recall@10": 0.54784,
    "Recall@100": 0.83473,
    "Recall@25": 0.67769,
    "Recall@50": 0.77795
  }
}