{
  "dataset_name": "IIYi-Clinical",
  "evaluation_time": "0.35 minutes",
  "gar_llm": "qwen-7b",
  "gar_method": "hyde",
  "retriever_name": "bm25",
  "test": {
    "MAP@1": 0.02287,
    "MAP@10": 0.05153,
    "MAP@100": 0.06521,
    "MAP@25": 0.0598,
    "MAP@50": 0.06212,
    "MRR": 0.13591,
    "NDCG@1": 0.06977,
    "NDCG@10": 0.08668,
    "NDCG@100": 0.15431,
    "NDCG@25": 0.11634,
    "NDCG@50": 0.13009,
    "P@1": 0.06977,
    "P@10": 0.03953,
    "P@100": 0.0124,
    "P@25": 0.02729,
    "P@50": 0.01736,
    "Recall@1": 0.02287,
    "Recall@10": 0.11227,
    "Recall@100": 0.34328,
    "Recall@25": 0.19742,
    "Recall@50": 0.24328
  }
}