{
  "dataset_name": "Medical-Sciences",
  "evaluation_time": "0.18 minutes",
  "gar_llm": "qwen-7b",
  "gar_method": "hyde",
  "retriever_name": "bm25",
  "test": {
    "MAP@1": 0.19255,
    "MAP@10": 0.33243,
    "MAP@100": 0.35863,
    "MAP@25": 0.35124,
    "MAP@50": 0.3554,
    "MRR": 0.47715,
    "NDCG@1": 0.31818,
    "NDCG@10": 0.41747,
    "NDCG@100": 0.50343,
    "NDCG@25": 0.46201,
    "NDCG@50": 0.47867,
    "P@1": 0.31818,
    "P@10": 0.1125,
    "P@100": 0.02102,
    "P@25": 0.06364,
    "P@50": 0.03591,
    "Recall@1": 0.19255,
    "Recall@10": 0.51154,
    "Recall@100": 0.81301,
    "Recall@25": 0.63511,
    "Recall@50": 0.69596
  }
}