{
  "dataset_name": "MedQA-Diag",
  "evaluation_time": "0.38 minutes",
  "gar_llm": "qwen-7b",
  "gar_method": "hyde",
  "retriever_name": "bm25",
  "test": {
    "MAP@1": 0.06804,
    "MAP@10": 0.13671,
    "MAP@100": 0.15959,
    "MAP@25": 0.15328,
    "MAP@50": 0.157,
    "MRR": 0.29798,
    "NDCG@1": 0.23729,
    "NDCG@10": 0.19477,
    "NDCG@100": 0.27401,
    "NDCG@25": 0.23747,
    "NDCG@50": 0.2576,
    "P@1": 0.23729,
    "P@10": 0.09153,
    "P@100": 0.01907,
    "P@25": 0.05458,
    "P@50": 0.03254,
    "Recall@1": 0.06804,
    "Recall@10": 0.21311,
    "Recall@100": 0.46624,
    "Recall@25": 0.3304,
    "Recall@50": 0.40326
  }
}