{
  "dataset_name": "MedXpertQA-Exam",
  "evaluation_time": "0.37 minutes",
  "gar_llm": "qwen-7b",
  "gar_method": "hyde",
  "retriever_name": "bm25",
  "test": {
    "MAP@1": 0.05567,
    "MAP@10": 0.08406,
    "MAP@100": 0.09974,
    "MAP@25": 0.09342,
    "MAP@50": 0.09683,
    "MRR": 0.16718,
    "NDCG@1": 0.09278,
    "NDCG@10": 0.12172,
    "NDCG@100": 0.19234,
    "NDCG@25": 0.15308,
    "NDCG@50": 0.1693,
    "P@1": 0.09278,
    "P@10": 0.03711,
    "P@100": 0.01175,
    "P@25": 0.02515,
    "P@50": 0.01649,
    "Recall@1": 0.05567,
    "Recall@10": 0.15827,
    "Recall@100": 0.4156,
    "Recall@25": 0.2604,
    "Recall@50": 0.31994
  }
}