{
  "dataset_name": "PMC-Clinical",
  "evaluation_time": "0.92 minutes",
  "gar_llm": "qwen-7b",
  "gar_method": "hyde",
  "retriever_name": "bm25",
  "test": {
    "MAP@1": 0.08553,
    "MAP@10": 0.17928,
    "MAP@100": 0.19467,
    "MAP@25": 0.18857,
    "MAP@50": 0.19201,
    "MRR": 0.25724,
    "NDCG@1": 0.14912,
    "NDCG@10": 0.24485,
    "NDCG@100": 0.31228,
    "NDCG@25": 0.27429,
    "NDCG@50": 0.29157,
    "P@1": 0.14912,
    "P@10": 0.07368,
    "P@100": 0.01342,
    "P@25": 0.0386,
    "P@50": 0.02263,
    "Recall@1": 0.08553,
    "Recall@10": 0.35526,
    "Recall@100": 0.62135,
    "Recall@25": 0.44737,
    "Recall@50": 0.51681
  }
}