{
  "dataset_name": "PMC-Treatment",
  "evaluation_time": "0.19 minutes",
  "gar_llm": "qwen-7b",
  "gar_method": "hyde",
  "retriever_name": "bm25",
  "test": {
    "MAP@1": 0.15267,
    "MAP@10": 0.21714,
    "MAP@100": 0.23265,
    "MAP@25": 0.22797,
    "MAP@50": 0.23064,
    "MRR": 0.29216,
    "NDCG@1": 0.20667,
    "NDCG@10": 0.26628,
    "NDCG@100": 0.33355,
    "NDCG@25": 0.30106,
    "NDCG@50": 0.31696,
    "P@1": 0.20667,
    "P@10": 0.06067,
    "P@100": 0.01213,
    "P@25": 0.03413,
    "P@50": 0.02027,
    "Recall@1": 0.15267,
    "Recall@10": 0.34333,
    "Recall@100": 0.60111,
    "Recall@25": 0.45956,
    "Recall@50": 0.52367
  }
}