{
  "dataset_name": "Bioinformatics",
  "evaluation_time": "0.19 minutes",
  "gar_llm": "qwen-3b-ins",
  "gar_method": "search-r1",
  "retriever_name": "nv",
  "test": {
    "map_at_1": 0.19655,
    "map_at_10": 0.38425,
    "map_at_100": 0.41203,
    "map_at_3": 0.30313,
    "map_at_5": 0.35081,
    "ndcg_at_1": 0.33766,
    "ndcg_at_10": 0.47534,
    "ndcg_at_100": 0.55069,
    "ndcg_at_3": 0.39156,
    "ndcg_at_5": 0.43117,
    "precision_at_1": 0.33766,
    "precision_at_10": 0.15325,
    "precision_at_100": 0.02519,
    "precision_at_3": 0.27273,
    "precision_at_5": 0.22338,
    "recall_at_1": 0.19655,
    "recall_at_10": 0.60264,
    "recall_at_100": 0.83421,
    "recall_at_3": 0.36272,
    "recall_at_5": 0.48731
  }
}