{
  "dataset_name": "IIYi-Clinical",
  "evaluation_time": "0.41 minutes",
  "gar_llm": "qwen-3b-ins",
  "gar_method": "search-r1",
  "retriever_name": "nv",
  "test": {
    "map_at_1": 0.03928,
    "map_at_10": 0.11099,
    "map_at_100": 0.14316,
    "map_at_3": 0.07339,
    "map_at_5": 0.08994,
    "ndcg_at_1": 0.11628,
    "ndcg_at_10": 0.17946,
    "ndcg_at_100": 0.29513,
    "ndcg_at_3": 0.12259,
    "ndcg_at_5": 0.14094,
    "precision_at_1": 0.11628,
    "precision_at_10": 0.08295,
    "precision_at_100": 0.02264,
    "precision_at_3": 0.10078,
    "precision_at_5": 0.09922,
    "recall_at_1": 0.03928,
    "recall_at_10": 0.25052,
    "recall_at_100": 0.62817,
    "recall_at_3": 0.10969,
    "recall_at_5": 0.16227
  }
}