{
  "dataset_name": "MedQA-Diag",
  "evaluation_time": "0.17 minutes",
  "gar_llm": "qwen-3b-ins",
  "gar_method": "search-r1",
  "retriever_name": "nv",
  "test": {
    "map_at_1": 0.04541,
    "map_at_10": 0.13531,
    "map_at_100": 0.16047,
    "map_at_3": 0.10205,
    "map_at_5": 0.1185,
    "ndcg_at_1": 0.16102,
    "ndcg_at_10": 0.18883,
    "ndcg_at_100": 0.28148,
    "ndcg_at_3": 0.17194,
    "ndcg_at_5": 0.17339,
    "precision_at_1": 0.16102,
    "precision_at_10": 0.09068,
    "precision_at_100": 0.0211,
    "precision_at_3": 0.15819,
    "precision_at_5": 0.13051,
    "recall_at_1": 0.04541,
    "recall_at_10": 0.2139,
    "recall_at_100": 0.5145,
    "recall_at_3": 0.12969,
    "recall_at_5": 0.16325
  }
}