{
  "dataset_name": "MedXpertQA-Exam",
  "evaluation_time": "0.18 minutes",
  "gar_llm": "qwen-3b-ins",
  "gar_method": "search-r1",
  "retriever_name": "nv",
  "test": {
    "map_at_1": 0.04683,
    "map_at_10": 0.08498,
    "map_at_100": 0.09811,
    "map_at_3": 0.06589,
    "map_at_5": 0.07858,
    "ndcg_at_1": 0.09278,
    "ndcg_at_10": 0.11983,
    "ndcg_at_100": 0.18375,
    "ndcg_at_3": 0.09508,
    "ndcg_at_5": 0.10772,
    "precision_at_1": 0.09278,
    "precision_at_10": 0.04227,
    "precision_at_100": 0.01082,
    "precision_at_3": 0.06529,
    "precision_at_5": 0.05979,
    "recall_at_1": 0.04683,
    "recall_at_10": 0.15032,
    "recall_at_100": 0.39351,
    "recall_at_3": 0.08266,
    "recall_at_5": 0.11954
  }
}