{
  "dataset_name": "PMC-Clinical",
  "evaluation_time": "0.2 minutes",
  "gar_llm": "qwen-3b-ins",
  "gar_method": "search-r1",
  "retriever_name": "nv",
  "test": {
    "map_at_1": 0.16374,
    "map_at_10": 0.30953,
    "map_at_100": 0.33243,
    "map_at_3": 0.25975,
    "map_at_5": 0.28767,
    "ndcg_at_1": 0.29825,
    "ndcg_at_10": 0.38571,
    "ndcg_at_100": 0.468,
    "ndcg_at_3": 0.31219,
    "ndcg_at_5": 0.34205,
    "precision_at_1": 0.29825,
    "precision_at_10": 0.10526,
    "precision_at_100": 0.01746,
    "precision_at_3": 0.2193,
    "precision_at_5": 0.1614,
    "recall_at_1": 0.16374,
    "recall_at_10": 0.49561,
    "recall_at_100": 0.81506,
    "recall_at_3": 0.31652,
    "recall_at_5": 0.38889
  }
}