{
  "dataset_name": "PMC-Treatment",
  "evaluation_time": "0.32 minutes",
  "gar_llm": "qwen-3b-ins",
  "gar_method": "search-r1",
  "retriever_name": "nv",
  "test": {
    "map_at_1": 0.26056,
    "map_at_10": 0.38762,
    "map_at_100": 0.40335,
    "map_at_3": 0.34502,
    "map_at_5": 0.36989,
    "ndcg_at_1": 0.43333,
    "ndcg_at_10": 0.45663,
    "ndcg_at_100": 0.51741,
    "ndcg_at_3": 0.40481,
    "ndcg_at_5": 0.42192,
    "precision_at_1": 0.43333,
    "precision_at_10": 0.108,
    "precision_at_100": 0.01613,
    "precision_at_3": 0.24,
    "precision_at_5": 0.176,
    "recall_at_1": 0.26056,
    "recall_at_10": 0.53244,
    "recall_at_100": 0.77233,
    "recall_at_3": 0.38333,
    "recall_at_5": 0.44789
  }
}