{
  "dataset_name": "Bioinformatics",
  "evaluation_time": "0.22 minutes",
  "gar_llm": "qwen-7b-ins",
  "gar_method": "search-r1",
  "retriever_name": "nv",
  "test": {
    "map_at_1": 0.21464,
    "map_at_10": 0.40633,
    "map_at_100": 0.43927,
    "map_at_3": 0.31542,
    "map_at_5": 0.37001,
    "ndcg_at_1": 0.41558,
    "ndcg_at_10": 0.50656,
    "ndcg_at_100": 0.58857,
    "ndcg_at_3": 0.41941,
    "ndcg_at_5": 0.46235,
    "precision_at_1": 0.41558,
    "precision_at_10": 0.16494,
    "precision_at_100": 0.02636,
    "precision_at_3": 0.29437,
    "precision_at_5": 0.24935,
    "recall_at_1": 0.21464,
    "recall_at_10": 0.64072,
    "recall_at_100": 0.89683,
    "recall_at_3": 0.36814,
    "recall_at_5": 0.51081
  }
}