{
  "dataset_name": "Biology",
  "evaluation_time": "0.24 minutes",
  "gar_llm": "qwen-7b-ins",
  "gar_method": "search-r1",
  "retriever_name": "nv",
  "test": {
    "map_at_1": 0.09171,
    "map_at_10": 0.22886,
    "map_at_100": 0.25885,
    "map_at_3": 0.15319,
    "map_at_5": 0.19394,
    "ndcg_at_1": 0.27184,
    "ndcg_at_10": 0.30838,
    "ndcg_at_100": 0.4005,
    "ndcg_at_3": 0.25123,
    "ndcg_at_5": 0.27041,
    "precision_at_1": 0.27184,
    "precision_at_10": 0.13786,
    "precision_at_100": 0.02573,
    "precision_at_3": 0.21683,
    "precision_at_5": 0.19029,
    "recall_at_1": 0.09171,
    "recall_at_10": 0.36863,
    "recall_at_100": 0.68005,
    "recall_at_3": 0.18043,
    "recall_at_5": 0.25577
  }
}