{
  "dataset_name": "IIYi-Clinical",
  "evaluation_time": "0.46 minutes",
  "gar_llm": "qwen-7b-ins",
  "gar_method": "search-r1",
  "retriever_name": "nv",
  "test": {
    "map_at_1": 0.07817,
    "map_at_10": 0.15006,
    "map_at_100": 0.18389,
    "map_at_3": 0.11286,
    "map_at_5": 0.12835,
    "ndcg_at_1": 0.20155,
    "ndcg_at_10": 0.21947,
    "ndcg_at_100": 0.33845,
    "ndcg_at_3": 0.173,
    "ndcg_at_5": 0.17703,
    "precision_at_1": 0.20155,
    "precision_at_10": 0.0938,
    "precision_at_100": 0.02357,
    "precision_at_3": 0.13953,
    "precision_at_5": 0.11473,
    "recall_at_1": 0.07817,
    "recall_at_10": 0.27171,
    "recall_at_100": 0.65659,
    "recall_at_3": 0.13333,
    "recall_at_5": 0.17558
  }
}