{
  "dataset_name": "Medical-Sciences",
  "evaluation_time": "0.16 minutes",
  "gar_llm": "qwen-7b-ins",
  "gar_method": "search-r1",
  "retriever_name": "nv",
  "test": {
    "map_at_1": 0.2216,
    "map_at_10": 0.39349,
    "map_at_100": 0.42406,
    "map_at_3": 0.32121,
    "map_at_5": 0.35941,
    "ndcg_at_1": 0.38636,
    "ndcg_at_10": 0.4907,
    "ndcg_at_100": 0.58119,
    "ndcg_at_3": 0.40905,
    "ndcg_at_5": 0.44018,
    "precision_at_1": 0.38636,
    "precision_at_10": 0.14545,
    "precision_at_100": 0.025,
    "precision_at_3": 0.26515,
    "precision_at_5": 0.21136,
    "recall_at_1": 0.2216,
    "recall_at_10": 0.62769,
    "recall_at_100": 0.9205,
    "recall_at_3": 0.40064,
    "recall_at_5": 0.49957
  }
}