{
  "dataset_name": "MedQA-Diag",
  "evaluation_time": "0.21 minutes",
  "gar_llm": "qwen-7b-ins",
  "gar_method": "search-r1",
  "retriever_name": "nv",
  "test": {
    "map_at_1": 0.04576,
    "map_at_10": 0.14327,
    "map_at_100": 0.17085,
    "map_at_3": 0.09827,
    "map_at_5": 0.12217,
    "ndcg_at_1": 0.16949,
    "ndcg_at_10": 0.20458,
    "ndcg_at_100": 0.29297,
    "ndcg_at_3": 0.16933,
    "ndcg_at_5": 0.18375,
    "precision_at_1": 0.16949,
    "precision_at_10": 0.10085,
    "precision_at_100": 0.02229,
    "precision_at_3": 0.15537,
    "precision_at_5": 0.14576,
    "recall_at_1": 0.04576,
    "recall_at_10": 0.24127,
    "recall_at_100": 0.51603,
    "recall_at_3": 0.1224,
    "recall_at_5": 0.17951
  }
}