{
  "dataset_name": "MedXpertQA-Exam",
  "evaluation_time": "0.23 minutes",
  "gar_llm": "qwen-7b-ins",
  "gar_method": "search-r1",
  "retriever_name": "nv",
  "test": {
    "map_at_1": 0.06778,
    "map_at_10": 0.11196,
    "map_at_100": 0.12937,
    "map_at_3": 0.09291,
    "map_at_5": 0.09976,
    "ndcg_at_1": 0.13402,
    "ndcg_at_10": 0.15052,
    "ndcg_at_100": 0.22137,
    "ndcg_at_3": 0.12458,
    "ndcg_at_5": 0.1281,
    "precision_at_1": 0.13402,
    "precision_at_10": 0.04948,
    "precision_at_100": 0.01227,
    "precision_at_3": 0.08591,
    "precision_at_5": 0.06598,
    "recall_at_1": 0.06778,
    "recall_at_10": 0.18511,
    "recall_at_100": 0.4363,
    "recall_at_3": 0.10922,
    "recall_at_5": 0.12582
  }
}