{
  "dataset_name": "PMC-Treatment",
  "evaluation_time": "0.35 minutes",
  "gar_llm": "qwen-7b-ins",
  "gar_method": "search-r1",
  "retriever_name": "nv",
  "test": {
    "map_at_1": 0.26844,
    "map_at_10": 0.40393,
    "map_at_100": 0.4183,
    "map_at_3": 0.37131,
    "map_at_5": 0.38952,
    "ndcg_at_1": 0.46,
    "ndcg_at_10": 0.4736,
    "ndcg_at_100": 0.53322,
    "ndcg_at_3": 0.44049,
    "ndcg_at_5": 0.44532,
    "precision_at_1": 0.46,
    "precision_at_10": 0.10933,
    "precision_at_100": 0.0164,
    "precision_at_3": 0.27556,
    "precision_at_5": 0.18933,
    "recall_at_1": 0.26844,
    "recall_at_10": 0.54133,
    "recall_at_100": 0.78989,
    "recall_at_3": 0.42278,
    "recall_at_5": 0.471
  }
}