{
  "dataset_name": "PMC-Clinical",
  "evaluation_time": "0.21 minutes",
  "gar_llm": "qwen-7b-ins",
  "gar_method": "search-r1",
  "retriever_name": "nv",
  "test": {
    "map_at_1": 0.21199,
    "map_at_10": 0.36966,
    "map_at_100": 0.39004,
    "map_at_3": 0.31481,
    "map_at_5": 0.34928,
    "ndcg_at_1": 0.38596,
    "ndcg_at_10": 0.45491,
    "ndcg_at_100": 0.52261,
    "ndcg_at_3": 0.37304,
    "ndcg_at_5": 0.41294,
    "precision_at_1": 0.38596,
    "precision_at_10": 0.11754,
    "precision_at_100": 0.01737,
    "precision_at_3": 0.24561,
    "precision_at_5": 0.18772,
    "recall_at_1": 0.21199,
    "recall_at_10": 0.56213,
    "recall_at_100": 0.81871,
    "recall_at_3": 0.36769,
    "recall_at_5": 0.4598
  }
}