{
  "dataset_name": "Biology",
  "evaluation_time": "0.08 minutes",
  "gar_llm": "qwen-32b",
  "gar_method": "hyde",
  "retriever_name": "bge",
  "test": {
    "map_at_1": 0.06854,
    "map_at_10": 0.16338,
    "map_at_100": 0.19011,
    "map_at_3": 0.12531,
    "map_at_5": 0.14614,
    "ndcg_at_1": 0.26214,
    "ndcg_at_10": 0.23597,
    "ndcg_at_100": 0.32623,
    "ndcg_at_3": 0.21278,
    "ndcg_at_5": 0.21683,
    "precision_at_1": 0.26214,
    "precision_at_10": 0.09709,
    "precision_at_100": 0.02126,
    "precision_at_3": 0.18447,
    "precision_at_5": 0.14757,
    "recall_at_1": 0.06854,
    "recall_at_10": 0.27191,
    "recall_at_100": 0.57278,
    "recall_at_3": 0.15066,
    "recall_at_5": 0.19901
  }
}