{
  "dataset_name": "IIYi-Clinical",
  "evaluation_time": "0.02 minutes",
  "gar_llm": "qwen-32b",
  "gar_method": "hyde",
  "retriever_name": "bge",
  "test": {
    "map_at_1": 0.03941,
    "map_at_10": 0.09701,
    "map_at_100": 0.12587,
    "map_at_3": 0.06994,
    "map_at_5": 0.08033,
    "ndcg_at_1": 0.13953,
    "ndcg_at_10": 0.16219,
    "ndcg_at_100": 0.28266,
    "ndcg_at_3": 0.13141,
    "ndcg_at_5": 0.13239,
    "precision_at_1": 0.13953,
    "precision_at_10": 0.07519,
    "precision_at_100": 0.02186,
    "precision_at_3": 0.12145,
    "precision_at_5": 0.10078,
    "recall_at_1": 0.03941,
    "recall_at_10": 0.19832,
    "recall_at_100": 0.61628,
    "recall_at_3": 0.09483,
    "recall_at_5": 0.12855
  }
}