{
  "dataset_name": "Medical-Sciences",
  "evaluation_time": "0.01 minutes",
  "gar_llm": "qwen-32b",
  "gar_method": "hyde",
  "retriever_name": "bge",
  "test": {
    "map_at_1": 0.14878,
    "map_at_10": 0.31776,
    "map_at_100": 0.3439,
    "map_at_3": 0.24907,
    "map_at_5": 0.29142,
    "ndcg_at_1": 0.28409,
    "ndcg_at_10": 0.41511,
    "ndcg_at_100": 0.49898,
    "ndcg_at_3": 0.32652,
    "ndcg_at_5": 0.37365,
    "precision_at_1": 0.28409,
    "precision_at_10": 0.12841,
    "precision_at_100": 0.02216,
    "precision_at_3": 0.2197,
    "precision_at_5": 0.19318,
    "recall_at_1": 0.14878,
    "recall_at_10": 0.55423,
    "recall_at_100": 0.83934,
    "recall_at_3": 0.32865,
    "recall_at_5": 0.44498
  }
}