{
  "dataset_name": "MedQA-Diag",
  "evaluation_time": "0.02 minutes",
  "gar_llm": "qwen-32b",
  "gar_method": "hyde",
  "retriever_name": "bge",
  "test": {
    "map_at_1": 0.05573,
    "map_at_10": 0.12768,
    "map_at_100": 0.14753,
    "map_at_3": 0.08714,
    "map_at_5": 0.11102,
    "ndcg_at_1": 0.16102,
    "ndcg_at_10": 0.17977,
    "ndcg_at_100": 0.2533,
    "ndcg_at_3": 0.14281,
    "ndcg_at_5": 0.16045,
    "precision_at_1": 0.16102,
    "precision_at_10": 0.07966,
    "precision_at_100": 0.01847,
    "precision_at_3": 0.11864,
    "precision_at_5": 0.11356,
    "recall_at_1": 0.05573,
    "recall_at_10": 0.21914,
    "recall_at_100": 0.44245,
    "recall_at_3": 0.10786,
    "recall_at_5": 0.16684
  }
}