{
  "dataset_name": "MedXpertQA-Exam",
  "evaluation_time": "0.02 minutes",
  "gar_llm": "qwen-32b",
  "gar_method": "hyde",
  "retriever_name": "bge",
  "test": {
    "map_at_1": 0.05164,
    "map_at_10": 0.10269,
    "map_at_100": 0.11177,
    "map_at_3": 0.08065,
    "map_at_5": 0.09062,
    "ndcg_at_1": 0.10309,
    "ndcg_at_10": 0.14414,
    "ndcg_at_100": 0.19345,
    "ndcg_at_3": 0.11036,
    "ndcg_at_5": 0.12326,
    "precision_at_1": 0.10309,
    "precision_at_10": 0.04948,
    "precision_at_100": 0.01031,
    "precision_at_3": 0.07904,
    "precision_at_5": 0.06392,
    "recall_at_1": 0.05164,
    "recall_at_10": 0.19671,
    "recall_at_100": 0.38204,
    "recall_at_3": 0.10897,
    "recall_at_5": 0.14918
  }
}