{
  "dataset_name": "PMC-Clinical",
  "evaluation_time": "0.03 minutes",
  "gar_llm": "qwen-32b",
  "gar_method": "hyde",
  "retriever_name": "bge",
  "test": {
    "map_at_1": 0.08406,
    "map_at_10": 0.15881,
    "map_at_100": 0.17849,
    "map_at_3": 0.12244,
    "map_at_5": 0.14295,
    "ndcg_at_1": 0.18421,
    "ndcg_at_10": 0.22226,
    "ndcg_at_100": 0.30924,
    "ndcg_at_3": 0.16155,
    "ndcg_at_5": 0.19045,
    "precision_at_1": 0.18421,
    "precision_at_10": 0.06667,
    "precision_at_100": 0.01412,
    "precision_at_3": 0.11696,
    "precision_at_5": 0.09649,
    "recall_at_1": 0.08406,
    "recall_at_10": 0.29898,
    "recall_at_100": 0.64327,
    "recall_at_3": 0.15716,
    "recall_at_5": 0.22149
  }
}