{
  "dataset_name": "PMC-Treatment",
  "evaluation_time": "0.02 minutes",
  "gar_llm": "qwen-32b",
  "gar_method": "hyde",
  "retriever_name": "bge",
  "test": {
    "map_at_1": 0.22067,
    "map_at_10": 0.32844,
    "map_at_100": 0.33865,
    "map_at_3": 0.29165,
    "map_at_5": 0.30988,
    "ndcg_at_1": 0.37333,
    "ndcg_at_10": 0.39765,
    "ndcg_at_100": 0.44549,
    "ndcg_at_3": 0.35214,
    "ndcg_at_5": 0.36283,
    "precision_at_1": 0.37333,
    "precision_at_10": 0.09267,
    "precision_at_100": 0.01353,
    "precision_at_3": 0.20667,
    "precision_at_5": 0.148,
    "recall_at_1": 0.22067,
    "recall_at_10": 0.47478,
    "recall_at_100": 0.67,
    "recall_at_3": 0.33856,
    "recall_at_5": 0.38956
  }
}