{
  "dataset_name": "Bioinformatics",
  "evaluation_time": "0.25 minutes",
  "gar_llm": "gpt4",
  "gar_method": "query2doc",
  "retriever_name": "bm25",
  "test": {
    "MAP@1": 0.15445,
    "MAP@10": 0.30429,
    "MAP@100": 0.33433,
    "MAP@25": 0.32328,
    "MAP@50": 0.33163,
    "MRR": 0.45528,
    "NDCG@1": 0.31169,
    "NDCG@10": 0.40335,
    "NDCG@100": 0.49559,
    "NDCG@25": 0.45113,
    "NDCG@50": 0.47912,
    "P@1": 0.31169,
    "P@10": 0.12727,
    "P@100": 0.02429,
    "P@25": 0.06857,
    "P@50": 0.04286,
    "Recall@1": 0.15445,
    "Recall@10": 0.54484,
    "Recall@100": 0.83808,
    "Recall@25": 0.68353,
    "Recall@50": 0.77047
  }
}