{
  "dataset_name": "Biology",
  "evaluation_time": "0.21 minutes",
  "gar_llm": "gpt4",
  "gar_method": "query2doc",
  "retriever_name": "bm25",
  "test": {
    "MAP@1": 0.19492,
    "MAP@10": 0.43236,
    "MAP@100": 0.46593,
    "MAP@25": 0.45884,
    "MAP@50": 0.46263,
    "MRR": 0.64715,
    "NDCG@1": 0.5534,
    "NDCG@10": 0.53322,
    "NDCG@100": 0.61576,
    "NDCG@25": 0.57959,
    "NDCG@50": 0.59569,
    "P@1": 0.5534,
    "P@10": 0.20388,
    "P@100": 0.03117,
    "P@25": 0.10447,
    "P@50": 0.05612,
    "Recall@1": 0.19492,
    "Recall@10": 0.57348,
    "Recall@100": 0.8504,
    "Recall@25": 0.70305,
    "Recall@50": 0.76448
  }
}