{
  "dataset_name": "IIYi-Clinical",
  "evaluation_time": "0.35 minutes",
  "gar_llm": "gpt4",
  "gar_method": "query2doc",
  "retriever_name": "bm25",
  "test": {
    "MAP@1": 0.03243,
    "MAP@10": 0.07136,
    "MAP@100": 0.0862,
    "MAP@25": 0.07963,
    "MAP@50": 0.0835,
    "MRR": 0.17649,
    "NDCG@1": 0.10853,
    "NDCG@10": 0.11164,
    "NDCG@100": 0.18531,
    "NDCG@25": 0.13903,
    "NDCG@50": 0.15889,
    "P@1": 0.10853,
    "P@10": 0.04806,
    "P@100": 0.01364,
    "P@25": 0.03008,
    "P@50": 0.01969,
    "Recall@1": 0.03243,
    "Recall@10": 0.13372,
    "Recall@100": 0.39793,
    "Recall@25": 0.20853,
    "Recall@50": 0.2823
  }
}