{
  "dataset_name": "Medical-Sciences",
  "evaluation_time": "0.18 minutes",
  "gar_llm": "gpt4",
  "gar_method": "query2doc",
  "retriever_name": "bm25",
  "test": {
    "MAP@1": 0.23478,
    "MAP@10": 0.35083,
    "MAP@100": 0.37661,
    "MAP@25": 0.36744,
    "MAP@50": 0.37409,
    "MRR": 0.47753,
    "NDCG@1": 0.36364,
    "NDCG@10": 0.43415,
    "NDCG@100": 0.51818,
    "NDCG@25": 0.47436,
    "NDCG@50": 0.50168,
    "P@1": 0.36364,
    "P@10": 0.12386,
    "P@100": 0.02148,
    "P@25": 0.06364,
    "P@50": 0.03818,
    "Recall@1": 0.23478,
    "Recall@10": 0.5375,
    "Recall@100": 0.83205,
    "Recall@25": 0.65771,
    "Recall@50": 0.76011
  }
}