{
  "dataset_name": "MedQA-Diag",
  "evaluation_time": "0.38 minutes",
  "gar_llm": "gpt4",
  "gar_method": "query2doc",
  "retriever_name": "bm25",
  "test": {
    "MAP@1": 0.10893,
    "MAP@10": 0.309,
    "MAP@100": 0.34584,
    "MAP@25": 0.33657,
    "MAP@50": 0.34352,
    "MRR": 0.52214,
    "NDCG@1": 0.41525,
    "NDCG@10": 0.40736,
    "NDCG@100": 0.49495,
    "NDCG@25": 0.45821,
    "NDCG@50": 0.48089,
    "P@1": 0.41525,
    "P@10": 0.19068,
    "P@100": 0.03136,
    "P@25": 0.10068,
    "P@50": 0.05763,
    "Recall@1": 0.10893,
    "Recall@10": 0.45878,
    "Recall@100": 0.70841,
    "Recall@25": 0.58421,
    "Recall@50": 0.65468
  }
}