{
  "dataset_name": "MedXpertQA-Exam",
  "evaluation_time": "0.36 minutes",
  "gar_llm": "gpt4",
  "gar_method": "query2doc",
  "retriever_name": "bm25",
  "test": {
    "MAP@1": 0.08688,
    "MAP@10": 0.15897,
    "MAP@100": 0.18062,
    "MAP@25": 0.17067,
    "MAP@50": 0.17824,
    "MRR": 0.27432,
    "NDCG@1": 0.18557,
    "NDCG@10": 0.22031,
    "NDCG@100": 0.30168,
    "NDCG@25": 0.25155,
    "NDCG@50": 0.28376,
    "P@1": 0.18557,
    "P@10": 0.07526,
    "P@100": 0.01639,
    "P@25": 0.04124,
    "P@50": 0.02784,
    "Recall@1": 0.08688,
    "Recall@10": 0.28688,
    "Recall@100": 0.57758,
    "Recall@25": 0.37799,
    "Recall@50": 0.49863
  }
}