{
  "dataset_name": "PMC-Treatment",
  "evaluation_time": "0.19 minutes",
  "gar_llm": "gpt4",
  "gar_method": "query2doc",
  "retriever_name": "bm25",
  "test": {
    "MAP@1": 0.22944,
    "MAP@10": 0.33615,
    "MAP@100": 0.3493,
    "MAP@25": 0.34438,
    "MAP@50": 0.3475,
    "MRR": 0.44663,
    "NDCG@1": 0.34,
    "NDCG@10": 0.40259,
    "NDCG@100": 0.4583,
    "NDCG@25": 0.42803,
    "NDCG@50": 0.44275,
    "P@1": 0.34,
    "P@10": 0.092,
    "P@100": 0.0144,
    "P@25": 0.04427,
    "P@50": 0.02493,
    "Recall@1": 0.22944,
    "Recall@10": 0.49078,
    "Recall@100": 0.70933,
    "Recall@25": 0.57556,
    "Recall@50": 0.63544
  }
}