{
  "dataset_name": "PMC-Clinical",
  "evaluation_time": "0.9 minutes",
  "gar_llm": "gpt4",
  "gar_method": "query2doc",
  "retriever_name": "bm25",
  "test": {
    "MAP@1": 0.1652,
    "MAP@10": 0.27638,
    "MAP@100": 0.29794,
    "MAP@25": 0.28937,
    "MAP@50": 0.29529,
    "MRR": 0.42552,
    "NDCG@1": 0.31579,
    "NDCG@10": 0.35568,
    "NDCG@100": 0.44026,
    "NDCG@25": 0.39137,
    "NDCG@50": 0.41726,
    "P@1": 0.31579,
    "P@10": 0.09474,
    "P@100": 0.01702,
    "P@25": 0.04807,
    "P@50": 0.0293,
    "Recall@1": 0.1652,
    "Recall@10": 0.44006,
    "Recall@100": 0.77266,
    "Recall@25": 0.55482,
    "Recall@50": 0.6557
  }
}