{
  "dataset_name": "Bioinformatics",
  "evaluation_time": "0.28 minutes",
  "gar_llm": "qwen-7b",
  "gar_method": "query2doc",
  "retriever_name": "nv",
  "test": {
    "map_at_1": 0.20413,
    "map_at_10": 0.40876,
    "map_at_100": 0.44153,
    "map_at_3": 0.33625,
    "map_at_5": 0.38199,
    "ndcg_at_1": 0.37662,
    "ndcg_at_10": 0.50622,
    "ndcg_at_100": 0.58609,
    "ndcg_at_3": 0.44561,
    "ndcg_at_5": 0.47524,
    "precision_at_1": 0.37662,
    "precision_at_10": 0.16104,
    "precision_at_100": 0.02584,
    "precision_at_3": 0.31169,
    "precision_at_5": 0.24935,
    "recall_at_1": 0.20413,
    "recall_at_10": 0.63186,
    "recall_at_100": 0.87766,
    "recall_at_3": 0.44586,
    "recall_at_5": 0.54372
  }
}