{
  "dataset_name": "Biology",
  "evaluation_time": "0.27 minutes",
  "gar_llm": "qwen-7b",
  "gar_method": "query2doc",
  "retriever_name": "nv",
  "test": {
    "map_at_1": 0.09666,
    "map_at_10": 0.23995,
    "map_at_100": 0.27013,
    "map_at_3": 0.16161,
    "map_at_5": 0.2008,
    "ndcg_at_1": 0.30097,
    "ndcg_at_10": 0.33043,
    "ndcg_at_100": 0.4225,
    "ndcg_at_3": 0.26223,
    "ndcg_at_5": 0.28395,
    "precision_at_1": 0.30097,
    "precision_at_10": 0.1466,
    "precision_at_100": 0.0268,
    "precision_at_3": 0.2233,
    "precision_at_5": 0.19612,
    "recall_at_1": 0.09666,
    "recall_at_10": 0.40869,
    "recall_at_100": 0.72315,
    "recall_at_3": 0.19257,
    "recall_at_5": 0.27616
  }
}