{
  "dataset_name": "IIYi-Clinical",
  "evaluation_time": "0.84 minutes",
  "gar_llm": "qwen-7b",
  "gar_method": "query2doc",
  "retriever_name": "nv",
  "test": {
    "map_at_1": 0.06318,
    "map_at_10": 0.13894,
    "map_at_100": 0.17857,
    "map_at_3": 0.0975,
    "map_at_5": 0.11458,
    "ndcg_at_1": 0.18605,
    "ndcg_at_10": 0.21413,
    "ndcg_at_100": 0.3503,
    "ndcg_at_3": 0.1574,
    "ndcg_at_5": 0.16997,
    "precision_at_1": 0.18605,
    "precision_at_10": 0.09147,
    "precision_at_100": 0.02566,
    "precision_at_3": 0.1292,
    "precision_at_5": 0.11163,
    "recall_at_1": 0.06318,
    "recall_at_10": 0.27972,
    "recall_at_100": 0.71525,
    "recall_at_3": 0.12442,
    "recall_at_5": 0.17713
  }
}