{
  "dataset_name": "Medical-Sciences",
  "evaluation_time": "0.2 minutes",
  "gar_llm": "qwen-7b",
  "gar_method": "query2doc",
  "retriever_name": "nv",
  "test": {
    "map_at_1": 0.20418,
    "map_at_10": 0.3797,
    "map_at_100": 0.40891,
    "map_at_3": 0.31357,
    "map_at_5": 0.34171,
    "ndcg_at_1": 0.34091,
    "ndcg_at_10": 0.4834,
    "ndcg_at_100": 0.57203,
    "ndcg_at_3": 0.39777,
    "ndcg_at_5": 0.41982,
    "precision_at_1": 0.34091,
    "precision_at_10": 0.14318,
    "precision_at_100": 0.025,
    "precision_at_3": 0.26515,
    "precision_at_5": 0.20227,
    "recall_at_1": 0.20418,
    "recall_at_10": 0.63753,
    "recall_at_100": 0.92695,
    "recall_at_3": 0.39819,
    "recall_at_5": 0.47327
  }
}