{
  "dataset_name": "MedXpertQA-Exam",
  "evaluation_time": "0.24 minutes",
  "gar_llm": "qwen-7b",
  "gar_method": "query2doc",
  "retriever_name": "nv",
  "test": {
    "map_at_1": 0.06074,
    "map_at_10": 0.11639,
    "map_at_100": 0.13247,
    "map_at_3": 0.09129,
    "map_at_5": 0.10511,
    "ndcg_at_1": 0.12371,
    "ndcg_at_10": 0.15758,
    "ndcg_at_100": 0.23048,
    "ndcg_at_3": 0.1337,
    "ndcg_at_5": 0.14069,
    "precision_at_1": 0.12371,
    "precision_at_10": 0.05567,
    "precision_at_100": 0.01289,
    "precision_at_3": 0.10309,
    "precision_at_5": 0.08247,
    "recall_at_1": 0.06074,
    "recall_at_10": 0.19914,
    "recall_at_100": 0.48579,
    "recall_at_3": 0.11405,
    "recall_at_5": 0.15118
  }
}