{
  "dataset_name": "PMC-Clinical",
  "evaluation_time": "0.3 minutes",
  "gar_llm": "qwen-7b",
  "gar_method": "query2doc",
  "retriever_name": "nv",
  "test": {
    "map_at_1": 0.14401,
    "map_at_10": 0.25715,
    "map_at_100": 0.27942,
    "map_at_3": 0.21016,
    "map_at_5": 0.23765,
    "ndcg_at_1": 0.27193,
    "ndcg_at_10": 0.33512,
    "ndcg_at_100": 0.41754,
    "ndcg_at_3": 0.25616,
    "ndcg_at_5": 0.29171,
    "precision_at_1": 0.27193,
    "precision_at_10": 0.09123,
    "precision_at_100": 0.01623,
    "precision_at_3": 0.17544,
    "precision_at_5": 0.1386,
    "recall_at_1": 0.14401,
    "recall_at_10": 0.44444,
    "recall_at_100": 0.76608,
    "recall_at_3": 0.24781,
    "recall_at_5": 0.3348
  }
}