{
  "dataset_name": "PMC-Treatment",
  "evaluation_time": "0.57 minutes",
  "gar_llm": "qwen-7b",
  "gar_method": "query2doc",
  "retriever_name": "nv",
  "test": {
    "map_at_1": 0.22167,
    "map_at_10": 0.33295,
    "map_at_100": 0.34792,
    "map_at_3": 0.30402,
    "map_at_5": 0.31345,
    "ndcg_at_1": 0.37333,
    "ndcg_at_10": 0.40004,
    "ndcg_at_100": 0.45762,
    "ndcg_at_3": 0.36479,
    "ndcg_at_5": 0.36323,
    "precision_at_1": 0.37333,
    "precision_at_10": 0.09467,
    "precision_at_100": 0.01473,
    "precision_at_3": 0.22,
    "precision_at_5": 0.14667,
    "recall_at_1": 0.22167,
    "recall_at_10": 0.46944,
    "recall_at_100": 0.69156,
    "recall_at_3": 0.35556,
    "recall_at_5": 0.38
  }
}