{
  "dataset_name": "Bioinformatics",
  "evaluation_time": "0.72 minutes",
  "gar_llm": "qwen-7b",
  "gar_method": "hyde",
  "retriever_name": "bge",
  "test": {
    "map_at_1": 0.10119,
    "map_at_10": 0.21513,
    "map_at_100": 0.24053,
    "map_at_3": 0.15731,
    "map_at_5": 0.18862,
    "ndcg_at_1": 0.20779,
    "ndcg_at_10": 0.30178,
    "ndcg_at_100": 0.39127,
    "ndcg_at_3": 0.23309,
    "ndcg_at_5": 0.26196,
    "precision_at_1": 0.20779,
    "precision_at_10": 0.10649,
    "precision_at_100": 0.02169,
    "precision_at_3": 0.1645,
    "precision_at_5": 0.14545,
    "recall_at_1": 0.10119,
    "recall_at_10": 0.41651,
    "recall_at_100": 0.72672,
    "recall_at_3": 0.21974,
    "recall_at_5": 0.30459
  }
}