{
  "dataset_name": "Biology",
  "evaluation_time": "0.49 minutes",
  "gar_llm": "qwen-7b",
  "gar_method": "hyde",
  "retriever_name": "bge",
  "test": {
    "map_at_1": 0.04935,
    "map_at_10": 0.13153,
    "map_at_100": 0.1565,
    "map_at_3": 0.09693,
    "map_at_5": 0.11432,
    "ndcg_at_1": 0.20388,
    "ndcg_at_10": 0.19886,
    "ndcg_at_100": 0.28891,
    "ndcg_at_3": 0.17228,
    "ndcg_at_5": 0.17659,
    "precision_at_1": 0.20388,
    "precision_at_10": 0.09223,
    "precision_at_100": 0.02058,
    "precision_at_3": 0.1521,
    "precision_at_5": 0.12621,
    "recall_at_1": 0.04935,
    "recall_at_10": 0.23478,
    "recall_at_100": 0.54569,
    "recall_at_3": 0.12201,
    "recall_at_5": 0.16227
  }
}