{
  "dataset_name": "IIYi-Clinical",
  "evaluation_time": "0.31 minutes",
  "gar_llm": "qwen-7b",
  "gar_method": "hyde",
  "retriever_name": "bge",
  "test": {
    "map_at_1": 0.04134,
    "map_at_10": 0.08893,
    "map_at_100": 0.11649,
    "map_at_3": 0.06593,
    "map_at_5": 0.07622,
    "ndcg_at_1": 0.14729,
    "ndcg_at_10": 0.15074,
    "ndcg_at_100": 0.26588,
    "ndcg_at_3": 0.12142,
    "ndcg_at_5": 0.12264,
    "precision_at_1": 0.14729,
    "precision_at_10": 0.06899,
    "precision_at_100": 0.02085,
    "precision_at_3": 0.10853,
    "precision_at_5": 0.08992,
    "recall_at_1": 0.04134,
    "recall_at_10": 0.18191,
    "recall_at_100": 0.57506,
    "recall_at_3": 0.08618,
    "recall_at_5": 0.11628
  }
}