{
  "dataset_name": "Medical-Sciences",
  "evaluation_time": "0.44 minutes",
  "gar_llm": "qwen-7b",
  "gar_method": "hyde",
  "retriever_name": "bge",
  "test": {
    "map_at_1": 0.15835,
    "map_at_10": 0.31149,
    "map_at_100": 0.33808,
    "map_at_3": 0.25092,
    "map_at_5": 0.27602,
    "ndcg_at_1": 0.25,
    "ndcg_at_10": 0.40698,
    "ndcg_at_100": 0.49285,
    "ndcg_at_3": 0.32156,
    "ndcg_at_5": 0.35025,
    "precision_at_1": 0.25,
    "precision_at_10": 0.12727,
    "precision_at_100": 0.0225,
    "precision_at_3": 0.21591,
    "precision_at_5": 0.16591,
    "recall_at_1": 0.15835,
    "recall_at_10": 0.54842,
    "recall_at_100": 0.8456,
    "recall_at_3": 0.337,
    "recall_at_5": 0.41882
  }
}