{
  "dataset_name": "MedXpertQA-Exam",
  "evaluation_time": "1.09 minutes",
  "gar_llm": "qwen-7b",
  "gar_method": "hyde",
  "retriever_name": "bge",
  "test": {
    "map_at_1": 0.05216,
    "map_at_10": 0.09083,
    "map_at_100": 0.09867,
    "map_at_3": 0.07142,
    "map_at_5": 0.08234,
    "ndcg_at_1": 0.09278,
    "ndcg_at_10": 0.12977,
    "ndcg_at_100": 0.17119,
    "ndcg_at_3": 0.10341,
    "ndcg_at_5": 0.1147,
    "precision_at_1": 0.09278,
    "precision_at_10": 0.04433,
    "precision_at_100": 0.00897,
    "precision_at_3": 0.0756,
    "precision_at_5": 0.06392,
    "recall_at_1": 0.05216,
    "recall_at_10": 0.16472,
    "recall_at_100": 0.32602,
    "recall_at_3": 0.09573,
    "recall_at_5": 0.12966
  }
}