{
  "dataset_name": "PMC-Treatment",
  "evaluation_time": "0.36 minutes",
  "gar_llm": "qwen-7b",
  "gar_method": "hyde",
  "retriever_name": "bge",
  "test": {
    "map_at_1": 0.22933,
    "map_at_10": 0.34209,
    "map_at_100": 0.35469,
    "map_at_3": 0.30739,
    "map_at_5": 0.32716,
    "ndcg_at_1": 0.38,
    "ndcg_at_10": 0.41021,
    "ndcg_at_100": 0.46262,
    "ndcg_at_3": 0.36224,
    "ndcg_at_5": 0.37949,
    "precision_at_1": 0.38,
    "precision_at_10": 0.09467,
    "precision_at_100": 0.01413,
    "precision_at_3": 0.20889,
    "precision_at_5": 0.15467,
    "recall_at_1": 0.22933,
    "recall_at_10": 0.48611,
    "recall_at_100": 0.69311,
    "recall_at_3": 0.35067,
    "recall_at_5": 0.41067
  }
}