{
  "dataset_name": "Bioinformatics",
  "evaluation_time": "0.35 minutes",
  "model_name": "medcpt",
  "test": {
    "map_at_1": 0.0538,
    "map_at_10": 0.12485,
    "map_at_100": 0.1439,
    "map_at_3": 0.09798,
    "map_at_5": 0.10916,
    "ndcg_at_1": 0.11688,
    "ndcg_at_10": 0.18376,
    "ndcg_at_100": 0.25982,
    "ndcg_at_3": 0.15228,
    "ndcg_at_5": 0.15955,
    "precision_at_1": 0.11688,
    "precision_at_10": 0.07013,
    "precision_at_100": 0.0161,
    "precision_at_3": 0.12554,
    "precision_at_5": 0.0987,
    "recall_at_1": 0.0538,
    "recall_at_10": 0.24739,
    "recall_at_100": 0.51906,
    "recall_at_3": 0.14538,
    "recall_at_5": 0.1838
  }
}