{
  "dataset_name": "Biology",
  "evaluation_time": "0.27 minutes",
  "model_name": "medcpt",
  "test": {
    "map_at_1": 0.00728,
    "map_at_10": 0.01196,
    "map_at_100": 0.0153,
    "map_at_3": 0.01011,
    "map_at_5": 0.01076,
    "ndcg_at_1": 0.01942,
    "ndcg_at_10": 0.02155,
    "ndcg_at_100": 0.04214,
    "ndcg_at_3": 0.01636,
    "ndcg_at_5": 0.01687,
    "precision_at_1": 0.01942,
    "precision_at_10": 0.00874,
    "precision_at_100": 0.00359,
    "precision_at_3": 0.01294,
    "precision_at_5": 0.00971,
    "recall_at_1": 0.00728,
    "recall_at_10": 0.02807,
    "recall_at_100": 0.09831,
    "recall_at_3": 0.01456,
    "recall_at_5": 0.0178
  }
}