{
  "dataset_name": "IIYi-Clinical",
  "evaluation_time": "0.16 minutes",
  "model_name": "medcpt",
  "test": {
    "map_at_1": 0.03411,
    "map_at_10": 0.05342,
    "map_at_100": 0.0655,
    "map_at_3": 0.04541,
    "map_at_5": 0.04916,
    "ndcg_at_1": 0.08527,
    "ndcg_at_10": 0.08132,
    "ndcg_at_100": 0.15067,
    "ndcg_at_3": 0.06455,
    "ndcg_at_5": 0.06857,
    "precision_at_1": 0.08527,
    "precision_at_10": 0.03023,
    "precision_at_100": 0.01163,
    "precision_at_3": 0.0491,
    "precision_at_5": 0.03876,
    "recall_at_1": 0.03411,
    "recall_at_10": 0.09264,
    "recall_at_100": 0.33734,
    "recall_at_3": 0.05413,
    "recall_at_5": 0.06537
  }
}