{
  "dataset_name": "Medical-Sciences",
  "evaluation_time": "0.22 minutes",
  "model_name": "medcpt",
  "test": {
    "map_at_1": 0.02083,
    "map_at_10": 0.07143,
    "map_at_100": 0.0832,
    "map_at_3": 0.05152,
    "map_at_5": 0.06492,
    "ndcg_at_1": 0.05682,
    "ndcg_at_10": 0.11453,
    "ndcg_at_100": 0.17608,
    "ndcg_at_3": 0.07985,
    "ndcg_at_5": 0.09987,
    "precision_at_1": 0.05682,
    "precision_at_10": 0.03977,
    "precision_at_100": 0.01068,
    "precision_at_3": 0.06439,
    "precision_at_5": 0.05909,
    "recall_at_1": 0.02083,
    "recall_at_10": 0.16843,
    "recall_at_100": 0.4036,
    "recall_at_3": 0.08401,
    "recall_at_5": 0.13231
  }
}