{
  "dataset_name": "MedQA-Diag",
  "evaluation_time": "0.55 minutes",
  "model_name": "medcpt",
  "test": {
    "map_at_1": 0.00169,
    "map_at_10": 0.005,
    "map_at_100": 0.00595,
    "map_at_3": 0.00381,
    "map_at_5": 0.00458,
    "ndcg_at_1": 0.00847,
    "ndcg_at_10": 0.01029,
    "ndcg_at_100": 0.01998,
    "ndcg_at_3": 0.00726,
    "ndcg_at_5": 0.00854,
    "precision_at_1": 0.00847,
    "precision_at_10": 0.00508,
    "precision_at_100": 0.00169,
    "precision_at_3": 0.00565,
    "precision_at_5": 0.00678,
    "recall_at_1": 0.00169,
    "recall_at_10": 0.01292,
    "recall_at_100": 0.0524,
    "recall_at_3": 0.00593,
    "recall_at_5": 0.00975
  }
}