{
  "dataset_name": "MedXpertQA-Exam",
  "evaluation_time": "0.52 minutes",
  "model_name": "medcpt",
  "test": {
    "map_at_1": 0.00258,
    "map_at_10": 0.00479,
    "map_at_100": 0.00654,
    "map_at_3": 0.00258,
    "map_at_5": 0.00299,
    "ndcg_at_1": 0.01031,
    "ndcg_at_10": 0.01047,
    "ndcg_at_100": 0.02516,
    "ndcg_at_3": 0.00484,
    "ndcg_at_5": 0.00538,
    "precision_at_1": 0.01031,
    "precision_at_10": 0.00515,
    "precision_at_100": 0.00216,
    "precision_at_3": 0.00344,
    "precision_at_5": 0.00412,
    "recall_at_1": 0.00258,
    "recall_at_10": 0.01701,
    "recall_at_100": 0.07364,
    "recall_at_3": 0.00258,
    "recall_at_5": 0.00464
  }
}