{
  "dataset_name": "PMC-Clinical",
  "evaluation_time": "0.73 minutes",
  "model_name": "medcpt",
  "test": {
    "map_at_1": 0.0636,
    "map_at_10": 0.0936,
    "map_at_100": 0.10366,
    "map_at_3": 0.08504,
    "map_at_5": 0.08661,
    "ndcg_at_1": 0.14035,
    "ndcg_at_10": 0.13062,
    "ndcg_at_100": 0.18439,
    "ndcg_at_3": 0.11169,
    "ndcg_at_5": 0.11401,
    "precision_at_1": 0.14035,
    "precision_at_10": 0.03246,
    "precision_at_100": 0.00763,
    "precision_at_3": 0.0731,
    "precision_at_5": 0.04912,
    "recall_at_1": 0.0636,
    "recall_at_10": 0.15863,
    "recall_at_100": 0.3867,
    "recall_at_3": 0.10746,
    "recall_at_5": 0.11477
  }
}