{
  "dataset_name": "Bioinformatics",
  "evaluation_time": "0.26 minutes",
  "gar_llm": "llama-70b",
  "gar_method": "hyde",
  "retriever_name": "nv",
  "test": {
    "map_at_1": 0.21224,
    "map_at_10": 0.41829,
    "map_at_100": 0.44925,
    "map_at_3": 0.32374,
    "map_at_5": 0.39041,
    "ndcg_at_1": 0.41558,
    "ndcg_at_10": 0.52273,
    "ndcg_at_100": 0.59593,
    "ndcg_at_3": 0.4312,
    "ndcg_at_5": 0.49313,
    "precision_at_1": 0.41558,
    "precision_at_10": 0.16623,
    "precision_at_100": 0.0261,
    "precision_at_3": 0.29437,
    "precision_at_5": 0.26234,
    "recall_at_1": 0.21224,
    "recall_at_10": 0.6665,
    "recall_at_100": 0.88199,
    "recall_at_3": 0.40504,
    "recall_at_5": 0.57814
  }
}