{
  "dataset_name": "Biology",
  "evaluation_time": "0.27 minutes",
  "gar_llm": "llama-70b",
  "gar_method": "hyde",
  "retriever_name": "nv",
  "test": {
    "map_at_1": 0.09795,
    "map_at_10": 0.23289,
    "map_at_100": 0.26496,
    "map_at_3": 0.16779,
    "map_at_5": 0.20282,
    "ndcg_at_1": 0.30097,
    "ndcg_at_10": 0.31211,
    "ndcg_at_100": 0.40928,
    "ndcg_at_3": 0.26876,
    "ndcg_at_5": 0.28263,
    "precision_at_1": 0.30097,
    "precision_at_10": 0.13592,
    "precision_at_100": 0.02583,
    "precision_at_3": 0.22977,
    "precision_at_5": 0.19029,
    "recall_at_1": 0.09795,
    "recall_at_10": 0.35769,
    "recall_at_100": 0.69021,
    "recall_at_3": 0.19557,
    "recall_at_5": 0.26952
  }
}