{
  "dataset_name": "IIYi-Clinical",
  "evaluation_time": "0.53 minutes",
  "gar_llm": "llama-70b",
  "gar_method": "hyde",
  "retriever_name": "nv",
  "test": {
    "map_at_1": 0.05956,
    "map_at_10": 0.13838,
    "map_at_100": 0.17192,
    "map_at_3": 0.09266,
    "map_at_5": 0.11277,
    "ndcg_at_1": 0.15504,
    "ndcg_at_10": 0.21052,
    "ndcg_at_100": 0.32461,
    "ndcg_at_3": 0.14641,
    "ndcg_at_5": 0.16255,
    "precision_at_1": 0.15504,
    "precision_at_10": 0.09612,
    "precision_at_100": 0.02349,
    "precision_at_3": 0.11886,
    "precision_at_5": 0.11163,
    "recall_at_1": 0.05956,
    "recall_at_10": 0.28049,
    "recall_at_100": 0.64199,
    "recall_at_3": 0.11434,
    "recall_at_5": 0.177
  }
}