{
  "dataset_name": "Medical-Sciences",
  "evaluation_time": "0.2 minutes",
  "gar_llm": "llama-70b",
  "gar_method": "hyde",
  "retriever_name": "nv",
  "test": {
    "map_at_1": 0.24585,
    "map_at_10": 0.4172,
    "map_at_100": 0.44706,
    "map_at_3": 0.34407,
    "map_at_5": 0.38414,
    "ndcg_at_1": 0.40909,
    "ndcg_at_10": 0.51188,
    "ndcg_at_100": 0.59911,
    "ndcg_at_3": 0.42041,
    "ndcg_at_5": 0.46272,
    "precision_at_1": 0.40909,
    "precision_at_10": 0.15,
    "precision_at_100": 0.02511,
    "precision_at_3": 0.26515,
    "precision_at_5": 0.21818,
    "recall_at_1": 0.24585,
    "recall_at_10": 0.64163,
    "recall_at_100": 0.92485,
    "recall_at_3": 0.40586,
    "recall_at_5": 0.51615
  }
}