{
  "dataset_name": "MedQA-Diag",
  "evaluation_time": "0.23 minutes",
  "gar_llm": "llama-70b",
  "gar_method": "hyde",
  "retriever_name": "nv",
  "test": {
    "map_at_1": 0.06118,
    "map_at_10": 0.19133,
    "map_at_100": 0.22779,
    "map_at_3": 0.13424,
    "map_at_5": 0.16343,
    "ndcg_at_1": 0.26271,
    "ndcg_at_10": 0.27528,
    "ndcg_at_100": 0.38155,
    "ndcg_at_3": 0.25208,
    "ndcg_at_5": 0.25114,
    "precision_at_1": 0.26271,
    "precision_at_10": 0.13475,
    "precision_at_100": 0.02754,
    "precision_at_3": 0.23164,
    "precision_at_5": 0.19153,
    "recall_at_1": 0.06118,
    "recall_at_10": 0.318,
    "recall_at_100": 0.65313,
    "recall_at_3": 0.16855,
    "recall_at_5": 0.23058
  }
}