{
  "dataset_name": "MedXpertQA-Exam",
  "evaluation_time": "0.25 minutes",
  "gar_llm": "llama-70b",
  "gar_method": "hyde",
  "retriever_name": "nv",
  "test": {
    "map_at_1": 0.06797,
    "map_at_10": 0.12776,
    "map_at_100": 0.14493,
    "map_at_3": 0.1045,
    "map_at_5": 0.11807,
    "ndcg_at_1": 0.12371,
    "ndcg_at_10": 0.17478,
    "ndcg_at_100": 0.25137,
    "ndcg_at_3": 0.14418,
    "ndcg_at_5": 0.15666,
    "precision_at_1": 0.12371,
    "precision_at_10": 0.05773,
    "precision_at_100": 0.01392,
    "precision_at_3": 0.09966,
    "precision_at_5": 0.08454,
    "recall_at_1": 0.06797,
    "recall_at_10": 0.22172,
    "recall_at_100": 0.51717,
    "recall_at_3": 0.14435,
    "recall_at_5": 0.17779
  }
}