{
  "dataset_name": "PMC-Treatment",
  "evaluation_time": "0.4 minutes",
  "gar_llm": "llama-70b",
  "gar_method": "hyde",
  "retriever_name": "nv",
  "test": {
    "map_at_1": 0.27211,
    "map_at_10": 0.40436,
    "map_at_100": 0.42156,
    "map_at_3": 0.3743,
    "map_at_5": 0.39017,
    "ndcg_at_1": 0.46667,
    "ndcg_at_10": 0.46959,
    "ndcg_at_100": 0.52978,
    "ndcg_at_3": 0.43993,
    "ndcg_at_5": 0.44116,
    "precision_at_1": 0.46667,
    "precision_at_10": 0.108,
    "precision_at_100": 0.01593,
    "precision_at_3": 0.26889,
    "precision_at_5": 0.184,
    "recall_at_1": 0.27211,
    "recall_at_10": 0.52433,
    "recall_at_100": 0.75722,
    "recall_at_3": 0.42122,
    "recall_at_5": 0.45644
  }
}