{
  "dataset_name": "PMC-Clinical",
  "evaluation_time": "0.26 minutes",
  "gar_llm": "llama-70b",
  "gar_method": "hyde",
  "retriever_name": "nv",
  "test": {
    "map_at_1": 0.20687,
    "map_at_10": 0.3772,
    "map_at_100": 0.39507,
    "map_at_3": 0.3097,
    "map_at_5": 0.35549,
    "ndcg_at_1": 0.36842,
    "ndcg_at_10": 0.46896,
    "ndcg_at_100": 0.53209,
    "ndcg_at_3": 0.37275,
    "ndcg_at_5": 0.42883,
    "precision_at_1": 0.36842,
    "precision_at_10": 0.12281,
    "precision_at_100": 0.01781,
    "precision_at_3": 0.24854,
    "precision_at_5": 0.19825,
    "recall_at_1": 0.20687,
    "recall_at_10": 0.60161,
    "recall_at_100": 0.83918,
    "recall_at_3": 0.38304,
    "recall_at_5": 0.50731
  }
}