{
  "dataset_name": "Bioinformatics",
  "evaluation_time": "0.28 minutes",
  "gar_llm": "r1-qwen-32b",
  "gar_method": "hyde",
  "retriever_name": "nv",
  "test": {
    "map_at_1": 0.21712,
    "map_at_10": 0.41982,
    "map_at_100": 0.45308,
    "map_at_3": 0.32531,
    "map_at_5": 0.39763,
    "ndcg_at_1": 0.37662,
    "ndcg_at_10": 0.51821,
    "ndcg_at_100": 0.59448,
    "ndcg_at_3": 0.42498,
    "ndcg_at_5": 0.49515,
    "precision_at_1": 0.37662,
    "precision_at_10": 0.16104,
    "precision_at_100": 0.02584,
    "precision_at_3": 0.29437,
    "precision_at_5": 0.25974,
    "recall_at_1": 0.21712,
    "recall_at_10": 0.65923,
    "recall_at_100": 0.87616,
    "recall_at_3": 0.39411,
    "recall_at_5": 0.58981
  }
}