{
  "dataset_name": "Biology",
  "evaluation_time": "0.25 minutes",
  "gar_llm": "r1-qwen-32b",
  "gar_method": "hyde",
  "retriever_name": "nv",
  "test": {
    "map_at_1": 0.102,
    "map_at_10": 0.24605,
    "map_at_100": 0.27793,
    "map_at_3": 0.17266,
    "map_at_5": 0.20953,
    "ndcg_at_1": 0.31068,
    "ndcg_at_10": 0.33099,
    "ndcg_at_100": 0.42568,
    "ndcg_at_3": 0.27482,
    "ndcg_at_5": 0.29528,
    "precision_at_1": 0.31068,
    "precision_at_10": 0.1466,
    "precision_at_100": 0.0266,
    "precision_at_3": 0.22977,
    "precision_at_5": 0.20194,
    "recall_at_1": 0.102,
    "recall_at_10": 0.38243,
    "recall_at_100": 0.70545,
    "recall_at_3": 0.20291,
    "recall_at_5": 0.28233
  }
}