{
  "dataset_name": "IIYi-Clinical",
  "evaluation_time": "0.5 minutes",
  "gar_llm": "r1-qwen-32b",
  "gar_method": "hyde",
  "retriever_name": "nv",
  "test": {
    "map_at_1": 0.05956,
    "map_at_10": 0.13696,
    "map_at_100": 0.16881,
    "map_at_3": 0.09707,
    "map_at_5": 0.11829,
    "ndcg_at_1": 0.14729,
    "ndcg_at_10": 0.20054,
    "ndcg_at_100": 0.31999,
    "ndcg_at_3": 0.1476,
    "ndcg_at_5": 0.16587,
    "precision_at_1": 0.14729,
    "precision_at_10": 0.08682,
    "precision_at_100": 0.02326,
    "precision_at_3": 0.11886,
    "precision_at_5": 0.11163,
    "recall_at_1": 0.05956,
    "recall_at_10": 0.25788,
    "recall_at_100": 0.64884,
    "recall_at_3": 0.12145,
    "recall_at_5": 0.18501
  }
}