{
  "dataset_name": "MedQA-Diag",
  "evaluation_time": "0.21 minutes",
  "gar_llm": "r1-qwen-32b",
  "gar_method": "hyde",
  "retriever_name": "nv",
  "test": {
    "map_at_1": 0.06491,
    "map_at_10": 0.19275,
    "map_at_100": 0.22445,
    "map_at_3": 0.13589,
    "map_at_5": 0.16544,
    "ndcg_at_1": 0.27119,
    "ndcg_at_10": 0.27375,
    "ndcg_at_100": 0.37161,
    "ndcg_at_3": 0.24699,
    "ndcg_at_5": 0.24881,
    "precision_at_1": 0.27119,
    "precision_at_10": 0.13644,
    "precision_at_100": 0.02712,
    "precision_at_3": 0.22599,
    "precision_at_5": 0.19153,
    "recall_at_1": 0.06491,
    "recall_at_10": 0.31098,
    "recall_at_100": 0.61935,
    "recall_at_3": 0.17256,
    "recall_at_5": 0.22858
  }
}