{
  "dataset_name": "MedXpertQA-Exam",
  "evaluation_time": "0.22 minutes",
  "gar_llm": "r1-qwen-32b",
  "gar_method": "hyde",
  "retriever_name": "nv",
  "test": {
    "map_at_1": 0.08911,
    "map_at_10": 0.14332,
    "map_at_100": 0.16237,
    "map_at_3": 0.11489,
    "map_at_5": 0.13543,
    "ndcg_at_1": 0.17526,
    "ndcg_at_10": 0.18777,
    "ndcg_at_100": 0.2662,
    "ndcg_at_3": 0.16223,
    "ndcg_at_5": 0.17634,
    "precision_at_1": 0.17526,
    "precision_at_10": 0.05773,
    "precision_at_100": 0.01423,
    "precision_at_3": 0.10997,
    "precision_at_5": 0.09278,
    "recall_at_1": 0.08911,
    "recall_at_10": 0.22619,
    "recall_at_100": 0.51512,
    "recall_at_3": 0.14006,
    "recall_at_5": 0.1905
  }
}