{
  "dataset_name": "PMC-Treatment",
  "evaluation_time": "0.39 minutes",
  "gar_llm": "r1-qwen-32b",
  "gar_method": "hyde",
  "retriever_name": "nv",
  "test": {
    "map_at_1": 0.26122,
    "map_at_10": 0.393,
    "map_at_100": 0.41049,
    "map_at_3": 0.36378,
    "map_at_5": 0.37919,
    "ndcg_at_1": 0.46,
    "ndcg_at_10": 0.4594,
    "ndcg_at_100": 0.52171,
    "ndcg_at_3": 0.42926,
    "ndcg_at_5": 0.43358,
    "precision_at_1": 0.46,
    "precision_at_10": 0.106,
    "precision_at_100": 0.01607,
    "precision_at_3": 0.26222,
    "precision_at_5": 0.184,
    "recall_at_1": 0.26122,
    "recall_at_10": 0.51878,
    "recall_at_100": 0.76022,
    "recall_at_3": 0.41033,
    "recall_at_5": 0.454
  }
}