{
  "dataset_name": "PMC-Clinical",
  "evaluation_time": "0.24 minutes",
  "gar_llm": "r1-qwen-32b",
  "gar_method": "hyde",
  "retriever_name": "nv",
  "test": {
    "map_at_1": 0.16447,
    "map_at_10": 0.33366,
    "map_at_100": 0.35081,
    "map_at_3": 0.27132,
    "map_at_5": 0.30743,
    "ndcg_at_1": 0.33333,
    "ndcg_at_10": 0.42164,
    "ndcg_at_100": 0.4887,
    "ndcg_at_3": 0.33101,
    "ndcg_at_5": 0.37118,
    "precision_at_1": 0.33333,
    "precision_at_10": 0.11754,
    "precision_at_100": 0.01746,
    "precision_at_3": 0.23392,
    "precision_at_5": 0.17895,
    "recall_at_1": 0.16447,
    "recall_at_10": 0.55994,
    "recall_at_100": 0.82968,
    "recall_at_3": 0.33772,
    "recall_at_5": 0.43421
  }
}