{
  "dataset_name": "Bioinformatics",
  "evaluation_time": "0.31 minutes",
  "gar_llm": "qwq-32b",
  "gar_method": "search-o1",
  "retriever_name": "nv",
  "test": {
    "map_at_1": 0.23745,
    "map_at_10": 0.43253,
    "map_at_100": 0.46641,
    "map_at_3": 0.35117,
    "map_at_5": 0.39824,
    "ndcg_at_1": 0.41558,
    "ndcg_at_10": 0.53333,
    "ndcg_at_100": 0.61148,
    "ndcg_at_3": 0.4575,
    "ndcg_at_5": 0.48784,
    "precision_at_1": 0.41558,
    "precision_at_10": 0.16364,
    "precision_at_100": 0.02649,
    "precision_at_3": 0.31169,
    "precision_at_5": 0.24675,
    "recall_at_1": 0.23745,
    "recall_at_10": 0.66464,
    "recall_at_100": 0.89665,
    "recall_at_3": 0.43253,
    "recall_at_5": 0.54057
  }
}