{
  "dataset_name": "Biology",
  "evaluation_time": "0.31 minutes",
  "gar_llm": "qwq-32b",
  "gar_method": "search-o1",
  "retriever_name": "nv",
  "test": {
    "map_at_1": 0.09747,
    "map_at_10": 0.24028,
    "map_at_100": 0.27159,
    "map_at_3": 0.17428,
    "map_at_5": 0.20971,
    "ndcg_at_1": 0.29126,
    "ndcg_at_10": 0.31818,
    "ndcg_at_100": 0.41469,
    "ndcg_at_3": 0.28445,
    "ndcg_at_5": 0.29357,
    "precision_at_1": 0.29126,
    "precision_at_10": 0.13883,
    "precision_at_100": 0.0265,
    "precision_at_3": 0.24919,
    "precision_at_5": 0.20194,
    "recall_at_1": 0.09747,
    "recall_at_10": 0.36267,
    "recall_at_100": 0.69186,
    "recall_at_3": 0.21025,
    "recall_at_5": 0.27986
  }
}