{
  "dataset_name": "IIYi-Clinical",
  "evaluation_time": "0.56 minutes",
  "gar_llm": "qwq-32b",
  "gar_method": "search-o1",
  "retriever_name": "nv",
  "test": {
    "map_at_1": 0.05388,
    "map_at_10": 0.14745,
    "map_at_100": 0.18051,
    "map_at_3": 0.10844,
    "map_at_5": 0.12478,
    "ndcg_at_1": 0.13178,
    "ndcg_at_10": 0.2152,
    "ndcg_at_100": 0.34562,
    "ndcg_at_3": 0.16671,
    "ndcg_at_5": 0.17701,
    "precision_at_1": 0.13178,
    "precision_at_10": 0.0969,
    "precision_at_100": 0.02589,
    "precision_at_3": 0.1447,
    "precision_at_5": 0.12248,
    "recall_at_1": 0.05388,
    "recall_at_10": 0.2801,
    "recall_at_100": 0.71615,
    "recall_at_3": 0.15504,
    "recall_at_5": 0.1978
  }
}