{
  "dataset_name": "Medical-Sciences",
  "evaluation_time": "0.22 minutes",
  "gar_llm": "qwq-32b",
  "gar_method": "search-o1",
  "retriever_name": "nv",
  "test": {
    "map_at_1": 0.24348,
    "map_at_10": 0.41894,
    "map_at_100": 0.44789,
    "map_at_3": 0.3481,
    "map_at_5": 0.3855,
    "ndcg_at_1": 0.38636,
    "ndcg_at_10": 0.51322,
    "ndcg_at_100": 0.59883,
    "ndcg_at_3": 0.43572,
    "ndcg_at_5": 0.46675,
    "precision_at_1": 0.38636,
    "precision_at_10": 0.15227,
    "precision_at_100": 0.02511,
    "precision_at_3": 0.28409,
    "precision_at_5": 0.225,
    "recall_at_1": 0.24348,
    "recall_at_10": 0.64559,
    "recall_at_100": 0.92117,
    "recall_at_3": 0.42265,
    "recall_at_5": 0.5209
  }
}