{
  "dataset_name": "MedQA-Diag",
  "evaluation_time": "0.29 minutes",
  "gar_llm": "qwq-32b",
  "gar_method": "search-o1",
  "retriever_name": "nv",
  "test": {
    "map_at_1": 0.08051,
    "map_at_10": 0.23788,
    "map_at_100": 0.27405,
    "map_at_3": 0.1679,
    "map_at_5": 0.20362,
    "ndcg_at_1": 0.32203,
    "ndcg_at_10": 0.32798,
    "ndcg_at_100": 0.43182,
    "ndcg_at_3": 0.30041,
    "ndcg_at_5": 0.30168,
    "precision_at_1": 0.32203,
    "precision_at_10": 0.15847,
    "precision_at_100": 0.02966,
    "precision_at_3": 0.26836,
    "precision_at_5": 0.22712,
    "recall_at_1": 0.08051,
    "recall_at_10": 0.37113,
    "recall_at_100": 0.69726,
    "recall_at_3": 0.20964,
    "recall_at_5": 0.27938
  }
}