{
  "dataset_name": "MedXpertQA-Exam",
  "evaluation_time": "0.3 minutes",
  "gar_llm": "qwq-32b",
  "gar_method": "search-o1",
  "retriever_name": "nv",
  "test": {
    "map_at_1": 0.08087,
    "map_at_10": 0.1559,
    "map_at_100": 0.17539,
    "map_at_3": 0.11919,
    "map_at_5": 0.13762,
    "ndcg_at_1": 0.19588,
    "ndcg_at_10": 0.21679,
    "ndcg_at_100": 0.2937,
    "ndcg_at_3": 0.1681,
    "ndcg_at_5": 0.18505,
    "precision_at_1": 0.19588,
    "precision_at_10": 0.0732,
    "precision_at_100": 0.01546,
    "precision_at_3": 0.12027,
    "precision_at_5": 0.10103,
    "recall_at_1": 0.08087,
    "recall_at_10": 0.28859,
    "recall_at_100": 0.57036,
    "recall_at_3": 0.14342,
    "recall_at_5": 0.2046
  }
}