{
  "dataset_name": "PMC-Treatment",
  "evaluation_time": "0.51 minutes",
  "gar_llm": "qwq-32b",
  "gar_method": "search-o1",
  "retriever_name": "nv",
  "test": {
    "map_at_1": 0.24011,
    "map_at_10": 0.38377,
    "map_at_100": 0.39945,
    "map_at_3": 0.3423,
    "map_at_5": 0.37102,
    "ndcg_at_1": 0.44,
    "ndcg_at_10": 0.45929,
    "ndcg_at_100": 0.5171,
    "ndcg_at_3": 0.41173,
    "ndcg_at_5": 0.43194,
    "precision_at_1": 0.44,
    "precision_at_10": 0.11133,
    "precision_at_100": 0.01627,
    "precision_at_3": 0.25778,
    "precision_at_5": 0.19067,
    "recall_at_1": 0.24011,
    "recall_at_10": 0.53789,
    "recall_at_100": 0.77244,
    "recall_at_3": 0.39022,
    "recall_at_5": 0.47233
  }
}