{
  "dataset_name": "PMC-Clinical",
  "evaluation_time": "0.33 minutes",
  "gar_llm": "qwq-32b",
  "gar_method": "search-o1",
  "retriever_name": "nv",
  "test": {
    "map_at_1": 0.21784,
    "map_at_10": 0.38967,
    "map_at_100": 0.40955,
    "map_at_3": 0.33212,
    "map_at_5": 0.36209,
    "ndcg_at_1": 0.39474,
    "ndcg_at_10": 0.47373,
    "ndcg_at_100": 0.54311,
    "ndcg_at_3": 0.3899,
    "ndcg_at_5": 0.42544,
    "precision_at_1": 0.39474,
    "precision_at_10": 0.12281,
    "precision_at_100": 0.01816,
    "precision_at_3": 0.26316,
    "precision_at_5": 0.19474,
    "recall_at_1": 0.21784,
    "recall_at_10": 0.59137,
    "recall_at_100": 0.85234,
    "recall_at_3": 0.38816,
    "recall_at_5": 0.47442
  }
}