{
  "dataset_name": "Bioinformatics",
  "evaluation_time": "0.26 minutes",
  "gar_llm": "huatuo-o1-70b",
  "gar_method": "hyde",
  "retriever_name": "bm25",
  "test": {
    "MAP@1": 0.12188,
    "MAP@10": 0.29693,
    "MAP@100": 0.32063,
    "MAP@25": 0.31262,
    "MAP@50": 0.31784,
    "MRR": 0.42775,
    "NDCG@1": 0.25974,
    "NDCG@10": 0.40023,
    "NDCG@100": 0.4761,
    "NDCG@25": 0.43829,
    "NDCG@50": 0.46038,
    "P@1": 0.25974,
    "P@10": 0.13247,
    "P@100": 0.0226,
    "P@25": 0.06857,
    "P@50": 0.03974,
    "Recall@1": 0.12188,
    "Recall@10": 0.5586,
    "Recall@100": 0.81152,
    "Recall@25": 0.66501,
    "Recall@50": 0.74909
  }
}