{
  "dataset_name": "Biology",
  "evaluation_time": "0.21 minutes",
  "gar_llm": "huatuo-o1-70b",
  "gar_method": "hyde",
  "retriever_name": "bm25",
  "test": {
    "MAP@1": 0.20098,
    "MAP@10": 0.39523,
    "MAP@100": 0.42605,
    "MAP@25": 0.41573,
    "MAP@50": 0.42309,
    "MRR": 0.62565,
    "NDCG@1": 0.54369,
    "NDCG@10": 0.49765,
    "NDCG@100": 0.58049,
    "NDCG@25": 0.53341,
    "NDCG@50": 0.56123,
    "P@1": 0.54369,
    "P@10": 0.18835,
    "P@100": 0.02981,
    "P@25": 0.09282,
    "P@50": 0.05359,
    "Recall@1": 0.20098,
    "Recall@10": 0.53786,
    "Recall@100": 0.81749,
    "Recall@25": 0.63996,
    "Recall@50": 0.73575
  }
}