{
  "dataset_name": "IIYi-Clinical",
  "evaluation_time": "0.32 minutes",
  "gar_llm": "huatuo-o1-70b",
  "gar_method": "hyde",
  "retriever_name": "bm25",
  "test": {
    "MAP@1": 0.01628,
    "MAP@10": 0.06107,
    "MAP@100": 0.07479,
    "MAP@25": 0.06905,
    "MAP@50": 0.07249,
    "MRR": 0.13805,
    "NDCG@1": 0.06202,
    "NDCG@10": 0.10011,
    "NDCG@100": 0.15891,
    "NDCG@25": 0.12544,
    "NDCG@50": 0.14323,
    "P@1": 0.06202,
    "P@10": 0.04729,
    "P@100": 0.01225,
    "P@25": 0.02853,
    "P@50": 0.01922,
    "Recall@1": 0.01628,
    "Recall@10": 0.13475,
    "Recall@100": 0.32984,
    "Recall@25": 0.20969,
    "Recall@50": 0.26938
  }
}