{
  "dataset_name": "Medical-Sciences",
  "evaluation_time": "0.17 minutes",
  "gar_llm": "huatuo-o1-70b",
  "gar_method": "hyde",
  "retriever_name": "bm25",
  "test": {
    "MAP@1": 0.20542,
    "MAP@10": 0.31202,
    "MAP@100": 0.33953,
    "MAP@25": 0.3306,
    "MAP@50": 0.33722,
    "MRR": 0.4637,
    "NDCG@1": 0.34091,
    "NDCG@10": 0.38467,
    "NDCG@100": 0.47639,
    "NDCG@25": 0.43025,
    "NDCG@50": 0.45814,
    "P@1": 0.34091,
    "P@10": 0.1,
    "P@100": 0.02011,
    "P@25": 0.05727,
    "P@50": 0.03523,
    "Recall@1": 0.20542,
    "Recall@10": 0.45553,
    "Recall@100": 0.76906,
    "Recall@25": 0.58525,
    "Recall@50": 0.6869
  }
}