{
  "dataset_name": "MedQA-Diag",
  "evaluation_time": "0.36 minutes",
  "gar_llm": "huatuo-o1-70b",
  "gar_method": "hyde",
  "retriever_name": "bm25",
  "test": {
    "MAP@1": 0.10258,
    "MAP@10": 0.30289,
    "MAP@100": 0.33709,
    "MAP@25": 0.32666,
    "MAP@50": 0.33429,
    "MRR": 0.48388,
    "NDCG@1": 0.38136,
    "NDCG@10": 0.39543,
    "NDCG@100": 0.48354,
    "NDCG@25": 0.44236,
    "NDCG@50": 0.47017,
    "P@1": 0.38136,
    "P@10": 0.18305,
    "P@100": 0.0311,
    "P@25": 0.09661,
    "P@50": 0.05695,
    "Recall@1": 0.10258,
    "Recall@10": 0.47234,
    "Recall@100": 0.7227,
    "Recall@25": 0.58682,
    "Recall@50": 0.67546
  }
}