{
  "dataset_name": "MedXpertQA-Exam",
  "evaluation_time": "0.36 minutes",
  "gar_llm": "huatuo-o1-70b",
  "gar_method": "hyde",
  "retriever_name": "bm25",
  "test": {
    "MAP@1": 0.0843,
    "MAP@10": 0.16182,
    "MAP@100": 0.18186,
    "MAP@25": 0.17391,
    "MAP@50": 0.17909,
    "MRR": 0.27493,
    "NDCG@1": 0.18557,
    "NDCG@10": 0.21906,
    "NDCG@100": 0.29606,
    "NDCG@25": 0.24973,
    "NDCG@50": 0.27399,
    "P@1": 0.18557,
    "P@10": 0.07526,
    "P@100": 0.01629,
    "P@25": 0.04247,
    "P@50": 0.0266,
    "Recall@1": 0.0843,
    "Recall@10": 0.27703,
    "Recall@100": 0.55576,
    "Recall@25": 0.36314,
    "Recall@50": 0.45859
  }
}