{
  "dataset_name": "PMC-Treatment",
  "evaluation_time": "0.19 minutes",
  "gar_llm": "huatuo-o1-70b",
  "gar_method": "hyde",
  "retriever_name": "bm25",
  "test": {
    "MAP@1": 0.23322,
    "MAP@10": 0.33215,
    "MAP@100": 0.34841,
    "MAP@25": 0.34255,
    "MAP@50": 0.34683,
    "MRR": 0.45359,
    "NDCG@1": 0.36667,
    "NDCG@10": 0.393,
    "NDCG@100": 0.46172,
    "NDCG@25": 0.4275,
    "NDCG@50": 0.44899,
    "P@1": 0.36667,
    "P@10": 0.088,
    "P@100": 0.0148,
    "P@25": 0.04427,
    "P@50": 0.0264,
    "Recall@1": 0.23322,
    "Recall@10": 0.46244,
    "Recall@100": 0.72833,
    "Recall@25": 0.58044,
    "Recall@50": 0.66844
  }
}