{
  "dataset_name": "PMC-Clinical",
  "evaluation_time": "0.87 minutes",
  "gar_llm": "huatuo-o1-70b",
  "gar_method": "hyde",
  "retriever_name": "bm25",
  "test": {
    "MAP@1": 0.12208,
    "MAP@10": 0.21783,
    "MAP@100": 0.2382,
    "MAP@25": 0.23174,
    "MAP@50": 0.23598,
    "MRR": 0.33198,
    "NDCG@1": 0.22807,
    "NDCG@10": 0.28378,
    "NDCG@100": 0.36649,
    "NDCG@25": 0.32518,
    "NDCG@50": 0.34542,
    "P@1": 0.22807,
    "P@10": 0.07807,
    "P@100": 0.01474,
    "P@25": 0.04351,
    "P@50": 0.02526,
    "Recall@1": 0.12208,
    "Recall@10": 0.36842,
    "Recall@100": 0.69664,
    "Recall@25": 0.5,
    "Recall@50": 0.58553
  }
}