{
  "dataset_name": "Bioinformatics",
  "evaluation_time": "0.04 minutes",
  "gar_llm": "qwen3-32b",
  "gar_method": "search-o1",
  "retriever_name": "bge",
  "test": {
    "map_at_1": 0.1039,
    "map_at_10": 0.22424,
    "map_at_100": 0.24911,
    "map_at_3": 0.16665,
    "map_at_5": 0.20231,
    "ndcg_at_1": 0.19481,
    "ndcg_at_10": 0.3034,
    "ndcg_at_100": 0.39508,
    "ndcg_at_3": 0.22817,
    "ndcg_at_5": 0.26957,
    "precision_at_1": 0.19481,
    "precision_at_10": 0.10779,
    "precision_at_100": 0.02156,
    "precision_at_3": 0.16017,
    "precision_at_5": 0.15325,
    "recall_at_1": 0.1039,
    "recall_at_10": 0.40991,
    "recall_at_100": 0.73344,
    "recall_at_3": 0.2275,
    "recall_at_5": 0.32276
  }
}