{
  "dataset_name": "Biology",
  "evaluation_time": "0.15 minutes",
  "gar_llm": "qwen3-32b",
  "gar_method": "search-o1",
  "retriever_name": "bge",
  "test": {
    "map_at_1": 0.07037,
    "map_at_10": 0.1573,
    "map_at_100": 0.18343,
    "map_at_3": 0.11093,
    "map_at_5": 0.1371,
    "ndcg_at_1": 0.23301,
    "ndcg_at_10": 0.23884,
    "ndcg_at_100": 0.32349,
    "ndcg_at_3": 0.19133,
    "ndcg_at_5": 0.21731,
    "precision_at_1": 0.23301,
    "precision_at_10": 0.10777,
    "precision_at_100": 0.02165,
    "precision_at_3": 0.15858,
    "precision_at_5": 0.1534,
    "recall_at_1": 0.07037,
    "recall_at_10": 0.28331,
    "recall_at_100": 0.57384,
    "recall_at_3": 0.14304,
    "recall_at_5": 0.21633
  }
}