{
  "dataset_name": "IIYi-Clinical",
  "evaluation_time": "0.04 minutes",
  "gar_llm": "qwen3-32b",
  "gar_method": "search-o1",
  "retriever_name": "bge",
  "test": {
    "map_at_1": 0.04173,
    "map_at_10": 0.10793,
    "map_at_100": 0.14141,
    "map_at_3": 0.08114,
    "map_at_5": 0.08911,
    "ndcg_at_1": 0.15504,
    "ndcg_at_10": 0.17471,
    "ndcg_at_100": 0.30893,
    "ndcg_at_3": 0.14673,
    "ndcg_at_5": 0.13473,
    "precision_at_1": 0.15504,
    "precision_at_10": 0.08217,
    "precision_at_100": 0.02434,
    "precision_at_3": 0.13953,
    "precision_at_5": 0.09922,
    "recall_at_1": 0.04173,
    "recall_at_10": 0.2177,
    "recall_at_100": 0.6801,
    "recall_at_3": 0.10581,
    "recall_at_5": 0.12313
  }
}