{
  "dataset_name": "MedQA-Diag",
  "evaluation_time": "0.06 minutes",
  "gar_llm": "qwen3-32b",
  "gar_method": "search-o1",
  "retriever_name": "bge",
  "test": {
    "map_at_1": 0.06794,
    "map_at_10": 0.18287,
    "map_at_100": 0.2088,
    "map_at_3": 0.12637,
    "map_at_5": 0.15599,
    "ndcg_at_1": 0.22034,
    "ndcg_at_10": 0.25485,
    "ndcg_at_100": 0.33711,
    "ndcg_at_3": 0.22295,
    "ndcg_at_5": 0.2324,
    "precision_at_1": 0.22034,
    "precision_at_10": 0.12288,
    "precision_at_100": 0.02415,
    "precision_at_3": 0.19774,
    "precision_at_5": 0.17797,
    "recall_at_1": 0.06794,
    "recall_at_10": 0.30004,
    "recall_at_100": 0.55631,
    "recall_at_3": 0.15627,
    "recall_at_5": 0.21921
  }
}