{
  "dataset_name": "MedXpertQA-Exam",
  "evaluation_time": "0.05 minutes",
  "gar_llm": "qwen3-32b",
  "gar_method": "search-o1",
  "retriever_name": "bge",
  "test": {
    "map_at_1": 0.07949,
    "map_at_10": 0.13881,
    "map_at_100": 0.15503,
    "map_at_3": 0.12104,
    "map_at_5": 0.13205,
    "ndcg_at_1": 0.20619,
    "ndcg_at_10": 0.18484,
    "ndcg_at_100": 0.25255,
    "ndcg_at_3": 0.17136,
    "ndcg_at_5": 0.17396,
    "precision_at_1": 0.20619,
    "precision_at_10": 0.05773,
    "precision_at_100": 0.01289,
    "precision_at_3": 0.12371,
    "precision_at_5": 0.09485,
    "recall_at_1": 0.07949,
    "recall_at_10": 0.21394,
    "recall_at_100": 0.46005,
    "recall_at_3": 0.14925,
    "recall_at_5": 0.18396
  }
}