{
  "dataset_name": "PMC-Clinical",
  "evaluation_time": "0.06 minutes",
  "gar_llm": "qwen3-32b",
  "gar_method": "search-o1",
  "retriever_name": "bge",
  "test": {
    "map_at_1": 0.10673,
    "map_at_10": 0.19002,
    "map_at_100": 0.20913,
    "map_at_3": 0.15461,
    "map_at_5": 0.16703,
    "ndcg_at_1": 0.22807,
    "ndcg_at_10": 0.25458,
    "ndcg_at_100": 0.33684,
    "ndcg_at_3": 0.19063,
    "ndcg_at_5": 0.20831,
    "precision_at_1": 0.22807,
    "precision_at_10": 0.07456,
    "precision_at_100": 0.01439,
    "precision_at_3": 0.13158,
    "precision_at_5": 0.09825,
    "recall_at_1": 0.10673,
    "recall_at_10": 0.34211,
    "recall_at_100": 0.66594,
    "recall_at_3": 0.18275,
    "recall_at_5": 0.22442
  }
}