{
  "dataset_name": "PMC-Treatment",
  "evaluation_time": "0.04 minutes",
  "gar_llm": "qwen3-32b",
  "gar_method": "search-o1",
  "retriever_name": "bge",
  "test": {
    "map_at_1": 0.24267,
    "map_at_10": 0.36138,
    "map_at_100": 0.37348,
    "map_at_3": 0.32419,
    "map_at_5": 0.34232,
    "ndcg_at_1": 0.4,
    "ndcg_at_10": 0.42957,
    "ndcg_at_100": 0.47711,
    "ndcg_at_3": 0.38258,
    "ndcg_at_5": 0.39661,
    "precision_at_1": 0.4,
    "precision_at_10": 0.10267,
    "precision_at_100": 0.01427,
    "precision_at_3": 0.22889,
    "precision_at_5": 0.16533,
    "recall_at_1": 0.24267,
    "recall_at_10": 0.5,
    "recall_at_100": 0.68967,
    "recall_at_3": 0.36667,
    "recall_at_5": 0.42356
  }
}