{
  "dataset_name": "Bioinformatics",
  "evaluation_time": "0.25 minutes",
  "gar_llm": "r1-llama-70b",
  "gar_method": "hyde",
  "retriever_name": "bm25",
  "test": {
    "MAP@1": 0.15218,
    "MAP@10": 0.30413,
    "MAP@100": 0.32995,
    "MAP@25": 0.31781,
    "MAP@50": 0.32569,
    "MRR": 0.41123,
    "NDCG@1": 0.27273,
    "NDCG@10": 0.38857,
    "NDCG@100": 0.48273,
    "NDCG@25": 0.42448,
    "NDCG@50": 0.45586,
    "P@1": 0.27273,
    "P@10": 0.12727,
    "P@100": 0.02455,
    "P@25": 0.06545,
    "P@50": 0.0413,
    "Recall@1": 0.15218,
    "Recall@10": 0.51371,
    "Recall@100": 0.8445,
    "Recall@25": 0.61724,
    "Recall@50": 0.72537
  }
}