{
  "dataset_name": "Biology",
  "evaluation_time": "0.2 minutes",
  "gar_llm": "r1-llama-70b",
  "gar_method": "hyde",
  "retriever_name": "bm25",
  "test": {
    "MAP@1": 0.19573,
    "MAP@10": 0.40174,
    "MAP@100": 0.43846,
    "MAP@25": 0.42964,
    "MAP@50": 0.4363,
    "MRR": 0.61299,
    "NDCG@1": 0.53398,
    "NDCG@10": 0.49523,
    "NDCG@100": 0.59208,
    "NDCG@25": 0.5527,
    "NDCG@50": 0.57986,
    "P@1": 0.53398,
    "P@10": 0.18932,
    "P@100": 0.03078,
    "P@25": 0.10175,
    "P@50": 0.05767,
    "Recall@1": 0.19573,
    "Recall@10": 0.53399,
    "Recall@100": 0.85096,
    "Recall@25": 0.70257,
    "Recall@50": 0.80072
  }
}