{
  "dataset_name": "IIYi-Clinical",
  "evaluation_time": "0.33 minutes",
  "gar_llm": "r1-llama-70b",
  "gar_method": "hyde",
  "retriever_name": "bm25",
  "test": {
    "MAP@1": 0.02093,
    "MAP@10": 0.0613,
    "MAP@100": 0.07467,
    "MAP@25": 0.06816,
    "MAP@50": 0.0723,
    "MRR": 0.13584,
    "NDCG@1": 0.06977,
    "NDCG@10": 0.09134,
    "NDCG@100": 0.15596,
    "NDCG@25": 0.11546,
    "NDCG@50": 0.13905,
    "P@1": 0.06977,
    "P@10": 0.04031,
    "P@100": 0.01209,
    "P@25": 0.02574,
    "P@50": 0.0186,
    "Recall@1": 0.02093,
    "Recall@10": 0.11034,
    "Recall@100": 0.33088,
    "Recall@25": 0.17817,
    "Recall@50": 0.2646
  }
}