{
  "dataset_name": "Medical-Sciences",
  "evaluation_time": "0.17 minutes",
  "gar_llm": "r1-llama-70b",
  "gar_method": "hyde",
  "retriever_name": "bm25",
  "test": {
    "MAP@1": 0.1847,
    "MAP@10": 0.30396,
    "MAP@100": 0.3264,
    "MAP@25": 0.31789,
    "MAP@50": 0.32289,
    "MRR": 0.43299,
    "NDCG@1": 0.30682,
    "NDCG@10": 0.39475,
    "NDCG@100": 0.47344,
    "NDCG@25": 0.42995,
    "NDCG@50": 0.44955,
    "P@1": 0.30682,
    "P@10": 0.11932,
    "P@100": 0.02091,
    "P@25": 0.06045,
    "P@50": 0.03523,
    "Recall@1": 0.1847,
    "Recall@10": 0.52746,
    "Recall@100": 0.80735,
    "Recall@25": 0.63505,
    "Recall@50": 0.70207
  }
}