{
  "dataset_name": "MedQA-Diag",
  "evaluation_time": "0.36 minutes",
  "gar_llm": "r1-llama-70b",
  "gar_method": "hyde",
  "retriever_name": "bm25",
  "test": {
    "MAP@1": 0.1032,
    "MAP@10": 0.29065,
    "MAP@100": 0.32069,
    "MAP@25": 0.31161,
    "MAP@50": 0.31625,
    "MRR": 0.48951,
    "NDCG@1": 0.38136,
    "NDCG@10": 0.38397,
    "NDCG@100": 0.46535,
    "NDCG@25": 0.42521,
    "NDCG@50": 0.44055,
    "P@1": 0.38136,
    "P@10": 0.1822,
    "P@100": 0.03,
    "P@25": 0.09288,
    "P@50": 0.05119,
    "Recall@1": 0.1032,
    "Recall@10": 0.43257,
    "Recall@100": 0.67955,
    "Recall@25": 0.53579,
    "Recall@50": 0.58524
  }
}