{
  "dataset_name": "MedXpertQA-Exam",
  "evaluation_time": "0.35 minutes",
  "gar_llm": "r1-llama-70b",
  "gar_method": "hyde",
  "retriever_name": "bm25",
  "test": {
    "MAP@1": 0.07752,
    "MAP@10": 0.15602,
    "MAP@100": 0.17918,
    "MAP@25": 0.17172,
    "MAP@50": 0.17714,
    "MRR": 0.26022,
    "NDCG@1": 0.16495,
    "NDCG@10": 0.22125,
    "NDCG@100": 0.29885,
    "NDCG@25": 0.25927,
    "NDCG@50": 0.28548,
    "P@1": 0.16495,
    "P@10": 0.08351,
    "P@100": 0.0166,
    "P@25": 0.04784,
    "P@50": 0.02948,
    "Recall@1": 0.07752,
    "Recall@10": 0.29812,
    "Recall@100": 0.57809,
    "Recall@25": 0.41046,
    "Recall@50": 0.51743
  }
}