{
  "dataset_name": "PMC-Treatment",
  "evaluation_time": "0.18 minutes",
  "gar_llm": "r1-llama-70b",
  "gar_method": "hyde",
  "retriever_name": "bm25",
  "test": {
    "MAP@1": 0.18278,
    "MAP@10": 0.2882,
    "MAP@100": 0.30573,
    "MAP@25": 0.30082,
    "MAP@50": 0.30464,
    "MRR": 0.38815,
    "NDCG@1": 0.29333,
    "NDCG@10": 0.3495,
    "NDCG@100": 0.41815,
    "NDCG@25": 0.38664,
    "NDCG@50": 0.40755,
    "P@1": 0.29333,
    "P@10": 0.08467,
    "P@100": 0.01427,
    "P@25": 0.04533,
    "P@50": 0.0264,
    "Recall@1": 0.18278,
    "Recall@10": 0.43489,
    "Recall@100": 0.70233,
    "Recall@25": 0.55556,
    "Recall@50": 0.64578
  }
}