{
  "dataset_name": "PMC-Clinical",
  "evaluation_time": "0.89 minutes",
  "gar_llm": "r1-llama-70b",
  "gar_method": "hyde",
  "retriever_name": "bm25",
  "test": {
    "MAP@1": 0.12939,
    "MAP@10": 0.26314,
    "MAP@100": 0.28025,
    "MAP@25": 0.27348,
    "MAP@50": 0.27752,
    "MRR": 0.37452,
    "NDCG@1": 0.26316,
    "NDCG@10": 0.33855,
    "NDCG@100": 0.41082,
    "NDCG@25": 0.37009,
    "NDCG@50": 0.39029,
    "P@1": 0.26316,
    "P@10": 0.09825,
    "P@100": 0.01623,
    "P@25": 0.04842,
    "P@50": 0.02825,
    "Recall@1": 0.12939,
    "Recall@10": 0.44591,
    "Recall@100": 0.73173,
    "Recall@25": 0.54825,
    "Recall@50": 0.62939
  }
}