{
  "dataset_name": "Bioinformatics",
  "evaluation_time": "0.04 minutes",
  "gar_llm": "qwen-7b",
  "gar_method": "lamer",
  "retriever_name": "bge",
  "test": {
    "map_at_1": 0.17687,
    "map_at_10": 0.31305,
    "map_at_100": 0.3377,
    "map_at_3": 0.26171,
    "map_at_5": 0.29136,
    "ndcg_at_1": 0.33766,
    "ndcg_at_10": 0.38374,
    "ndcg_at_100": 0.46895,
    "ndcg_at_3": 0.33993,
    "ndcg_at_5": 0.35149,
    "precision_at_1": 0.33766,
    "precision_at_10": 0.12078,
    "precision_at_100": 0.02234,
    "precision_at_3": 0.23377,
    "precision_at_5": 0.17922,
    "recall_at_1": 0.17687,
    "recall_at_10": 0.46677,
    "recall_at_100": 0.76348,
    "recall_at_3": 0.30594,
    "recall_at_5": 0.37165
  }
}