{
  "dataset_name": "Biology",
  "evaluation_time": "0.14 minutes",
  "gar_llm": "qwen-7b",
  "gar_method": "lamer",
  "retriever_name": "bge",
  "test": {
    "map_at_1": 0.06085,
    "map_at_10": 0.13811,
    "map_at_100": 0.1656,
    "map_at_3": 0.10673,
    "map_at_5": 0.12384,
    "ndcg_at_1": 0.24272,
    "ndcg_at_10": 0.20327,
    "ndcg_at_100": 0.30102,
    "ndcg_at_3": 0.19177,
    "ndcg_at_5": 0.19039,
    "precision_at_1": 0.24272,
    "precision_at_10": 0.08932,
    "precision_at_100": 0.02117,
    "precision_at_3": 0.16505,
    "precision_at_5": 0.1301,
    "recall_at_1": 0.06085,
    "recall_at_10": 0.22517,
    "recall_at_100": 0.56146,
    "recall_at_3": 0.13303,
    "recall_at_5": 0.17137
  }
}