{
  "dataset_name": "IIYi-Clinical",
  "evaluation_time": "0.03 minutes",
  "gar_llm": "qwen-7b",
  "gar_method": "lamer",
  "retriever_name": "bge",
  "test": {
    "map_at_1": 0.05065,
    "map_at_10": 0.09918,
    "map_at_100": 0.13163,
    "map_at_3": 0.07601,
    "map_at_5": 0.08617,
    "ndcg_at_1": 0.17054,
    "ndcg_at_10": 0.16214,
    "ndcg_at_100": 0.29121,
    "ndcg_at_3": 0.13909,
    "ndcg_at_5": 0.13547,
    "precision_at_1": 0.17054,
    "precision_at_10": 0.07132,
    "precision_at_100": 0.0224,
    "precision_at_3": 0.12403,
    "precision_at_5": 0.09767,
    "recall_at_1": 0.05065,
    "recall_at_10": 0.18953,
    "recall_at_100": 0.63062,
    "recall_at_3": 0.09871,
    "recall_at_5": 0.12494
  }
}