{
  "dataset_name": "Medical-Sciences",
  "evaluation_time": "0.03 minutes",
  "gar_llm": "qwen-7b",
  "gar_method": "lamer",
  "retriever_name": "bge",
  "test": {
    "map_at_1": 0.18107,
    "map_at_10": 0.33418,
    "map_at_100": 0.35755,
    "map_at_3": 0.26056,
    "map_at_5": 0.3028,
    "ndcg_at_1": 0.28409,
    "ndcg_at_10": 0.41696,
    "ndcg_at_100": 0.49881,
    "ndcg_at_3": 0.32043,
    "ndcg_at_5": 0.37278,
    "precision_at_1": 0.28409,
    "precision_at_10": 0.13295,
    "precision_at_100": 0.02216,
    "precision_at_3": 0.20833,
    "precision_at_5": 0.19091,
    "recall_at_1": 0.18107,
    "recall_at_10": 0.54192,
    "recall_at_100": 0.8344,
    "recall_at_3": 0.30913,
    "recall_at_5": 0.42945
  }
}