{
  "dataset_name": "MedQA-Diag",
  "evaluation_time": "0.05 minutes",
  "gar_llm": "qwen-7b",
  "gar_method": "lamer",
  "retriever_name": "bge",
  "test": {
    "map_at_1": 0.044,
    "map_at_10": 0.10848,
    "map_at_100": 0.12004,
    "map_at_3": 0.07768,
    "map_at_5": 0.09462,
    "ndcg_at_1": 0.11864,
    "ndcg_at_10": 0.14864,
    "ndcg_at_100": 0.20579,
    "ndcg_at_3": 0.1306,
    "ndcg_at_5": 0.13188,
    "precision_at_1": 0.11864,
    "precision_at_10": 0.0661,
    "precision_at_100": 0.015,
    "precision_at_3": 0.11299,
    "precision_at_5": 0.09153,
    "recall_at_1": 0.044,
    "recall_at_10": 0.17696,
    "recall_at_100": 0.36697,
    "recall_at_3": 0.09868,
    "recall_at_5": 0.13153
  }
}