{
  "dataset_name": "PMC-Treatment",
  "evaluation_time": "0.04 minutes",
  "gar_llm": "qwen-7b",
  "gar_method": "lamer",
  "retriever_name": "bge",
  "test": {
    "map_at_1": 0.27256,
    "map_at_10": 0.37915,
    "map_at_100": 0.39291,
    "map_at_3": 0.34119,
    "map_at_5": 0.36667,
    "ndcg_at_1": 0.45333,
    "ndcg_at_10": 0.44638,
    "ndcg_at_100": 0.49592,
    "ndcg_at_3": 0.40444,
    "ndcg_at_5": 0.42051,
    "precision_at_1": 0.45333,
    "precision_at_10": 0.10067,
    "precision_at_100": 0.01467,
    "precision_at_3": 0.23778,
    "precision_at_5": 0.172,
    "recall_at_1": 0.27256,
    "recall_at_10": 0.50678,
    "recall_at_100": 0.694,
    "recall_at_3": 0.37967,
    "recall_at_5": 0.44122
  }
}