{
  "dataset_name": "Bioinformatics",
  "evaluation_time": "0.27 minutes",
  "gar_llm": "qwen-32b",
  "gar_method": "hyde",
  "retriever_name": "nv",
  "test": {
    "map_at_1": 0.20923,
    "map_at_10": 0.42165,
    "map_at_100": 0.45158,
    "map_at_3": 0.33248,
    "map_at_5": 0.38664,
    "ndcg_at_1": 0.4026,
    "ndcg_at_10": 0.52349,
    "ndcg_at_100": 0.59497,
    "ndcg_at_3": 0.43883,
    "ndcg_at_5": 0.48309,
    "precision_at_1": 0.4026,
    "precision_at_10": 0.16753,
    "precision_at_100": 0.0261,
    "precision_at_3": 0.2987,
    "precision_at_5": 0.25455,
    "recall_at_1": 0.20923,
    "recall_at_10": 0.67237,
    "recall_at_100": 0.8806,
    "recall_at_3": 0.42549,
    "recall_at_5": 0.55618
  }
}