{
  "dataset_name": "Biology",
  "evaluation_time": "0.22 minutes",
  "gar_llm": "qwen-32b",
  "gar_method": "hyde",
  "retriever_name": "nv",
  "test": {
    "map_at_1": 0.10445,
    "map_at_10": 0.23796,
    "map_at_100": 0.27093,
    "map_at_3": 0.17175,
    "map_at_5": 0.21025,
    "ndcg_at_1": 0.32039,
    "ndcg_at_10": 0.31342,
    "ndcg_at_100": 0.41181,
    "ndcg_at_3": 0.28139,
    "ndcg_at_5": 0.29546,
    "precision_at_1": 0.32039,
    "precision_at_10": 0.13592,
    "precision_at_100": 0.02583,
    "precision_at_3": 0.24272,
    "precision_at_5": 0.20194,
    "recall_at_1": 0.10445,
    "recall_at_10": 0.3465,
    "recall_at_100": 0.6821,
    "recall_at_3": 0.20307,
    "recall_at_5": 0.27968
  }
}