{
  "dataset_name": "IIYi-Clinical",
  "evaluation_time": "0.65 minutes",
  "gar_llm": "qwen-32b",
  "gar_method": "hyde",
  "retriever_name": "nv",
  "test": {
    "map_at_1": 0.06111,
    "map_at_10": 0.14382,
    "map_at_100": 0.17588,
    "map_at_3": 0.10635,
    "map_at_5": 0.12277,
    "ndcg_at_1": 0.15504,
    "ndcg_at_10": 0.21347,
    "ndcg_at_100": 0.3295,
    "ndcg_at_3": 0.16445,
    "ndcg_at_5": 0.17267,
    "precision_at_1": 0.15504,
    "precision_at_10": 0.0938,
    "precision_at_100": 0.02372,
    "precision_at_3": 0.13953,
    "precision_at_5": 0.11783,
    "recall_at_1": 0.06111,
    "recall_at_10": 0.28023,
    "recall_at_100": 0.65103,
    "recall_at_3": 0.14457,
    "recall_at_5": 0.1885
  }
}