{
  "dataset_name": "Medical-Sciences",
  "evaluation_time": "0.18 minutes",
  "gar_llm": "qwen-32b",
  "gar_method": "hyde",
  "retriever_name": "nv",
  "test": {
    "map_at_1": 0.21365,
    "map_at_10": 0.40346,
    "map_at_100": 0.43194,
    "map_at_3": 0.33481,
    "map_at_5": 0.36452,
    "ndcg_at_1": 0.36364,
    "ndcg_at_10": 0.49759,
    "ndcg_at_100": 0.58524,
    "ndcg_at_3": 0.42141,
    "ndcg_at_5": 0.44319,
    "precision_at_1": 0.36364,
    "precision_at_10": 0.14659,
    "precision_at_100": 0.02477,
    "precision_at_3": 0.28409,
    "precision_at_5": 0.21364,
    "recall_at_1": 0.21365,
    "recall_at_10": 0.63175,
    "recall_at_100": 0.91576,
    "recall_at_3": 0.41408,
    "recall_at_5": 0.49343
  }
}