{
  "dataset_name": "MedQA-Diag",
  "evaluation_time": "0.24 minutes",
  "gar_llm": "qwen-32b",
  "gar_method": "hyde",
  "retriever_name": "nv",
  "test": {
    "map_at_1": 0.05333,
    "map_at_10": 0.16157,
    "map_at_100": 0.18889,
    "map_at_3": 0.10986,
    "map_at_5": 0.14064,
    "ndcg_at_1": 0.19492,
    "ndcg_at_10": 0.22771,
    "ndcg_at_100": 0.32327,
    "ndcg_at_3": 0.18717,
    "ndcg_at_5": 0.2044,
    "precision_at_1": 0.19492,
    "precision_at_10": 0.10932,
    "precision_at_100": 0.02415,
    "precision_at_3": 0.17232,
    "precision_at_5": 0.15424,
    "recall_at_1": 0.05333,
    "recall_at_10": 0.26986,
    "recall_at_100": 0.57987,
    "recall_at_3": 0.14078,
    "recall_at_5": 0.20661
  }
}