{
  "dataset_name": "MedXpertQA-Exam",
  "evaluation_time": "0.25 minutes",
  "gar_llm": "qwen-32b",
  "gar_method": "hyde",
  "retriever_name": "nv",
  "test": {
    "map_at_1": 0.06823,
    "map_at_10": 0.11762,
    "map_at_100": 0.13514,
    "map_at_3": 0.09824,
    "map_at_5": 0.10563,
    "ndcg_at_1": 0.15464,
    "ndcg_at_10": 0.16404,
    "ndcg_at_100": 0.23762,
    "ndcg_at_3": 0.14102,
    "ndcg_at_5": 0.14342,
    "precision_at_1": 0.15464,
    "precision_at_10": 0.05155,
    "precision_at_100": 0.01289,
    "precision_at_3": 0.09278,
    "precision_at_5": 0.0701,
    "recall_at_1": 0.06823,
    "recall_at_10": 0.20282,
    "recall_at_100": 0.47075,
    "recall_at_3": 0.13343,
    "recall_at_5": 0.1509
  }
}