{
  "dataset_name": "PMC-Clinical",
  "evaluation_time": "0.25 minutes",
  "gar_llm": "qwen-32b",
  "gar_method": "hyde",
  "retriever_name": "nv",
  "test": {
    "map_at_1": 0.19371,
    "map_at_10": 0.34801,
    "map_at_100": 0.36907,
    "map_at_3": 0.28935,
    "map_at_5": 0.32389,
    "ndcg_at_1": 0.35965,
    "ndcg_at_10": 0.434,
    "ndcg_at_100": 0.50869,
    "ndcg_at_3": 0.35243,
    "ndcg_at_5": 0.38911,
    "precision_at_1": 0.35965,
    "precision_at_10": 0.11491,
    "precision_at_100": 0.01781,
    "precision_at_3": 0.23977,
    "precision_at_5": 0.18246,
    "recall_at_1": 0.19371,
    "recall_at_10": 0.55482,
    "recall_at_100": 0.83553,
    "recall_at_3": 0.3538,
    "recall_at_5": 0.44152
  }
}