{
  "dataset_name": "PMC-Treatment",
  "evaluation_time": "0.45 minutes",
  "gar_llm": "qwen-32b",
  "gar_method": "hyde",
  "retriever_name": "nv",
  "test": {
    "map_at_1": 0.26789,
    "map_at_10": 0.38593,
    "map_at_100": 0.40153,
    "map_at_3": 0.35493,
    "map_at_5": 0.37232,
    "ndcg_at_1": 0.46,
    "ndcg_at_10": 0.45309,
    "ndcg_at_100": 0.51363,
    "ndcg_at_3": 0.41919,
    "ndcg_at_5": 0.42644,
    "precision_at_1": 0.46,
    "precision_at_10": 0.10467,
    "precision_at_100": 0.01573,
    "precision_at_3": 0.24889,
    "precision_at_5": 0.17467,
    "recall_at_1": 0.26789,
    "recall_at_10": 0.509,
    "recall_at_100": 0.75489,
    "recall_at_3": 0.39456,
    "recall_at_5": 0.44589
  }
}