{
  "dataset_name": "Bioinformatics",
  "evaluation_time": "0.26 minutes",
  "gar_llm": "r1-llama-70b",
  "gar_method": "hyde",
  "retriever_name": "nv",
  "test": {
    "map_at_1": 0.23474,
    "map_at_10": 0.43903,
    "map_at_100": 0.47276,
    "map_at_3": 0.35268,
    "map_at_5": 0.41176,
    "ndcg_at_1": 0.4026,
    "ndcg_at_10": 0.53312,
    "ndcg_at_100": 0.60946,
    "ndcg_at_3": 0.45358,
    "ndcg_at_5": 0.50058,
    "precision_at_1": 0.4026,
    "precision_at_10": 0.16494,
    "precision_at_100": 0.0261,
    "precision_at_3": 0.31169,
    "precision_at_5": 0.25974,
    "recall_at_1": 0.23474,
    "recall_at_10": 0.66024,
    "recall_at_100": 0.88083,
    "recall_at_3": 0.41653,
    "recall_at_5": 0.56082
  }
}