{
  "dataset_name": "Biology",
  "evaluation_time": "0.24 minutes",
  "gar_llm": "r1-llama-70b",
  "gar_method": "hyde",
  "retriever_name": "nv",
  "test": {
    "map_at_1": 0.10313,
    "map_at_10": 0.25202,
    "map_at_100": 0.28526,
    "map_at_3": 0.18691,
    "map_at_5": 0.21857,
    "ndcg_at_1": 0.31068,
    "ndcg_at_10": 0.32826,
    "ndcg_at_100": 0.42822,
    "ndcg_at_3": 0.29602,
    "ndcg_at_5": 0.29837,
    "precision_at_1": 0.31068,
    "precision_at_10": 0.14078,
    "precision_at_100": 0.0266,
    "precision_at_3": 0.25566,
    "precision_at_5": 0.20194,
    "recall_at_1": 0.10313,
    "recall_at_10": 0.37156,
    "recall_at_100": 0.70914,
    "recall_at_3": 0.2226,
    "recall_at_5": 0.27707
  }
}