{
  "dataset_name": "Medical-Sciences",
  "evaluation_time": "0.17 minutes",
  "gar_llm": "r1-llama-70b",
  "gar_method": "hyde",
  "retriever_name": "nv",
  "test": {
    "map_at_1": 0.22028,
    "map_at_10": 0.409,
    "map_at_100": 0.43621,
    "map_at_3": 0.33213,
    "map_at_5": 0.37714,
    "ndcg_at_1": 0.36364,
    "ndcg_at_10": 0.50322,
    "ndcg_at_100": 0.58887,
    "ndcg_at_3": 0.42098,
    "ndcg_at_5": 0.46414,
    "precision_at_1": 0.36364,
    "precision_at_10": 0.15114,
    "precision_at_100": 0.025,
    "precision_at_3": 0.2803,
    "precision_at_5": 0.23182,
    "recall_at_1": 0.22028,
    "recall_at_10": 0.63858,
    "recall_at_100": 0.92144,
    "recall_at_3": 0.41327,
    "recall_at_5": 0.53804
  }
}