{
  "dataset_name": "MedQA-Diag",
  "evaluation_time": "0.19 minutes",
  "gar_llm": "r1-llama-70b",
  "gar_method": "hyde",
  "retriever_name": "nv",
  "test": {
    "map_at_1": 0.08673,
    "map_at_10": 0.24433,
    "map_at_100": 0.27939,
    "map_at_3": 0.16474,
    "map_at_5": 0.20554,
    "ndcg_at_1": 0.36441,
    "ndcg_at_10": 0.33783,
    "ndcg_at_100": 0.43811,
    "ndcg_at_3": 0.3052,
    "ndcg_at_5": 0.30289,
    "precision_at_1": 0.36441,
    "precision_at_10": 0.16695,
    "precision_at_100": 0.03017,
    "precision_at_3": 0.27401,
    "precision_at_5": 0.23051,
    "recall_at_1": 0.08673,
    "recall_at_10": 0.38224,
    "recall_at_100": 0.69796,
    "recall_at_3": 0.20462,
    "recall_at_5": 0.274
  }
}