{
  "dataset_name": "MedXpertQA-Exam",
  "evaluation_time": "0.21 minutes",
  "gar_llm": "r1-llama-70b",
  "gar_method": "hyde",
  "retriever_name": "nv",
  "test": {
    "map_at_1": 0.11351,
    "map_at_10": 0.17524,
    "map_at_100": 0.19882,
    "map_at_3": 0.15086,
    "map_at_5": 0.16058,
    "ndcg_at_1": 0.23711,
    "ndcg_at_10": 0.2298,
    "ndcg_at_100": 0.31148,
    "ndcg_at_3": 0.19967,
    "ndcg_at_5": 0.20254,
    "precision_at_1": 0.23711,
    "precision_at_10": 0.0701,
    "precision_at_100": 0.01577,
    "precision_at_3": 0.13746,
    "precision_at_5": 0.10103,
    "recall_at_1": 0.11351,
    "recall_at_10": 0.27914,
    "recall_at_100": 0.56718,
    "recall_at_3": 0.17693,
    "recall_at_5": 0.20409
  }
}