{
  "dataset_name": "PMC-Clinical",
  "evaluation_time": "0.26 minutes",
  "gar_llm": "r1-llama-70b",
  "gar_method": "hyde",
  "retriever_name": "nv",
  "test": {
    "map_at_1": 0.20687,
    "map_at_10": 0.38626,
    "map_at_100": 0.40551,
    "map_at_3": 0.32809,
    "map_at_5": 0.36567,
    "ndcg_at_1": 0.38596,
    "ndcg_at_10": 0.46533,
    "ndcg_at_100": 0.53338,
    "ndcg_at_3": 0.38642,
    "ndcg_at_5": 0.42223,
    "precision_at_1": 0.38596,
    "precision_at_10": 0.12281,
    "precision_at_100": 0.01807,
    "precision_at_3": 0.26901,
    "precision_at_5": 0.2,
    "recall_at_1": 0.20687,
    "recall_at_10": 0.5826,
    "recall_at_100": 0.84357,
    "recall_at_3": 0.3845,
    "recall_at_5": 0.47222
  }
}