{
  "dataset_name": "PMC-Treatment",
  "evaluation_time": "0.36 minutes",
  "gar_llm": "r1-llama-70b",
  "gar_method": "hyde",
  "retriever_name": "nv",
  "test": {
    "map_at_1": 0.26989,
    "map_at_10": 0.40449,
    "map_at_100": 0.42092,
    "map_at_3": 0.37359,
    "map_at_5": 0.39441,
    "ndcg_at_1": 0.46,
    "ndcg_at_10": 0.47038,
    "ndcg_at_100": 0.52869,
    "ndcg_at_3": 0.44334,
    "ndcg_at_5": 0.45078,
    "precision_at_1": 0.46,
    "precision_at_10": 0.108,
    "precision_at_100": 0.0158,
    "precision_at_3": 0.27333,
    "precision_at_5": 0.19467,
    "recall_at_1": 0.26989,
    "recall_at_10": 0.52533,
    "recall_at_100": 0.75256,
    "recall_at_3": 0.428,
    "recall_at_5": 0.47633
  }
}