{
  "dataset_name": "Bioinformatics",
  "evaluation_time": "0.25 minutes",
  "gar_llm": "qwen-72b",
  "gar_method": "hyde",
  "retriever_name": "bm25",
  "test": {
    "MAP@1": 0.14341,
    "MAP@10": 0.28591,
    "MAP@100": 0.3158,
    "MAP@25": 0.30581,
    "MAP@50": 0.3123,
    "MRR": 0.39786,
    "NDCG@1": 0.24675,
    "NDCG@10": 0.36962,
    "NDCG@100": 0.46966,
    "NDCG@25": 0.42381,
    "NDCG@50": 0.45037,
    "P@1": 0.24675,
    "P@10": 0.11948,
    "P@100": 0.02364,
    "P@25": 0.06597,
    "P@50": 0.04052,
    "Recall@1": 0.14341,
    "Recall@10": 0.4913,
    "Recall@100": 0.82563,
    "Recall@25": 0.65716,
    "Recall@50": 0.75079
  }
}