{
  "dataset_name": "Biology",
  "evaluation_time": "0.21 minutes",
  "gar_llm": "qwen-72b",
  "gar_method": "hyde",
  "retriever_name": "bm25",
  "test": {
    "MAP@1": 0.20081,
    "MAP@10": 0.44702,
    "MAP@100": 0.47621,
    "MAP@25": 0.46678,
    "MAP@50": 0.47345,
    "MRR": 0.64241,
    "NDCG@1": 0.54369,
    "NDCG@10": 0.54417,
    "NDCG@100": 0.61676,
    "NDCG@25": 0.5783,
    "NDCG@50": 0.60305,
    "P@1": 0.54369,
    "P@10": 0.21068,
    "P@100": 0.03078,
    "P@25": 0.10136,
    "P@50": 0.0567,
    "Recall@1": 0.20081,
    "Recall@10": 0.59004,
    "Recall@100": 0.82862,
    "Recall@25": 0.68848,
    "Recall@50": 0.77562
  }
}