{
  "dataset_name": "IIYi-Clinical",
  "evaluation_time": "0.34 minutes",
  "gar_llm": "qwen-72b",
  "gar_method": "hyde",
  "retriever_name": "bm25",
  "test": {
    "MAP@1": 0.02804,
    "MAP@10": 0.06802,
    "MAP@100": 0.08235,
    "MAP@25": 0.07573,
    "MAP@50": 0.07954,
    "MRR": 0.15801,
    "NDCG@1": 0.08527,
    "NDCG@10": 0.10894,
    "NDCG@100": 0.17916,
    "NDCG@25": 0.13409,
    "NDCG@50": 0.15412,
    "P@1": 0.08527,
    "P@10": 0.05039,
    "P@100": 0.0138,
    "P@25": 0.0307,
    "P@50": 0.02016,
    "Recall@1": 0.02804,
    "Recall@10": 0.13708,
    "Recall@100": 0.38682,
    "Recall@25": 0.20646,
    "Recall@50": 0.2792
  }
}