{
  "dataset_name": "Medical-Sciences",
  "evaluation_time": "0.18 minutes",
  "gar_llm": "qwen-72b",
  "gar_method": "hyde",
  "retriever_name": "bm25",
  "test": {
    "MAP@1": 0.2148,
    "MAP@10": 0.33576,
    "MAP@100": 0.36462,
    "MAP@25": 0.35746,
    "MAP@50": 0.36227,
    "MRR": 0.48353,
    "NDCG@1": 0.34091,
    "NDCG@10": 0.42118,
    "NDCG@100": 0.50555,
    "NDCG@25": 0.47042,
    "NDCG@50": 0.48922,
    "P@1": 0.34091,
    "P@10": 0.11818,
    "P@100": 0.02102,
    "P@25": 0.06591,
    "P@50": 0.0375,
    "Recall@1": 0.2148,
    "Recall@10": 0.51112,
    "Recall@100": 0.79585,
    "Recall@25": 0.65139,
    "Recall@50": 0.72225
  }
}