{
  "dataset_name": "MedQA-Diag",
  "evaluation_time": "0.38 minutes",
  "gar_llm": "qwen-72b",
  "gar_method": "hyde",
  "retriever_name": "bm25",
  "test": {
    "MAP@1": 0.0926,
    "MAP@10": 0.22718,
    "MAP@100": 0.25707,
    "MAP@25": 0.24689,
    "MAP@50": 0.25355,
    "MRR": 0.41347,
    "NDCG@1": 0.29661,
    "NDCG@10": 0.30844,
    "NDCG@100": 0.3972,
    "NDCG@25": 0.3526,
    "NDCG@50": 0.37456,
    "P@1": 0.29661,
    "P@10": 0.14407,
    "P@100": 0.02636,
    "P@25": 0.07797,
    "P@50": 0.04525,
    "Recall@1": 0.0926,
    "Recall@10": 0.34051,
    "Recall@100": 0.62176,
    "Recall@25": 0.45548,
    "Recall@50": 0.52747
  }
}