{
  "dataset_name": "MedXpertQA-Exam",
  "evaluation_time": "0.37 minutes",
  "gar_llm": "qwen-72b",
  "gar_method": "hyde",
  "retriever_name": "bm25",
  "test": {
    "MAP@1": 0.05312,
    "MAP@10": 0.11175,
    "MAP@100": 0.13062,
    "MAP@25": 0.12408,
    "MAP@50": 0.12746,
    "MRR": 0.19649,
    "NDCG@1": 0.12371,
    "NDCG@10": 0.16054,
    "NDCG@100": 0.23711,
    "NDCG@25": 0.19219,
    "NDCG@50": 0.21004,
    "P@1": 0.12371,
    "P@10": 0.05979,
    "P@100": 0.01433,
    "P@25": 0.03505,
    "P@50": 0.02165,
    "Recall@1": 0.05312,
    "Recall@10": 0.22029,
    "Recall@100": 0.50842,
    "Recall@25": 0.31753,
    "Recall@50": 0.38402
  }
}