{
  "dataset_name": "PMC-Clinical",
  "evaluation_time": "0.92 minutes",
  "gar_llm": "qwen-72b",
  "gar_method": "hyde",
  "retriever_name": "bm25",
  "test": {
    "MAP@1": 0.15497,
    "MAP@10": 0.23279,
    "MAP@100": 0.25614,
    "MAP@25": 0.24957,
    "MAP@50": 0.2539,
    "MRR": 0.35935,
    "NDCG@1": 0.27193,
    "NDCG@10": 0.29303,
    "NDCG@100": 0.38463,
    "NDCG@25": 0.34236,
    "NDCG@50": 0.36468,
    "P@1": 0.27193,
    "P@10": 0.07544,
    "P@100": 0.01535,
    "P@25": 0.04526,
    "P@50": 0.02649,
    "Recall@1": 0.15497,
    "Recall@10": 0.35234,
    "Recall@100": 0.70468,
    "Recall@25": 0.50731,
    "Recall@50": 0.60307
  }
}