{
  "dataset_name": "PMC-Treatment",
  "evaluation_time": "0.19 minutes",
  "gar_llm": "qwen-72b",
  "gar_method": "hyde",
  "retriever_name": "bm25",
  "test": {
    "MAP@1": 0.17067,
    "MAP@10": 0.28645,
    "MAP@100": 0.29946,
    "MAP@25": 0.29454,
    "MAP@50": 0.29724,
    "MRR": 0.38555,
    "NDCG@1": 0.26,
    "NDCG@10": 0.35949,
    "NDCG@100": 0.41554,
    "NDCG@25": 0.38203,
    "NDCG@50": 0.39478,
    "P@1": 0.26,
    "P@10": 0.086,
    "P@100": 0.014,
    "P@25": 0.04187,
    "P@50": 0.02347,
    "Recall@1": 0.17067,
    "Recall@10": 0.47489,
    "Recall@100": 0.70189,
    "Recall@25": 0.54578,
    "Recall@50": 0.59722
  }
}