{
  "dataset_name": "Bioinformatics",
  "evaluation_time": "0.28 minutes",
  "gar_llm": "gpt4",
  "gar_method": "hyde",
  "retriever_name": "nv",
  "test": {
    "map_at_1": 0.25476,
    "map_at_10": 0.44626,
    "map_at_100": 0.48024,
    "map_at_3": 0.37076,
    "map_at_5": 0.41385,
    "ndcg_at_1": 0.45455,
    "ndcg_at_10": 0.54151,
    "ndcg_at_100": 0.62202,
    "ndcg_at_3": 0.47565,
    "ndcg_at_5": 0.49925,
    "precision_at_1": 0.45455,
    "precision_at_10": 0.16494,
    "precision_at_100": 0.02649,
    "precision_at_3": 0.32468,
    "precision_at_5": 0.24416,
    "recall_at_1": 0.25476,
    "recall_at_10": 0.6575,
    "recall_at_100": 0.9019,
    "recall_at_3": 0.43783,
    "recall_at_5": 0.54544
  }
}