{
  "dataset_name": "Biology",
  "evaluation_time": "0.22 minutes",
  "gar_llm": "gpt4",
  "gar_method": "hyde",
  "retriever_name": "nv",
  "test": {
    "map_at_1": 0.11455,
    "map_at_10": 0.25865,
    "map_at_100": 0.29293,
    "map_at_3": 0.19522,
    "map_at_5": 0.22837,
    "ndcg_at_1": 0.35922,
    "ndcg_at_10": 0.33606,
    "ndcg_at_100": 0.4356,
    "ndcg_at_3": 0.30643,
    "ndcg_at_5": 0.31117,
    "precision_at_1": 0.35922,
    "precision_at_10": 0.13981,
    "precision_at_100": 0.0265,
    "precision_at_3": 0.25566,
    "precision_at_5": 0.20583,
    "recall_at_1": 0.11455,
    "recall_at_10": 0.36747,
    "recall_at_100": 0.69904,
    "recall_at_3": 0.21913,
    "recall_at_5": 0.28282
  }
}