{
  "dataset_name": "IIYi-Clinical",
  "evaluation_time": "0.63 minutes",
  "gar_llm": "gpt4",
  "gar_method": "hyde",
  "retriever_name": "nv",
  "test": {
    "map_at_1": 0.07829,
    "map_at_10": 0.14922,
    "map_at_100": 0.18376,
    "map_at_3": 0.11733,
    "map_at_5": 0.13208,
    "ndcg_at_1": 0.17054,
    "ndcg_at_10": 0.21304,
    "ndcg_at_100": 0.33546,
    "ndcg_at_3": 0.17413,
    "ndcg_at_5": 0.17749,
    "precision_at_1": 0.17054,
    "precision_at_10": 0.08992,
    "precision_at_100": 0.02372,
    "precision_at_3": 0.13953,
    "precision_at_5": 0.11473,
    "recall_at_1": 0.07829,
    "recall_at_10": 0.25698,
    "recall_at_100": 0.66111,
    "recall_at_3": 0.14328,
    "recall_at_5": 0.17868
  }
}