{
  "dataset_name": "Medical-Sciences",
  "evaluation_time": "0.19 minutes",
  "gar_llm": "gpt4",
  "gar_method": "hyde",
  "retriever_name": "nv",
  "test": {
    "map_at_1": 0.21933,
    "map_at_10": 0.40696,
    "map_at_100": 0.43361,
    "map_at_3": 0.32538,
    "map_at_5": 0.36758,
    "ndcg_at_1": 0.375,
    "ndcg_at_10": 0.50834,
    "ndcg_at_100": 0.58903,
    "ndcg_at_3": 0.41177,
    "ndcg_at_5": 0.45074,
    "precision_at_1": 0.375,
    "precision_at_10": 0.15682,
    "precision_at_100": 0.02545,
    "precision_at_3": 0.27652,
    "precision_at_5": 0.22727,
    "recall_at_1": 0.21933,
    "recall_at_10": 0.67004,
    "recall_at_100": 0.93159,
    "recall_at_3": 0.4107,
    "recall_at_5": 0.51579
  }
}