{
  "dataset_name": "MedXpertQA-Exam",
  "evaluation_time": "0.22 minutes",
  "gar_llm": "gpt4",
  "gar_method": "hyde",
  "retriever_name": "nv",
  "test": {
    "map_at_1": 0.0886,
    "map_at_10": 0.16786,
    "map_at_100": 0.18997,
    "map_at_3": 0.13677,
    "map_at_5": 0.15538,
    "ndcg_at_1": 0.21649,
    "ndcg_at_10": 0.23082,
    "ndcg_at_100": 0.31438,
    "ndcg_at_3": 0.19878,
    "ndcg_at_5": 0.20953,
    "precision_at_1": 0.21649,
    "precision_at_10": 0.07629,
    "precision_at_100": 0.01649,
    "precision_at_3": 0.14089,
    "precision_at_5": 0.11753,
    "recall_at_1": 0.0886,
    "recall_at_10": 0.28351,
    "recall_at_100": 0.59115,
    "recall_at_3": 0.17683,
    "recall_at_5": 0.22326
  }
}