{
  "dataset_name": "PMC-Treatment",
  "evaluation_time": "0.47 minutes",
  "gar_llm": "gpt4",
  "gar_method": "hyde",
  "retriever_name": "nv",
  "test": {
    "map_at_1": 0.27744,
    "map_at_10": 0.40665,
    "map_at_100": 0.42146,
    "map_at_3": 0.37019,
    "map_at_5": 0.3879,
    "ndcg_at_1": 0.46667,
    "ndcg_at_10": 0.47347,
    "ndcg_at_100": 0.52902,
    "ndcg_at_3": 0.43292,
    "ndcg_at_5": 0.43853,
    "precision_at_1": 0.46667,
    "precision_at_10": 0.11067,
    "precision_at_100": 0.0158,
    "precision_at_3": 0.26,
    "precision_at_5": 0.18267,
    "recall_at_1": 0.27744,
    "recall_at_10": 0.53256,
    "recall_at_100": 0.75622,
    "recall_at_3": 0.40511,
    "recall_at_5": 0.44933
  }
}