{
  "dataset_name": "PMC-Clinical",
  "evaluation_time": "0.23 minutes",
  "gar_llm": "gpt4",
  "gar_method": "hyde",
  "retriever_name": "nv",
  "test": {
    "map_at_1": 0.21345,
    "map_at_10": 0.40009,
    "map_at_100": 0.41834,
    "map_at_3": 0.34137,
    "map_at_5": 0.37953,
    "ndcg_at_1": 0.39474,
    "ndcg_at_10": 0.48511,
    "ndcg_at_100": 0.55042,
    "ndcg_at_3": 0.40581,
    "ndcg_at_5": 0.44602,
    "precision_at_1": 0.39474,
    "precision_at_10": 0.12632,
    "precision_at_100": 0.01825,
    "precision_at_3": 0.27778,
    "precision_at_5": 0.20877,
    "recall_at_1": 0.21345,
    "recall_at_10": 0.60673,
    "recall_at_100": 0.85307,
    "recall_at_3": 0.41594,
    "recall_at_5": 0.51023
  }
}