{
  "dataset_name": "Bioinformatics",
  "evaluation_time": "0.76 minutes",
  "reranker_name": "rankllama",
  "retriever_name": "nv",
  "test": {
    "MAP@1": 0.18789,
    "MAP@10": 0.38728,
    "MAP@100": 0.38728,
    "MAP@25": 0.38728,
    "MAP@50": 0.38728,
    "MRR": 0.50606,
    "NDCG@1": 0.35065,
    "NDCG@10": 0.49382,
    "NDCG@100": 0.49382,
    "NDCG@25": 0.49382,
    "NDCG@50": 0.49382,
    "P@1": 0.35065,
    "P@10": 0.16364,
    "P@100": 0.01636,
    "P@25": 0.06545,
    "P@50": 0.03273,
    "Recall@1": 0.18789,
    "Recall@10": 0.65351,
    "Recall@100": 0.65351,
    "Recall@25": 0.65351,
    "Recall@50": 0.65351
  },
  "topk": 10
}