{
  "dataset_name": "Biology",
  "evaluation_time": "0.77 minutes",
  "reranker_name": "rankllama",
  "retriever_name": "nv",
  "test": {
    "MAP@1": 0.05069,
    "MAP@10": 0.14569,
    "MAP@100": 0.14569,
    "MAP@25": 0.14569,
    "MAP@50": 0.14569,
    "MRR": 0.25431,
    "NDCG@1": 0.15534,
    "NDCG@10": 0.22554,
    "NDCG@100": 0.22372,
    "NDCG@25": 0.22372,
    "NDCG@50": 0.22372,
    "P@1": 0.15534,
    "P@10": 0.11748,
    "P@100": 0.01175,
    "P@25": 0.04699,
    "P@50": 0.0235,
    "Recall@1": 0.05069,
    "Recall@10": 0.30947,
    "Recall@100": 0.30947,
    "Recall@25": 0.30947,
    "Recall@50": 0.30947
  },
  "topk": 10
}