{
  "dataset_name": "Medical-Sciences",
  "evaluation_time": "0.69 minutes",
  "reranker_name": "rankllama",
  "retriever_name": "nv",
  "test": {
    "MAP@1": 0.16299,
    "MAP@10": 0.34522,
    "MAP@100": 0.34522,
    "MAP@25": 0.34522,
    "MAP@50": 0.34522,
    "MRR": 0.44041,
    "NDCG@1": 0.27273,
    "NDCG@10": 0.45066,
    "NDCG@100": 0.45066,
    "NDCG@25": 0.45066,
    "NDCG@50": 0.45066,
    "P@1": 0.27273,
    "P@10": 0.14659,
    "P@100": 0.01466,
    "P@25": 0.05864,
    "P@50": 0.02932,
    "Recall@1": 0.16299,
    "Recall@10": 0.63527,
    "Recall@100": 0.63527,
    "Recall@25": 0.63527,
    "Recall@50": 0.63527
  },
  "topk": 10
}