{
  "dataset_name": "MedQA-Diag",
  "evaluation_time": "1.12 minutes",
  "reranker_name": "rankllama",
  "retriever_name": "nv",
  "test": {
    "MAP@1": 0.0385,
    "MAP@10": 0.11698,
    "MAP@100": 0.11698,
    "MAP@25": 0.11698,
    "MAP@50": 0.11698,
    "MRR": 0.23579,
    "NDCG@1": 0.14407,
    "NDCG@10": 0.17239,
    "NDCG@100": 0.17239,
    "NDCG@25": 0.17239,
    "NDCG@50": 0.17239,
    "P@1": 0.14407,
    "P@10": 0.0822,
    "P@100": 0.00822,
    "P@25": 0.03288,
    "P@50": 0.01644,
    "Recall@1": 0.0385,
    "Recall@10": 0.20178,
    "Recall@100": 0.20178,
    "Recall@25": 0.20178,
    "Recall@50": 0.20178
  },
  "topk": 10
}