{
  "dataset_name": "MedXpertQA-Exam",
  "evaluation_time": "0.96 minutes",
  "reranker_name": "rankllama",
  "retriever_name": "nv",
  "test": {
    "MAP@1": 0.04502,
    "MAP@10": 0.07003,
    "MAP@100": 0.07003,
    "MAP@25": 0.07003,
    "MAP@50": 0.07003,
    "MRR": 0.13999,
    "NDCG@1": 0.09278,
    "NDCG@10": 0.10563,
    "NDCG@100": 0.10563,
    "NDCG@25": 0.10563,
    "NDCG@50": 0.10563,
    "P@1": 0.09278,
    "P@10": 0.03918,
    "P@100": 0.00392,
    "P@25": 0.01567,
    "P@50": 0.00784,
    "Recall@1": 0.04502,
    "Recall@10": 0.13648,
    "Recall@100": 0.13648,
    "Recall@25": 0.13648,
    "Recall@50": 0.13648
  },
  "topk": 10
}