{
  "dataset_name": "PMC-Treatment",
  "evaluation_time": "2.01 minutes",
  "reranker_name": "rankllama",
  "retriever_name": "nv",
  "test": {
    "MAP@1": 0.22889,
    "MAP@10": 0.3533,
    "MAP@100": 0.3533,
    "MAP@25": 0.3533,
    "MAP@50": 0.3533,
    "MRR": 0.50394,
    "NDCG@1": 0.41333,
    "NDCG@10": 0.42657,
    "NDCG@100": 0.42657,
    "NDCG@25": 0.42657,
    "NDCG@50": 0.42657,
    "P@1": 0.41333,
    "P@10": 0.102,
    "P@100": 0.0102,
    "P@25": 0.0408,
    "P@50": 0.0204,
    "Recall@1": 0.22889,
    "Recall@10": 0.49322,
    "Recall@100": 0.49322,
    "Recall@25": 0.49322,
    "Recall@50": 0.49322
  },
  "topk": 10
}