{
  "dataset_name": "PMC-Clinical",
  "evaluation_time": "1.74 minutes",
  "reranker_name": "rankllama",
  "retriever_name": "nv",
  "test": {
    "MAP@1": 0.16447,
    "MAP@10": 0.29415,
    "MAP@100": 0.29415,
    "MAP@25": 0.29415,
    "MAP@50": 0.29415,
    "MRR": 0.39623,
    "NDCG@1": 0.28947,
    "NDCG@10": 0.38359,
    "NDCG@100": 0.38359,
    "NDCG@25": 0.38359,
    "NDCG@50": 0.38359,
    "P@1": 0.28947,
    "P@10": 0.10526,
    "P@100": 0.01053,
    "P@25": 0.04211,
    "P@50": 0.02105,
    "Recall@1": 0.16447,
    "Recall@10": 0.5307,
    "Recall@100": 0.5307,
    "Recall@25": 0.5307,
    "Recall@50": 0.5307
  },
  "topk": 10
}