{
  "dataset_name": "Bioinformatics",
  "evaluation_time": "0.24 minutes",
  "gar_llm": "gpt4",
  "gar_method": "query2doc",
  "retriever_name": "nv",
  "test": {
    "map_at_1": 0.2131,
    "map_at_10": 0.42603,
    "map_at_100": 0.45914,
    "map_at_3": 0.34747,
    "map_at_5": 0.40185,
    "ndcg_at_1": 0.38961,
    "ndcg_at_10": 0.52347,
    "ndcg_at_100": 0.60863,
    "ndcg_at_3": 0.45753,
    "ndcg_at_5": 0.49735,
    "precision_at_1": 0.38961,
    "precision_at_10": 0.16234,
    "precision_at_100": 0.02701,
    "precision_at_3": 0.32035,
    "precision_at_5": 0.26234,
    "recall_at_1": 0.2131,
    "recall_at_10": 0.65629,
    "recall_at_100": 0.92208,
    "recall_at_3": 0.44389,
    "recall_at_5": 0.5725
  }
}