{
  "dataset_name": "Biology",
  "evaluation_time": "0.23 minutes",
  "gar_llm": "gpt4",
  "gar_method": "query2doc",
  "retriever_name": "nv",
  "test": {
    "map_at_1": 0.11448,
    "map_at_10": 0.28716,
    "map_at_100": 0.32126,
    "map_at_3": 0.21004,
    "map_at_5": 0.2531,
    "ndcg_at_1": 0.33981,
    "ndcg_at_10": 0.37006,
    "ndcg_at_100": 0.46804,
    "ndcg_at_3": 0.32537,
    "ndcg_at_5": 0.33916,
    "precision_at_1": 0.33981,
    "precision_at_10": 0.15825,
    "precision_at_100": 0.02825,
    "precision_at_3": 0.27832,
    "precision_at_5": 0.23107,
    "recall_at_1": 0.11448,
    "recall_at_10": 0.42019,
    "recall_at_100": 0.74872,
    "recall_at_3": 0.24682,
    "recall_at_5": 0.322
  }
}