{
  "dataset_name": "IIYi-Clinical",
  "evaluation_time": "0.71 minutes",
  "gar_llm": "gpt4",
  "gar_method": "query2doc",
  "retriever_name": "nv",
  "test": {
    "map_at_1": 0.05633,
    "map_at_10": 0.14765,
    "map_at_100": 0.18907,
    "map_at_3": 0.09421,
    "map_at_5": 0.12657,
    "ndcg_at_1": 0.15504,
    "ndcg_at_10": 0.23369,
    "ndcg_at_100": 0.36202,
    "ndcg_at_3": 0.15434,
    "ndcg_at_5": 0.18885,
    "precision_at_1": 0.15504,
    "precision_at_10": 0.10465,
    "precision_at_100": 0.02605,
    "precision_at_3": 0.13437,
    "precision_at_5": 0.13643,
    "recall_at_1": 0.05633,
    "recall_at_10": 0.32817,
    "recall_at_100": 0.72274,
    "recall_at_3": 0.13178,
    "recall_at_5": 0.22494
  }
}