{
  "dataset_name": "Medical-Sciences",
  "evaluation_time": "0.16 minutes",
  "gar_llm": "gpt4",
  "gar_method": "query2doc",
  "retriever_name": "nv",
  "test": {
    "map_at_1": 0.21365,
    "map_at_10": 0.4183,
    "map_at_100": 0.44306,
    "map_at_3": 0.3399,
    "map_at_5": 0.37886,
    "ndcg_at_1": 0.36364,
    "ndcg_at_10": 0.51948,
    "ndcg_at_100": 0.5964,
    "ndcg_at_3": 0.43091,
    "ndcg_at_5": 0.46792,
    "precision_at_1": 0.36364,
    "precision_at_10": 0.15909,
    "precision_at_100": 0.025,
    "precision_at_3": 0.28788,
    "precision_at_5": 0.23182,
    "recall_at_1": 0.21365,
    "recall_at_10": 0.67619,
    "recall_at_100": 0.92702,
    "recall_at_3": 0.43816,
    "recall_at_5": 0.54393
  }
}