{
  "dataset_name": "MedXpertQA-Exam",
  "evaluation_time": "0.23 minutes",
  "gar_llm": "gpt4",
  "gar_method": "query2doc",
  "retriever_name": "nv",
  "test": {
    "map_at_1": 0.07709,
    "map_at_10": 0.19032,
    "map_at_100": 0.21343,
    "map_at_3": 0.15835,
    "map_at_5": 0.17559,
    "ndcg_at_1": 0.18557,
    "ndcg_at_10": 0.25855,
    "ndcg_at_100": 0.33293,
    "ndcg_at_3": 0.22539,
    "ndcg_at_5": 0.23513,
    "precision_at_1": 0.18557,
    "precision_at_10": 0.08763,
    "precision_at_100": 0.0166,
    "precision_at_3": 0.18213,
    "precision_at_5": 0.13608,
    "recall_at_1": 0.07709,
    "recall_at_10": 0.33319,
    "recall_at_100": 0.59304,
    "recall_at_3": 0.21465,
    "recall_at_5": 0.26958
  }
}