{
  "dataset_name": "PMC-Clinical",
  "evaluation_time": "0.22 minutes",
  "gar_llm": "gpt4",
  "gar_method": "query2doc",
  "retriever_name": "nv",
  "test": {
    "map_at_1": 0.23757,
    "map_at_10": 0.44077,
    "map_at_100": 0.45816,
    "map_at_3": 0.3778,
    "map_at_5": 0.42279,
    "ndcg_at_1": 0.45614,
    "ndcg_at_10": 0.52302,
    "ndcg_at_100": 0.5832,
    "ndcg_at_3": 0.44256,
    "ndcg_at_5": 0.49224,
    "precision_at_1": 0.45614,
    "precision_at_10": 0.13421,
    "precision_at_100": 0.01877,
    "precision_at_3": 0.30994,
    "precision_at_5": 0.23509,
    "recall_at_1": 0.23757,
    "recall_at_10": 0.63377,
    "recall_at_100": 0.86111,
    "recall_at_3": 0.44298,
    "recall_at_5": 0.55994
  }
}