{
  "dataset_name": "PMC-Treatment",
  "evaluation_time": "0.47 minutes",
  "gar_llm": "gpt4",
  "gar_method": "query2doc",
  "retriever_name": "nv",
  "test": {
    "map_at_1": 0.27178,
    "map_at_10": 0.40223,
    "map_at_100": 0.41675,
    "map_at_3": 0.3633,
    "map_at_5": 0.38867,
    "ndcg_at_1": 0.46,
    "ndcg_at_10": 0.471,
    "ndcg_at_100": 0.52554,
    "ndcg_at_3": 0.43107,
    "ndcg_at_5": 0.44376,
    "precision_at_1": 0.46,
    "precision_at_10": 0.11,
    "precision_at_100": 0.0156,
    "precision_at_3": 0.26,
    "precision_at_5": 0.18533,
    "recall_at_1": 0.27178,
    "recall_at_10": 0.53056,
    "recall_at_100": 0.75467,
    "recall_at_3": 0.40789,
    "recall_at_5": 0.46589
  }
}