{
  "dataset_name": "Bioinformatics",
  "evaluation_time": "0.2 minutes",
  "reranker_name": "bge-reranker",
  "retriever_name": "nv",
  "test": {
    "MAP@1": 0.14677,
    "MAP@10": 0.32775,
    "MAP@100": 0.32775,
    "MAP@25": 0.32775,
    "MAP@50": 0.32775,
    "MRR": 0.40955,
    "NDCG@1": 0.24675,
    "NDCG@10": 0.4432,
    "NDCG@100": 0.4432,
    "NDCG@25": 0.4432,
    "NDCG@50": 0.4432,
    "P@1": 0.24675,
    "P@10": 0.16364,
    "P@100": 0.01636,
    "P@25": 0.06545,
    "P@50": 0.03273,
    "Recall@1": 0.14677,
    "Recall@10": 0.65351,
    "Recall@100": 0.65351,
    "Recall@25": 0.65351,
    "Recall@50": 0.65351
  },
  "topk": 10
}