{
  "dataset_name": "Biology",
  "evaluation_time": "0.26 minutes",
  "reranker_name": "bge-reranker",
  "retriever_name": "nv",
  "test": {
    "MAP@1": 0.05606,
    "MAP@10": 0.14585,
    "MAP@100": 0.14585,
    "MAP@25": 0.14585,
    "MAP@50": 0.14585,
    "MRR": 0.27308,
    "NDCG@1": 0.19417,
    "NDCG@10": 0.2279,
    "NDCG@100": 0.22584,
    "NDCG@25": 0.22584,
    "NDCG@50": 0.22584,
    "P@1": 0.19417,
    "P@10": 0.11748,
    "P@100": 0.01175,
    "P@25": 0.04699,
    "P@50": 0.0235,
    "Recall@1": 0.05606,
    "Recall@10": 0.30947,
    "Recall@100": 0.30947,
    "Recall@25": 0.30947,
    "Recall@50": 0.30947
  },
  "topk": 10
}