{
  "dataset_name": "IIYi-Clinical",
  "evaluation_time": "0.38 minutes",
  "reranker_name": "bge-reranker",
  "retriever_name": "nv",
  "test": {
    "MAP@1": 0.01705,
    "MAP@10": 0.06704,
    "MAP@100": 0.06704,
    "MAP@25": 0.06704,
    "MAP@50": 0.06704,
    "MRR": 0.15295,
    "NDCG@1": 0.06202,
    "NDCG@10": 0.12309,
    "NDCG@100": 0.12309,
    "NDCG@25": 0.12309,
    "NDCG@50": 0.12309,
    "P@1": 0.06202,
    "P@10": 0.06279,
    "P@100": 0.00628,
    "P@25": 0.02512,
    "P@50": 0.01256,
    "Recall@1": 0.01705,
    "Recall@10": 0.1832,
    "Recall@100": 0.1832,
    "Recall@25": 0.1832,
    "Recall@50": 0.1832
  },
  "topk": 10
}