{
  "dataset_name": "Medical-Sciences",
  "evaluation_time": "0.22 minutes",
  "reranker_name": "bge-reranker",
  "retriever_name": "nv",
  "test": {
    "MAP@1": 0.14642,
    "MAP@10": 0.31701,
    "MAP@100": 0.31701,
    "MAP@25": 0.31701,
    "MAP@50": 0.31701,
    "MRR": 0.43126,
    "NDCG@1": 0.28409,
    "NDCG@10": 0.4317,
    "NDCG@100": 0.4317,
    "NDCG@25": 0.4317,
    "NDCG@50": 0.4317,
    "P@1": 0.28409,
    "P@10": 0.14659,
    "P@100": 0.01466,
    "P@25": 0.05864,
    "P@50": 0.02932,
    "Recall@1": 0.14642,
    "Recall@10": 0.63527,
    "Recall@100": 0.63527,
    "Recall@25": 0.63527,
    "Recall@50": 0.63527
  },
  "topk": 10
}