{
  "dataset_name": "MedQA-Diag",
  "evaluation_time": "0.3 minutes",
  "reranker_name": "bge-reranker",
  "retriever_name": "nv",
  "test": {
    "MAP@1": 0.03835,
    "MAP@10": 0.10617,
    "MAP@100": 0.10617,
    "MAP@25": 0.10617,
    "MAP@50": 0.10617,
    "MRR": 0.21192,
    "NDCG@1": 0.11864,
    "NDCG@10": 0.16253,
    "NDCG@100": 0.16253,
    "NDCG@25": 0.16253,
    "NDCG@50": 0.16253,
    "P@1": 0.11864,
    "P@10": 0.0822,
    "P@100": 0.00822,
    "P@25": 0.03288,
    "P@50": 0.01644,
    "Recall@1": 0.03835,
    "Recall@10": 0.20178,
    "Recall@100": 0.20178,
    "Recall@25": 0.20178,
    "Recall@50": 0.20178
  },
  "topk": 10
}