{
  "dataset_name": "Bioinformatics",
  "evaluation_time": "0.01 minutes",
  "model_name": "bge",
  "test": {
    "map_at_1": 0.08496,
    "map_at_10": 0.18608,
    "map_at_100": 0.20859,
    "map_at_3": 0.12459,
    "map_at_5": 0.1648,
    "ndcg_at_1": 0.16883,
    "ndcg_at_10": 0.27039,
    "ndcg_at_100": 0.35271,
    "ndcg_at_3": 0.18541,
    "ndcg_at_5": 0.23214,
    "precision_at_1": 0.16883,
    "precision_at_10": 0.0974,
    "precision_at_100": 0.01961,
    "precision_at_3": 0.1342,
    "precision_at_5": 0.13766,
    "recall_at_1": 0.08496,
    "recall_at_10": 0.40082,
    "recall_at_100": 0.69147,
    "recall_at_3": 0.17645,
    "recall_at_5": 0.29215
  }
}