{
  "dataset_name": "Biology",
  "evaluation_time": "0.07 minutes",
  "model_name": "bge",
  "test": {
    "map_at_1": 0.0281,
    "map_at_10": 0.07706,
    "map_at_100": 0.0934,
    "map_at_3": 0.05143,
    "map_at_5": 0.06366,
    "ndcg_at_1": 0.09709,
    "ndcg_at_10": 0.12706,
    "ndcg_at_100": 0.19823,
    "ndcg_at_3": 0.09392,
    "ndcg_at_5": 0.10695,
    "precision_at_1": 0.09709,
    "precision_at_10": 0.06311,
    "precision_at_100": 0.01573,
    "precision_at_3": 0.09061,
    "precision_at_5": 0.08155,
    "recall_at_1": 0.0281,
    "recall_at_10": 0.16545,
    "recall_at_100": 0.40968,
    "recall_at_3": 0.0704,
    "recall_at_5": 0.11217
  }
}