{
  "dataset_name": "IIYi-Clinical",
  "evaluation_time": "0.07 minutes",
  "model_name": "bge",
  "test": {
    "map_at_1": 0.03824,
    "map_at_10": 0.09057,
    "map_at_100": 0.12018,
    "map_at_3": 0.07155,
    "map_at_5": 0.08008,
    "ndcg_at_1": 0.13178,
    "ndcg_at_10": 0.14724,
    "ndcg_at_100": 0.26939,
    "ndcg_at_3": 0.13093,
    "ndcg_at_5": 0.12478,
    "precision_at_1": 0.13178,
    "precision_at_10": 0.06589,
    "precision_at_100": 0.02078,
    "precision_at_3": 0.12403,
    "precision_at_5": 0.09302,
    "recall_at_1": 0.03824,
    "recall_at_10": 0.17106,
    "recall_at_100": 0.59044,
    "recall_at_3": 0.0978,
    "recall_at_5": 0.11809
  }
}