{
  "dataset_name": "Medical-Sciences",
  "evaluation_time": "0.01 minutes",
  "model_name": "bge",
  "test": {
    "map_at_1": 0.05492,
    "map_at_10": 0.19061,
    "map_at_100": 0.21693,
    "map_at_3": 0.13927,
    "map_at_5": 0.16149,
    "ndcg_at_1": 0.07955,
    "ndcg_at_10": 0.27762,
    "ndcg_at_100": 0.37105,
    "ndcg_at_3": 0.18812,
    "ndcg_at_5": 0.22245,
    "precision_at_1": 0.07955,
    "precision_at_10": 0.1,
    "precision_at_100": 0.02011,
    "precision_at_3": 0.14015,
    "precision_at_5": 0.12273,
    "recall_at_1": 0.05492,
    "recall_at_10": 0.44785,
    "recall_at_100": 0.77707,
    "recall_at_3": 0.2383,
    "recall_at_5": 0.31351
  }
}