{
  "dataset_name": "MedQA-Diag",
  "evaluation_time": "0.02 minutes",
  "model_name": "bge",
  "test": {
    "map_at_1": 0.02182,
    "map_at_10": 0.05596,
    "map_at_100": 0.066,
    "map_at_3": 0.03957,
    "map_at_5": 0.04901,
    "ndcg_at_1": 0.05085,
    "ndcg_at_10": 0.08328,
    "ndcg_at_100": 0.13299,
    "ndcg_at_3": 0.06133,
    "ndcg_at_5": 0.06848,
    "precision_at_1": 0.05085,
    "precision_at_10": 0.03814,
    "precision_at_100": 0.01025,
    "precision_at_3": 0.0565,
    "precision_at_5": 0.04915,
    "recall_at_1": 0.02182,
    "recall_at_10": 0.11153,
    "recall_at_100": 0.2849,
    "recall_at_3": 0.05155,
    "recall_at_5": 0.07882
  }
}