{
  "dataset_name": "PMC-Treatment",
  "evaluation_time": "0.01 minutes",
  "model_name": "bge",
  "test": {
    "map_at_1": 0.14789,
    "map_at_10": 0.2123,
    "map_at_100": 0.22245,
    "map_at_3": 0.18717,
    "map_at_5": 0.20297,
    "ndcg_at_1": 0.24667,
    "ndcg_at_10": 0.26454,
    "ndcg_at_100": 0.31291,
    "ndcg_at_3": 0.22876,
    "ndcg_at_5": 0.24339,
    "precision_at_1": 0.24667,
    "precision_at_10": 0.06067,
    "precision_at_100": 0.0104,
    "precision_at_3": 0.13333,
    "precision_at_5": 0.09867,
    "recall_at_1": 0.14789,
    "recall_at_10": 0.328,
    "recall_at_100": 0.51878,
    "recall_at_3": 0.22367,
    "recall_at_5": 0.27267
  }
}