{
  "dataset_name": "Bioinformatics",
  "evaluation_time": "0.26 minutes",
  "gar_llm": "qwen-72b",
  "gar_method": "query2doc",
  "retriever_name": "bm25",
  "test": {
    "MAP@1": 0.11971,
    "MAP@10": 0.30135,
    "MAP@100": 0.32568,
    "MAP@25": 0.31595,
    "MAP@50": 0.32209,
    "MRR": 0.39323,
    "NDCG@1": 0.23377,
    "NDCG@10": 0.39488,
    "NDCG@100": 0.47883,
    "NDCG@25": 0.43348,
    "NDCG@50": 0.45727,
    "P@1": 0.23377,
    "P@10": 0.12727,
    "P@100": 0.02377,
    "P@25": 0.06753,
    "P@50": 0.04026,
    "Recall@1": 0.11971,
    "Recall@10": 0.57038,
    "Recall@100": 0.84055,
    "Recall@25": 0.67089,
    "Recall@50": 0.75322
  }
}