{
  "dataset_name": "Biology",
  "evaluation_time": "0.21 minutes",
  "gar_llm": "qwen-72b",
  "gar_method": "query2doc",
  "retriever_name": "bm25",
  "test": {
    "MAP@1": 0.19482,
    "MAP@10": 0.47785,
    "MAP@100": 0.50752,
    "MAP@25": 0.498,
    "MAP@50": 0.50551,
    "MRR": 0.651,
    "NDCG@1": 0.53398,
    "NDCG@10": 0.57615,
    "NDCG@100": 0.64497,
    "NDCG@25": 0.61195,
    "NDCG@50": 0.63505,
    "P@1": 0.53398,
    "P@10": 0.22816,
    "P@100": 0.03184,
    "P@25": 0.10757,
    "P@50": 0.06039,
    "Recall@1": 0.19482,
    "Recall@10": 0.63873,
    "Recall@100": 0.86457,
    "Recall@25": 0.74892,
    "Recall@50": 0.82447
  }
}