{
  "dataset_name": "IIYi-Clinical",
  "evaluation_time": "0.35 minutes",
  "gar_llm": "qwen-72b",
  "gar_method": "query2doc",
  "retriever_name": "bm25",
  "test": {
    "MAP@1": 0.03553,
    "MAP@10": 0.06863,
    "MAP@100": 0.08261,
    "MAP@25": 0.07645,
    "MAP@50": 0.08005,
    "MRR": 0.17739,
    "NDCG@1": 0.11628,
    "NDCG@10": 0.10772,
    "NDCG@100": 0.17738,
    "NDCG@25": 0.1355,
    "NDCG@50": 0.157,
    "P@1": 0.11628,
    "P@10": 0.04651,
    "P@100": 0.01318,
    "P@25": 0.03008,
    "P@50": 0.01984,
    "Recall@1": 0.03553,
    "Recall@10": 0.12326,
    "Recall@100": 0.36512,
    "Recall@25": 0.20078,
    "Recall@50": 0.28359
  }
}