{
  "dataset_name": "Medical-Sciences",
  "evaluation_time": "0.18 minutes",
  "gar_llm": "qwen-72b",
  "gar_method": "query2doc",
  "retriever_name": "bm25",
  "test": {
    "MAP@1": 0.22247,
    "MAP@10": 0.33693,
    "MAP@100": 0.36561,
    "MAP@25": 0.35867,
    "MAP@50": 0.36245,
    "MRR": 0.46761,
    "NDCG@1": 0.34091,
    "NDCG@10": 0.41637,
    "NDCG@100": 0.50966,
    "NDCG@25": 0.46927,
    "NDCG@50": 0.48633,
    "P@1": 0.34091,
    "P@10": 0.11591,
    "P@100": 0.02148,
    "P@25": 0.065,
    "P@50": 0.03659,
    "Recall@1": 0.22247,
    "Recall@10": 0.50905,
    "Recall@100": 0.83611,
    "Recall@25": 0.66867,
    "Recall@50": 0.73141
  }
}