{
  "dataset_name": "MedQA-Diag",
  "evaluation_time": "0.38 minutes",
  "gar_llm": "qwen-72b",
  "gar_method": "query2doc",
  "retriever_name": "bm25",
  "test": {
    "MAP@1": 0.0715,
    "MAP@10": 0.20244,
    "MAP@100": 0.22854,
    "MAP@25": 0.21881,
    "MAP@50": 0.22527,
    "MRR": 0.37339,
    "NDCG@1": 0.27119,
    "NDCG@10": 0.28049,
    "NDCG@100": 0.3646,
    "NDCG@25": 0.32121,
    "NDCG@50": 0.34557,
    "P@1": 0.27119,
    "P@10": 0.13814,
    "P@100": 0.02568,
    "P@25": 0.07492,
    "P@50": 0.04441,
    "Recall@1": 0.0715,
    "Recall@10": 0.32402,
    "Recall@100": 0.58589,
    "Recall@25": 0.42777,
    "Recall@50": 0.51278
  }
}