{
  "dataset_name": "MedXpertQA-Exam",
  "evaluation_time": "0.37 minutes",
  "gar_llm": "qwen-72b",
  "gar_method": "query2doc",
  "retriever_name": "bm25",
  "test": {
    "MAP@1": 0.04917,
    "MAP@10": 0.10656,
    "MAP@100": 0.11978,
    "MAP@25": 0.11385,
    "MAP@50": 0.11733,
    "MRR": 0.18649,
    "NDCG@1": 0.12371,
    "NDCG@10": 0.15511,
    "NDCG@100": 0.21083,
    "NDCG@25": 0.17637,
    "NDCG@50": 0.19187,
    "P@1": 0.12371,
    "P@10": 0.05876,
    "P@100": 0.01206,
    "P@25": 0.0301,
    "P@50": 0.01918,
    "Recall@1": 0.04917,
    "Recall@10": 0.21937,
    "Recall@100": 0.43282,
    "Recall@25": 0.28725,
    "Recall@50": 0.34184
  }
}