{
  "dataset_name": "PMC-Clinical",
  "evaluation_time": "0.91 minutes",
  "gar_llm": "qwen-72b",
  "gar_method": "query2doc",
  "retriever_name": "bm25",
  "test": {
    "MAP@1": 0.14839,
    "MAP@10": 0.25349,
    "MAP@100": 0.27283,
    "MAP@25": 0.2663,
    "MAP@50": 0.27052,
    "MRR": 0.37005,
    "NDCG@1": 0.27193,
    "NDCG@10": 0.31833,
    "NDCG@100": 0.39923,
    "NDCG@25": 0.35933,
    "NDCG@50": 0.38078,
    "P@1": 0.27193,
    "P@10": 0.08333,
    "P@100": 0.0157,
    "P@25": 0.04632,
    "P@50": 0.02772,
    "Recall@1": 0.14839,
    "Recall@10": 0.39766,
    "Recall@100": 0.70468,
    "Recall@25": 0.52851,
    "Recall@50": 0.61111
  }
}