{
  "dataset_name": "PMC-Treatment",
  "evaluation_time": "0.19 minutes",
  "gar_llm": "qwen-72b",
  "gar_method": "query2doc",
  "retriever_name": "bm25",
  "test": {
    "MAP@1": 0.197,
    "MAP@10": 0.2871,
    "MAP@100": 0.30138,
    "MAP@25": 0.29627,
    "MAP@50": 0.29949,
    "MRR": 0.39819,
    "NDCG@1": 0.3,
    "NDCG@10": 0.34533,
    "NDCG@100": 0.41074,
    "NDCG@25": 0.37703,
    "NDCG@50": 0.39418,
    "P@1": 0.3,
    "P@10": 0.07667,
    "P@100": 0.01333,
    "P@25": 0.03893,
    "P@50": 0.02267,
    "Recall@1": 0.197,
    "Recall@10": 0.41611,
    "Recall@100": 0.67522,
    "Recall@25": 0.52644,
    "Recall@50": 0.59744
  }
}