{
  "dataset_name": "Bioinformatics",
  "evaluation_time": "0.25 minutes",
  "gar_llm": "gpt4",
  "gar_method": "lamer",
  "retriever_name": "bm25",
  "test": {
    "MAP@1": 0.21722,
    "MAP@10": 0.38891,
    "MAP@100": 0.41373,
    "MAP@25": 0.40543,
    "MAP@50": 0.41103,
    "MRR": 0.50392,
    "NDCG@1": 0.38961,
    "NDCG@10": 0.46842,
    "NDCG@100": 0.55055,
    "NDCG@25": 0.50711,
    "NDCG@50": 0.53374,
    "P@1": 0.38961,
    "P@10": 0.13506,
    "P@100": 0.02364,
    "P@25": 0.07117,
    "P@50": 0.04208,
    "Recall@1": 0.21722,
    "Recall@10": 0.5773,
    "Recall@100": 0.8513,
    "Recall@25": 0.67956,
    "Recall@50": 0.78026
  }
}