{
  "dataset_name": "Biology",
  "evaluation_time": "0.21 minutes",
  "gar_llm": "gpt4",
  "gar_method": "lamer",
  "retriever_name": "bm25",
  "test": {
    "MAP@1": 0.16263,
    "MAP@10": 0.39416,
    "MAP@100": 0.42419,
    "MAP@25": 0.41593,
    "MAP@50": 0.42177,
    "MRR": 0.59695,
    "NDCG@1": 0.49515,
    "NDCG@10": 0.4907,
    "NDCG@100": 0.56831,
    "NDCG@25": 0.52778,
    "NDCG@50": 0.55205,
    "P@1": 0.49515,
    "P@10": 0.1932,
    "P@100": 0.02922,
    "P@25": 0.09515,
    "P@50": 0.05359,
    "Recall@1": 0.16263,
    "Recall@10": 0.5366,
    "Recall@100": 0.79712,
    "Recall@25": 0.64243,
    "Recall@50": 0.72852
  }
}