{
  "dataset_name": "IIYi-Clinical",
  "evaluation_time": "0.34 minutes",
  "gar_llm": "gpt4",
  "gar_method": "lamer",
  "retriever_name": "bm25",
  "test": {
    "MAP@1": 0.06344,
    "MAP@10": 0.10754,
    "MAP@100": 0.1221,
    "MAP@25": 0.11423,
    "MAP@50": 0.11865,
    "MRR": 0.24334,
    "NDCG@1": 0.18605,
    "NDCG@10": 0.15503,
    "NDCG@100": 0.23227,
    "NDCG@25": 0.18179,
    "NDCG@50": 0.20561,
    "P@1": 0.18605,
    "P@10": 0.05736,
    "P@100": 0.01543,
    "P@25": 0.03349,
    "P@50": 0.02295,
    "Recall@1": 0.06344,
    "Recall@10": 0.17119,
    "Recall@100": 0.4478,
    "Recall@25": 0.24922,
    "Recall@50": 0.33475
  }
}