{
  "dataset_name": "Medical-Sciences",
  "evaluation_time": "0.18 minutes",
  "gar_llm": "gpt4",
  "gar_method": "lamer",
  "retriever_name": "bm25",
  "test": {
    "MAP@1": 0.22436,
    "MAP@10": 0.3439,
    "MAP@100": 0.36835,
    "MAP@25": 0.36202,
    "MAP@50": 0.36626,
    "MRR": 0.46786,
    "NDCG@1": 0.36364,
    "NDCG@10": 0.41548,
    "NDCG@100": 0.49628,
    "NDCG@25": 0.46162,
    "NDCG@50": 0.4799,
    "P@1": 0.36364,
    "P@10": 0.1125,
    "P@100": 0.01989,
    "P@25": 0.06045,
    "P@50": 0.03523,
    "Recall@1": 0.22436,
    "Recall@10": 0.49437,
    "Recall@100": 0.77822,
    "Recall@25": 0.64167,
    "Recall@50": 0.70449
  }
}