{
  "dataset_name": "MedQA-Diag",
  "evaluation_time": "0.37 minutes",
  "gar_llm": "gpt4",
  "gar_method": "lamer",
  "retriever_name": "bm25",
  "test": {
    "MAP@1": 0.05007,
    "MAP@10": 0.15026,
    "MAP@100": 0.17227,
    "MAP@25": 0.16568,
    "MAP@50": 0.16974,
    "MRR": 0.27161,
    "NDCG@1": 0.16102,
    "NDCG@10": 0.21135,
    "NDCG@100": 0.27821,
    "NDCG@25": 0.24769,
    "NDCG@50": 0.2637,
    "P@1": 0.16102,
    "P@10": 0.10424,
    "P@100": 0.02008,
    "P@25": 0.05831,
    "P@50": 0.03407,
    "Recall@1": 0.05007,
    "Recall@10": 0.25027,
    "Recall@100": 0.44328,
    "Recall@25": 0.34348,
    "Recall@50": 0.39414
  }
}