{
  "dataset_name": "MedXpertQA-Exam",
  "evaluation_time": "0.36 minutes",
  "gar_llm": "gpt4",
  "gar_method": "lamer",
  "retriever_name": "bm25",
  "test": {
    "MAP@1": 0.04649,
    "MAP@10": 0.07345,
    "MAP@100": 0.08267,
    "MAP@25": 0.07828,
    "MAP@50": 0.08086,
    "MRR": 0.13054,
    "NDCG@1": 0.09278,
    "NDCG@10": 0.09884,
    "NDCG@100": 0.14315,
    "NDCG@25": 0.11543,
    "NDCG@50": 0.12816,
    "P@1": 0.09278,
    "P@10": 0.03093,
    "P@100": 0.00845,
    "P@25": 0.01814,
    "P@50": 0.01216,
    "Recall@1": 0.04649,
    "Recall@10": 0.12247,
    "Recall@100": 0.28779,
    "Recall@25": 0.17741,
    "Recall@50": 0.22574
  }
}