{
  "dataset_name": "PMC-Clinical",
  "evaluation_time": "0.93 minutes",
  "gar_llm": "gpt4",
  "gar_method": "lamer",
  "retriever_name": "bm25",
  "test": {
    "MAP@1": 0.20175,
    "MAP@10": 0.28233,
    "MAP@100": 0.29644,
    "MAP@25": 0.28964,
    "MAP@50": 0.29413,
    "MRR": 0.41247,
    "NDCG@1": 0.35965,
    "NDCG@10": 0.33113,
    "NDCG@100": 0.39454,
    "NDCG@25": 0.35431,
    "NDCG@50": 0.37569,
    "P@1": 0.35965,
    "P@10": 0.07544,
    "P@100": 0.01351,
    "P@25": 0.03719,
    "P@50": 0.02246,
    "Recall@1": 0.20175,
    "Recall@10": 0.34868,
    "Recall@100": 0.60015,
    "Recall@25": 0.4269,
    "Recall@50": 0.51389
  }
}