{
  "dataset_name": "PMC-Treatment",
  "evaluation_time": "0.19 minutes",
  "gar_llm": "gpt4",
  "gar_method": "lamer",
  "retriever_name": "bm25",
  "test": {
    "MAP@1": 0.25989,
    "MAP@10": 0.34395,
    "MAP@100": 0.3548,
    "MAP@25": 0.35006,
    "MAP@50": 0.35332,
    "MRR": 0.46428,
    "NDCG@1": 0.41333,
    "NDCG@10": 0.39459,
    "NDCG@100": 0.44615,
    "NDCG@25": 0.41421,
    "NDCG@50": 0.43161,
    "P@1": 0.41333,
    "P@10": 0.08533,
    "P@100": 0.013,
    "P@25": 0.03947,
    "P@50": 0.02307,
    "Recall@1": 0.25989,
    "Recall@10": 0.43322,
    "Recall@100": 0.65011,
    "Recall@25": 0.50078,
    "Recall@50": 0.57378
  }
}