{
  "dataset_name": "Biology",
  "evaluation_time": "0.15 minutes",
  "gar_llm": "qwq-32b",
  "gar_method": "search-o1",
  "retriever_name": "bge",
  "test": {
    "map_at_1": 0.05766,
    "map_at_10": 0.14591,
    "map_at_100": 0.17028,
    "map_at_3": 0.10858,
    "map_at_5": 0.12614,
    "ndcg_at_1": 0.20388,
    "ndcg_at_10": 0.21923,
    "ndcg_at_100": 0.30783,
    "ndcg_at_3": 0.18803,
    "ndcg_at_5": 0.19333,
    "precision_at_1": 0.20388,
    "precision_at_10": 0.09806,
    "precision_at_100": 0.02126,
    "precision_at_3": 0.16505,
    "precision_at_5": 0.13398,
    "recall_at_1": 0.05766,
    "recall_at_10": 0.26471,
    "recall_at_100": 0.56742,
    "recall_at_3": 0.14224,
    "recall_at_5": 0.18669
  }
}