{
  "dataset_name": "IIYi-Clinical",
  "evaluation_time": "0.04 minutes",
  "gar_llm": "qwq-32b",
  "gar_method": "search-o1",
  "retriever_name": "bge",
  "test": {
    "map_at_1": 0.05284,
    "map_at_10": 0.11933,
    "map_at_100": 0.15338,
    "map_at_3": 0.08665,
    "map_at_5": 0.10329,
    "ndcg_at_1": 0.14729,
    "ndcg_at_10": 0.18656,
    "ndcg_at_100": 0.31832,
    "ndcg_at_3": 0.14551,
    "ndcg_at_5": 0.15063,
    "precision_at_1": 0.14729,
    "precision_at_10": 0.08295,
    "precision_at_100": 0.0245,
    "precision_at_3": 0.13178,
    "precision_at_5": 0.10543,
    "recall_at_1": 0.05284,
    "recall_at_10": 0.23385,
    "recall_at_100": 0.66964,
    "recall_at_3": 0.10969,
    "recall_at_5": 0.15336
  }
}