{
  "dataset_name": "Medical-Sciences",
  "evaluation_time": "0.04 minutes",
  "gar_llm": "qwq-32b",
  "gar_method": "search-o1",
  "retriever_name": "bge",
  "test": {
    "map_at_1": 0.16924,
    "map_at_10": 0.32936,
    "map_at_100": 0.35192,
    "map_at_3": 0.26505,
    "map_at_5": 0.2972,
    "ndcg_at_1": 0.27273,
    "ndcg_at_10": 0.42707,
    "ndcg_at_100": 0.50433,
    "ndcg_at_3": 0.33713,
    "ndcg_at_5": 0.37283,
    "precision_at_1": 0.27273,
    "precision_at_10": 0.12841,
    "precision_at_100": 0.02239,
    "precision_at_3": 0.22348,
    "precision_at_5": 0.18182,
    "recall_at_1": 0.16924,
    "recall_at_10": 0.57865,
    "recall_at_100": 0.84436,
    "recall_at_3": 0.35468,
    "recall_at_5": 0.43796
  }
}