{
  "dataset_name": "MedQA-Diag",
  "evaluation_time": "0.06 minutes",
  "gar_llm": "qwq-32b",
  "gar_method": "search-o1",
  "retriever_name": "bge",
  "test": {
    "map_at_1": 0.04993,
    "map_at_10": 0.16645,
    "map_at_100": 0.18884,
    "map_at_3": 0.11297,
    "map_at_5": 0.13646,
    "ndcg_at_1": 0.16949,
    "ndcg_at_10": 0.24335,
    "ndcg_at_100": 0.32331,
    "ndcg_at_3": 0.20964,
    "ndcg_at_5": 0.21194,
    "precision_at_1": 0.16949,
    "precision_at_10": 0.12034,
    "precision_at_100": 0.02373,
    "precision_at_3": 0.19209,
    "precision_at_5": 0.16271,
    "recall_at_1": 0.04993,
    "recall_at_10": 0.30238,
    "recall_at_100": 0.55478,
    "recall_at_3": 0.16183,
    "recall_at_5": 0.20919
  }
}