{
  "dataset_name": "MedXpertQA-Exam",
  "evaluation_time": "0.05 minutes",
  "gar_llm": "qwq-32b",
  "gar_method": "search-o1",
  "retriever_name": "bge",
  "test": {
    "map_at_1": 0.07236,
    "map_at_10": 0.14723,
    "map_at_100": 0.15918,
    "map_at_3": 0.12246,
    "map_at_5": 0.13213,
    "ndcg_at_1": 0.16495,
    "ndcg_at_10": 0.20104,
    "ndcg_at_100": 0.25739,
    "ndcg_at_3": 0.17013,
    "ndcg_at_5": 0.17406,
    "precision_at_1": 0.16495,
    "precision_at_10": 0.06392,
    "precision_at_100": 0.01247,
    "precision_at_3": 0.12715,
    "precision_at_5": 0.09691,
    "recall_at_1": 0.07236,
    "recall_at_10": 0.26253,
    "recall_at_100": 0.47652,
    "recall_at_3": 0.16094,
    "recall_at_5": 0.18227
  }
}