{
  "dataset_name": "PMC-Clinical",
  "evaluation_time": "0.06 minutes",
  "gar_llm": "qwq-32b",
  "gar_method": "search-o1",
  "retriever_name": "bge",
  "test": {
    "map_at_1": 0.11184,
    "map_at_10": 0.19776,
    "map_at_100": 0.21393,
    "map_at_3": 0.15777,
    "map_at_5": 0.17915,
    "ndcg_at_1": 0.21053,
    "ndcg_at_10": 0.26309,
    "ndcg_at_100": 0.33424,
    "ndcg_at_3": 0.1962,
    "ndcg_at_5": 0.22639,
    "precision_at_1": 0.21053,
    "precision_at_10": 0.07544,
    "precision_at_100": 0.01351,
    "precision_at_3": 0.1345,
    "precision_at_5": 0.11053,
    "recall_at_1": 0.11184,
    "recall_at_10": 0.34503,
    "recall_at_100": 0.62865,
    "recall_at_3": 0.19444,
    "recall_at_5": 0.25658
  }
}