{
  "dataset_name": "PMC-Treatment",
  "evaluation_time": "0.04 minutes",
  "gar_llm": "qwq-32b",
  "gar_method": "search-o1",
  "retriever_name": "bge",
  "test": {
    "map_at_1": 0.24744,
    "map_at_10": 0.36505,
    "map_at_100": 0.37793,
    "map_at_3": 0.33798,
    "map_at_5": 0.3519,
    "ndcg_at_1": 0.40667,
    "ndcg_at_10": 0.42914,
    "ndcg_at_100": 0.48538,
    "ndcg_at_3": 0.40227,
    "ndcg_at_5": 0.40587,
    "precision_at_1": 0.40667,
    "precision_at_10": 0.09733,
    "precision_at_100": 0.0144,
    "precision_at_3": 0.24222,
    "precision_at_5": 0.164,
    "recall_at_1": 0.24744,
    "recall_at_10": 0.48156,
    "recall_at_100": 0.717,
    "recall_at_3": 0.39178,
    "recall_at_5": 0.42933
  }
}