{
  "dataset_name": "Bioinformatics",
  "evaluation_time": "8.1 minutes",
  "model_name": "inst-xl",
  "test": {
    "map_at_1": 0.11866,
    "map_at_10": 0.24979,
    "map_at_100": 0.27419,
    "map_at_3": 0.20522,
    "map_at_5": 0.22692,
    "ndcg_at_1": 0.23377,
    "ndcg_at_10": 0.32908,
    "ndcg_at_100": 0.41811,
    "ndcg_at_3": 0.28472,
    "ndcg_at_5": 0.29773,
    "precision_at_1": 0.23377,
    "precision_at_10": 0.10779,
    "precision_at_100": 0.02143,
    "precision_at_3": 0.20346,
    "precision_at_5": 0.15584,
    "recall_at_1": 0.11866,
    "recall_at_10": 0.42455,
    "recall_at_100": 0.73367,
    "recall_at_3": 0.27746,
    "recall_at_5": 0.34143
  }
}