{
  "dataset_name": "PMC-Treatment",
  "evaluation_time": "4.0 minutes",
  "model_name": "inst-xl",
  "test": {
    "map_at_1": 0.073,
    "map_at_10": 0.10693,
    "map_at_100": 0.11317,
    "map_at_3": 0.09117,
    "map_at_5": 0.10133,
    "ndcg_at_1": 0.11333,
    "ndcg_at_10": 0.14177,
    "ndcg_at_100": 0.18321,
    "ndcg_at_3": 0.11218,
    "ndcg_at_5": 0.12793,
    "precision_at_1": 0.11333,
    "precision_at_10": 0.03333,
    "precision_at_100": 0.00687,
    "precision_at_3": 0.06667,
    "precision_at_5": 0.052,
    "recall_at_1": 0.073,
    "recall_at_10": 0.18833,
    "recall_at_100": 0.37478,
    "recall_at_3": 0.11089,
    "recall_at_5": 0.15422
  }
}