{
  "dataset_name": "PMC-Clinical",
  "evaluation_time": "21.63 minutes",
  "model_name": "inst-xl",
  "test": {
    "map_at_1": 0.06287,
    "map_at_10": 0.10294,
    "map_at_100": 0.1128,
    "map_at_3": 0.08065,
    "map_at_5": 0.09586,
    "ndcg_at_1": 0.13158,
    "ndcg_at_10": 0.14491,
    "ndcg_at_100": 0.1963,
    "ndcg_at_3": 0.10686,
    "ndcg_at_5": 0.12989,
    "precision_at_1": 0.13158,
    "precision_at_10": 0.03947,
    "precision_at_100": 0.00833,
    "precision_at_3": 0.0731,
    "precision_at_5": 0.06491,
    "recall_at_1": 0.06287,
    "recall_at_10": 0.19006,
    "recall_at_100": 0.41155,
    "recall_at_3": 0.10234,
    "recall_at_5": 0.14985
  }
}