{
  "dataset_name": "Bioinformatics",
  "evaluation_time": "0.26 minutes",
  "gar_llm": "qwen-7b",
  "gar_method": "query2doc",
  "retriever_name": "bm25",
  "test": {
    "MAP@1": 0.09601,
    "MAP@10": 0.22576,
    "MAP@100": 0.24845,
    "MAP@25": 0.23937,
    "MAP@50": 0.24396,
    "MRR": 0.32386,
    "NDCG@1": 0.16883,
    "NDCG@10": 0.31045,
    "NDCG@100": 0.39967,
    "NDCG@25": 0.35199,
    "NDCG@50": 0.37,
    "P@1": 0.16883,
    "P@10": 0.10519,
    "P@100": 0.02156,
    "P@25": 0.05662,
    "P@50": 0.03403,
    "Recall@1": 0.09601,
    "Recall@10": 0.46192,
    "Recall@100": 0.77549,
    "Recall@25": 0.59037,
    "Recall@50": 0.64573
  }
}