{
  "dataset_name": "Biology",
  "evaluation_time": "0.22 minutes",
  "gar_llm": "qwen-7b",
  "gar_method": "query2doc",
  "retriever_name": "bm25",
  "test": {
    "MAP@1": 0.18035,
    "MAP@10": 0.39479,
    "MAP@100": 0.43014,
    "MAP@25": 0.42004,
    "MAP@50": 0.42709,
    "MRR": 0.59129,
    "NDCG@1": 0.50485,
    "NDCG@10": 0.49215,
    "NDCG@100": 0.57829,
    "NDCG@25": 0.53776,
    "NDCG@50": 0.56275,
    "P@1": 0.50485,
    "P@10": 0.19029,
    "P@100": 0.0301,
    "P@25": 0.09709,
    "P@50": 0.05534,
    "Recall@1": 0.18035,
    "Recall@10": 0.54274,
    "Recall@100": 0.82152,
    "Recall@25": 0.67277,
    "Recall@50": 0.75948
  }
}