{
  "dataset_name": "IIYi-Clinical",
  "evaluation_time": "0.35 minutes",
  "gar_llm": "qwen-7b",
  "gar_method": "query2doc",
  "retriever_name": "bm25",
  "test": {
    "MAP@1": 0.02765,
    "MAP@10": 0.05723,
    "MAP@100": 0.07097,
    "MAP@25": 0.06355,
    "MAP@50": 0.0682,
    "MRR": 0.15442,
    "NDCG@1": 0.09302,
    "NDCG@10": 0.09542,
    "NDCG@100": 0.16478,
    "NDCG@25": 0.11807,
    "NDCG@50": 0.14362,
    "P@1": 0.09302,
    "P@10": 0.04264,
    "P@100": 0.01295,
    "P@25": 0.02512,
    "P@50": 0.01907,
    "Recall@1": 0.02765,
    "Recall@10": 0.11731,
    "Recall@100": 0.35698,
    "Recall@25": 0.18346,
    "Recall@50": 0.27261
  }
}