{
  "dataset_name": "Medical-Sciences",
  "evaluation_time": "0.17 minutes",
  "gar_llm": "qwen-7b",
  "gar_method": "query2doc",
  "retriever_name": "bm25",
  "test": {
    "MAP@1": 0.18148,
    "MAP@10": 0.30568,
    "MAP@100": 0.33058,
    "MAP@25": 0.32266,
    "MAP@50": 0.32829,
    "MRR": 0.42249,
    "NDCG@1": 0.28409,
    "NDCG@10": 0.38493,
    "NDCG@100": 0.46447,
    "NDCG@25": 0.42232,
    "NDCG@50": 0.44668,
    "P@1": 0.28409,
    "P@10": 0.10909,
    "P@100": 0.01966,
    "P@25": 0.05773,
    "P@50": 0.03409,
    "Recall@1": 0.18148,
    "Recall@10": 0.487,
    "Recall@100": 0.76584,
    "Recall@25": 0.59378,
    "Recall@50": 0.68912
  }
}