{
  "dataset_name": "MedQA-Diag",
  "evaluation_time": "0.38 minutes",
  "gar_llm": "qwen-7b",
  "gar_method": "query2doc",
  "retriever_name": "bm25",
  "test": {
    "MAP@1": 0.04712,
    "MAP@10": 0.10697,
    "MAP@100": 0.12423,
    "MAP@25": 0.11797,
    "MAP@50": 0.12116,
    "MRR": 0.22204,
    "NDCG@1": 0.14407,
    "NDCG@10": 0.15266,
    "NDCG@100": 0.22376,
    "NDCG@25": 0.18285,
    "NDCG@50": 0.20106,
    "P@1": 0.14407,
    "P@10": 0.06525,
    "P@100": 0.0161,
    "P@25": 0.03831,
    "P@50": 0.02458,
    "Recall@1": 0.04712,
    "Recall@10": 0.17879,
    "Recall@100": 0.40967,
    "Recall@25": 0.26157,
    "Recall@50": 0.32095
  }
}