{
  "dataset_name": "MedXpertQA-Exam",
  "evaluation_time": "0.37 minutes",
  "gar_llm": "qwen-7b",
  "gar_method": "query2doc",
  "retriever_name": "bm25",
  "test": {
    "MAP@1": 0.02803,
    "MAP@10": 0.06299,
    "MAP@100": 0.07592,
    "MAP@25": 0.07033,
    "MAP@50": 0.07385,
    "MRR": 0.13533,
    "NDCG@1": 0.08247,
    "NDCG@10": 0.09535,
    "NDCG@100": 0.15684,
    "NDCG@25": 0.12439,
    "NDCG@50": 0.14039,
    "P@1": 0.08247,
    "P@10": 0.03299,
    "P@100": 0.0101,
    "P@25": 0.02351,
    "P@50": 0.01567,
    "Recall@1": 0.02803,
    "Recall@10": 0.13478,
    "Recall@100": 0.36062,
    "Recall@25": 0.22587,
    "Recall@50": 0.2845
  }
}