{
  "dataset_name": "PMC-Treatment",
  "evaluation_time": "0.2 minutes",
  "gar_llm": "qwen-7b",
  "gar_method": "query2doc",
  "retriever_name": "bm25",
  "test": {
    "MAP@1": 0.14033,
    "MAP@10": 0.22173,
    "MAP@100": 0.2375,
    "MAP@25": 0.23244,
    "MAP@50": 0.23549,
    "MRR": 0.31582,
    "NDCG@1": 0.20667,
    "NDCG@10": 0.27937,
    "NDCG@100": 0.35071,
    "NDCG@25": 0.31432,
    "NDCG@50": 0.33236,
    "P@1": 0.20667,
    "P@10": 0.06733,
    "P@100": 0.01267,
    "P@25": 0.036,
    "P@50": 0.0212,
    "Recall@1": 0.14033,
    "Recall@10": 0.36478,
    "Recall@100": 0.65289,
    "Recall@25": 0.48489,
    "Recall@50": 0.56178
  }
}