{
  "dataset_name": "PMC-Clinical",
  "evaluation_time": "0.9 minutes",
  "gar_llm": "qwen-7b",
  "gar_method": "query2doc",
  "retriever_name": "bm25",
  "test": {
    "MAP@1": 0.11111,
    "MAP@10": 0.19509,
    "MAP@100": 0.21204,
    "MAP@25": 0.20499,
    "MAP@50": 0.20906,
    "MRR": 0.28501,
    "NDCG@1": 0.18421,
    "NDCG@10": 0.24807,
    "NDCG@100": 0.32847,
    "NDCG@25": 0.28437,
    "NDCG@50": 0.30376,
    "P@1": 0.18421,
    "P@10": 0.06667,
    "P@100": 0.01404,
    "P@25": 0.03719,
    "P@50": 0.02263,
    "Recall@1": 0.11111,
    "Recall@10": 0.31433,
    "Recall@100": 0.6345,
    "Recall@25": 0.4386,
    "Recall@50": 0.51389
  }
}