{
  "dataset_name": "Bioinformatics",
  "evaluation_time": "31.38 minutes",
  "model_name": "e5",
  "test": {
    "map_at_1": 0.18075,
    "map_at_10": 0.34395,
    "map_at_100": 0.37017,
    "map_at_3": 0.26616,
    "map_at_5": 0.31347,
    "ndcg_at_1": 0.35065,
    "ndcg_at_10": 0.42862,
    "ndcg_at_100": 0.51424,
    "ndcg_at_3": 0.35395,
    "ndcg_at_5": 0.39372,
    "precision_at_1": 0.35065,
    "precision_at_10": 0.14286,
    "precision_at_100": 0.02442,
    "precision_at_3": 0.24242,
    "precision_at_5": 0.21558,
    "recall_at_1": 0.18075,
    "recall_at_10": 0.53494,
    "recall_at_100": 0.83287,
    "recall_at_3": 0.32299,
    "recall_at_5": 0.4402
  }
}