{
  "dataset_name": "PMC-Treatment",
  "evaluation_time": "15.69 minutes",
  "model_name": "e5",
  "test": {
    "map_at_1": 0.11633,
    "map_at_10": 0.18566,
    "map_at_100": 0.19749,
    "map_at_3": 0.16422,
    "map_at_5": 0.1755,
    "ndcg_at_1": 0.22,
    "ndcg_at_10": 0.23583,
    "ndcg_at_100": 0.29185,
    "ndcg_at_3": 0.21054,
    "ndcg_at_5": 0.21267,
    "precision_at_1": 0.22,
    "precision_at_10": 0.062,
    "precision_at_100": 0.0106,
    "precision_at_3": 0.14,
    "precision_at_5": 0.096,
    "recall_at_1": 0.11633,
    "recall_at_10": 0.28678,
    "recall_at_100": 0.51744,
    "recall_at_3": 0.19989,
    "recall_at_5": 0.22978
  }
}