{
  "dataset_name": "PMC-Clinical",
  "evaluation_time": "106.45 minutes",
  "model_name": "e5",
  "test": {
    "map_at_1": 0.12427,
    "map_at_10": 0.23586,
    "map_at_100": 0.25832,
    "map_at_3": 0.20054,
    "map_at_5": 0.21538,
    "ndcg_at_1": 0.24561,
    "ndcg_at_10": 0.31173,
    "ndcg_at_100": 0.3998,
    "ndcg_at_3": 0.25394,
    "ndcg_at_5": 0.27197,
    "precision_at_1": 0.24561,
    "precision_at_10": 0.08421,
    "precision_at_100": 0.01596,
    "precision_at_3": 0.18421,
    "precision_at_5": 0.12807,
    "recall_at_1": 0.12427,
    "recall_at_10": 0.41301,
    "recall_at_100": 0.74269,
    "recall_at_3": 0.26316,
    "recall_at_5": 0.30994
  }
}