{
  "dataset_name": "Bioinformatics",
  "evaluation_time": "0.25 minutes",
  "gar_llm": "qwen-72b",
  "gar_method": "lamer",
  "retriever_name": "nv",
  "test": {
    "map_at_1": 0.22794,
    "map_at_10": 0.45801,
    "map_at_100": 0.48915,
    "map_at_3": 0.37538,
    "map_at_5": 0.42749,
    "ndcg_at_1": 0.42857,
    "ndcg_at_10": 0.5548,
    "ndcg_at_100": 0.62785,
    "ndcg_at_3": 0.50066,
    "ndcg_at_5": 0.52416,
    "precision_at_1": 0.42857,
    "precision_at_10": 0.17403,
    "precision_at_100": 0.02701,
    "precision_at_3": 0.35498,
    "precision_at_5": 0.27792,
    "recall_at_1": 0.22794,
    "recall_at_10": 0.68288,
    "recall_at_100": 0.89776,
    "recall_at_3": 0.47682,
    "recall_at_5": 0.581
  }
}