{
  "dataset_name": "Biology",
  "evaluation_time": "0.2 minutes",
  "gar_llm": "qwen-72b",
  "gar_method": "lamer",
  "retriever_name": "nv",
  "test": {
    "map_at_1": 0.11959,
    "map_at_10": 0.27973,
    "map_at_100": 0.31497,
    "map_at_3": 0.20439,
    "map_at_5": 0.23777,
    "ndcg_at_1": 0.35922,
    "ndcg_at_10": 0.36525,
    "ndcg_at_100": 0.46402,
    "ndcg_at_3": 0.32193,
    "ndcg_at_5": 0.32853,
    "precision_at_1": 0.35922,
    "precision_at_10": 0.15631,
    "precision_at_100": 0.02786,
    "precision_at_3": 0.27508,
    "precision_at_5": 0.21553,
    "recall_at_1": 0.11959,
    "recall_at_10": 0.41329,
    "recall_at_100": 0.73828,
    "recall_at_3": 0.2352,
    "recall_at_5": 0.30695
  }
}