{
  "dataset_name": "IIYi-Clinical",
  "evaluation_time": "0.72 minutes",
  "gar_llm": "qwen-72b",
  "gar_method": "lamer",
  "retriever_name": "nv",
  "test": {
    "map_at_1": 0.05181,
    "map_at_10": 0.12979,
    "map_at_100": 0.16334,
    "map_at_3": 0.09208,
    "map_at_5": 0.10872,
    "ndcg_at_1": 0.13953,
    "ndcg_at_10": 0.20248,
    "ndcg_at_100": 0.31396,
    "ndcg_at_3": 0.14872,
    "ndcg_at_5": 0.15793,
    "precision_at_1": 0.13953,
    "precision_at_10": 0.0907,
    "precision_at_100": 0.02271,
    "precision_at_3": 0.13178,
    "precision_at_5": 0.11008,
    "recall_at_1": 0.05181,
    "recall_at_10": 0.26873,
    "recall_at_100": 0.62842,
    "recall_at_3": 0.11899,
    "recall_at_5": 0.17132
  }
}