{
  "dataset_name": "Medical-Sciences",
  "evaluation_time": "0.16 minutes",
  "gar_llm": "qwen-72b",
  "gar_method": "lamer",
  "retriever_name": "nv",
  "test": {
    "map_at_1": 0.2449,
    "map_at_10": 0.43033,
    "map_at_100": 0.45566,
    "map_at_3": 0.35185,
    "map_at_5": 0.38807,
    "ndcg_at_1": 0.39773,
    "ndcg_at_10": 0.52942,
    "ndcg_at_100": 0.60513,
    "ndcg_at_3": 0.436,
    "ndcg_at_5": 0.47203,
    "precision_at_1": 0.39773,
    "precision_at_10": 0.16136,
    "precision_at_100": 0.02511,
    "precision_at_3": 0.2803,
    "precision_at_5": 0.23182,
    "recall_at_1": 0.2449,
    "recall_at_10": 0.67856,
    "recall_at_100": 0.92259,
    "recall_at_3": 0.42906,
    "recall_at_5": 0.52279
  }
}