{
  "dataset_name": "MedXpertQA-Exam",
  "evaluation_time": "0.22 minutes",
  "gar_llm": "qwen-72b",
  "gar_method": "lamer",
  "retriever_name": "nv",
  "test": {
    "map_at_1": 0.09829,
    "map_at_10": 0.15708,
    "map_at_100": 0.1752,
    "map_at_3": 0.1363,
    "map_at_5": 0.14941,
    "ndcg_at_1": 0.20619,
    "ndcg_at_10": 0.20001,
    "ndcg_at_100": 0.27041,
    "ndcg_at_3": 0.17993,
    "ndcg_at_5": 0.18764,
    "precision_at_1": 0.20619,
    "precision_at_10": 0.05876,
    "precision_at_100": 0.01371,
    "precision_at_3": 0.12371,
    "precision_at_5": 0.09485,
    "recall_at_1": 0.09829,
    "recall_at_10": 0.22781,
    "recall_at_100": 0.47953,
    "recall_at_3": 0.15371,
    "recall_at_5": 0.1947
  }
}