{
  "dataset_name": "PMC-Clinical",
  "evaluation_time": "0.32 minutes",
  "gar_llm": "qwen-72b",
  "gar_method": "lamer",
  "retriever_name": "nv",
  "test": {
    "map_at_1": 0.20833,
    "map_at_10": 0.37172,
    "map_at_100": 0.38865,
    "map_at_3": 0.32066,
    "map_at_5": 0.35407,
    "ndcg_at_1": 0.37719,
    "ndcg_at_10": 0.4448,
    "ndcg_at_100": 0.51102,
    "ndcg_at_3": 0.37445,
    "ndcg_at_5": 0.41357,
    "precision_at_1": 0.37719,
    "precision_at_10": 0.11404,
    "precision_at_100": 0.01711,
    "precision_at_3": 0.25146,
    "precision_at_5": 0.19298,
    "recall_at_1": 0.20833,
    "recall_at_10": 0.54094,
    "recall_at_100": 0.80117,
    "recall_at_3": 0.37939,
    "recall_at_5": 0.46418
  }
}