{
  "dataset_name": "PMC-Treatment",
  "evaluation_time": "0.39 minutes",
  "gar_llm": "qwen-72b",
  "gar_method": "lamer",
  "retriever_name": "nv",
  "test": {
    "map_at_1": 0.28256,
    "map_at_10": 0.43168,
    "map_at_100": 0.44839,
    "map_at_3": 0.39461,
    "map_at_5": 0.41838,
    "ndcg_at_1": 0.48667,
    "ndcg_at_10": 0.50202,
    "ndcg_at_100": 0.56015,
    "ndcg_at_3": 0.46773,
    "ndcg_at_5": 0.47899,
    "precision_at_1": 0.48667,
    "precision_at_10": 0.11733,
    "precision_at_100": 0.01653,
    "precision_at_3": 0.29111,
    "precision_at_5": 0.204,
    "recall_at_1": 0.28256,
    "recall_at_10": 0.56344,
    "recall_at_100": 0.79456,
    "recall_at_3": 0.44433,
    "recall_at_5": 0.51033
  }
}