{
  "dataset_name": "Bioinformatics",
  "evaluation_time": "0.04 minutes",
  "gar_llm": "gpt4",
  "gar_method": "lamer",
  "retriever_name": "bge",
  "test": {
    "map_at_1": 0.2115,
    "map_at_10": 0.34379,
    "map_at_100": 0.37202,
    "map_at_3": 0.28726,
    "map_at_5": 0.31978,
    "ndcg_at_1": 0.38961,
    "ndcg_at_10": 0.42245,
    "ndcg_at_100": 0.50757,
    "ndcg_at_3": 0.36975,
    "ndcg_at_5": 0.38966,
    "precision_at_1": 0.38961,
    "precision_at_10": 0.12727,
    "precision_at_100": 0.02273,
    "precision_at_3": 0.2381,
    "precision_at_5": 0.18961,
    "recall_at_1": 0.2115,
    "recall_at_10": 0.50141,
    "recall_at_100": 0.78431,
    "recall_at_3": 0.32746,
    "recall_at_5": 0.4054
  }
}