{
  "dataset_name": "Biology",
  "evaluation_time": "0.16 minutes",
  "gar_llm": "gpt4",
  "gar_method": "lamer",
  "retriever_name": "bge",
  "test": {
    "map_at_1": 0.08738,
    "map_at_10": 0.19405,
    "map_at_100": 0.22041,
    "map_at_3": 0.14461,
    "map_at_5": 0.17239,
    "ndcg_at_1": 0.28155,
    "ndcg_at_10": 0.27144,
    "ndcg_at_100": 0.35742,
    "ndcg_at_3": 0.23472,
    "ndcg_at_5": 0.25313,
    "precision_at_1": 0.28155,
    "precision_at_10": 0.1165,
    "precision_at_100": 0.02282,
    "precision_at_3": 0.19741,
    "precision_at_5": 0.17476,
    "recall_at_1": 0.08738,
    "recall_at_10": 0.30565,
    "recall_at_100": 0.60231,
    "recall_at_3": 0.17513,
    "recall_at_5": 0.24387
  }
}