{
  "dataset_name": "IIYi-Clinical",
  "evaluation_time": "0.04 minutes",
  "gar_llm": "gpt4",
  "gar_method": "lamer",
  "retriever_name": "bge",
  "test": {
    "map_at_1": 0.07016,
    "map_at_10": 0.14462,
    "map_at_100": 0.17883,
    "map_at_3": 0.11501,
    "map_at_5": 0.12567,
    "ndcg_at_1": 0.20155,
    "ndcg_at_10": 0.21398,
    "ndcg_at_100": 0.33741,
    "ndcg_at_3": 0.18372,
    "ndcg_at_5": 0.1765,
    "precision_at_1": 0.20155,
    "precision_at_10": 0.08837,
    "precision_at_100": 0.02357,
    "precision_at_3": 0.15762,
    "precision_at_5": 0.11628,
    "recall_at_1": 0.07016,
    "recall_at_10": 0.25,
    "recall_at_100": 0.65491,
    "recall_at_3": 0.13837,
    "recall_at_5": 0.16137
  }
}