{
  "dataset_name": "Medical-Sciences",
  "evaluation_time": "0.03 minutes",
  "gar_llm": "gpt4",
  "gar_method": "lamer",
  "retriever_name": "bge",
  "test": {
    "map_at_1": 0.19708,
    "map_at_10": 0.3566,
    "map_at_100": 0.38206,
    "map_at_3": 0.29085,
    "map_at_5": 0.32459,
    "ndcg_at_1": 0.34091,
    "ndcg_at_10": 0.44857,
    "ndcg_at_100": 0.53423,
    "ndcg_at_3": 0.36666,
    "ndcg_at_5": 0.39986,
    "precision_at_1": 0.34091,
    "precision_at_10": 0.13523,
    "precision_at_100": 0.02318,
    "precision_at_3": 0.23106,
    "precision_at_5": 0.19318,
    "recall_at_1": 0.19708,
    "recall_at_10": 0.57539,
    "recall_at_100": 0.87911,
    "recall_at_3": 0.36408,
    "recall_at_5": 0.45417
  }
}