{
  "dataset_name": "MedQA-Diag",
  "evaluation_time": "0.06 minutes",
  "gar_llm": "gpt4",
  "gar_method": "lamer",
  "retriever_name": "bge",
  "test": {
    "map_at_1": 0.05792,
    "map_at_10": 0.15816,
    "map_at_100": 0.18125,
    "map_at_3": 0.11536,
    "map_at_5": 0.14029,
    "ndcg_at_1": 0.22881,
    "ndcg_at_10": 0.21653,
    "ndcg_at_100": 0.29482,
    "ndcg_at_3": 0.20659,
    "ndcg_at_5": 0.20312,
    "precision_at_1": 0.22881,
    "precision_at_10": 0.10339,
    "precision_at_100": 0.02093,
    "precision_at_3": 0.18362,
    "precision_at_5": 0.15254,
    "recall_at_1": 0.05792,
    "recall_at_10": 0.23894,
    "recall_at_100": 0.48913,
    "recall_at_3": 0.13895,
    "recall_at_5": 0.18326
  }
}