{
  "dataset_name": "MedXpertQA-Exam",
  "evaluation_time": "0.05 minutes",
  "gar_llm": "gpt4",
  "gar_method": "lamer",
  "retriever_name": "bge",
  "test": {
    "map_at_1": 0.06996,
    "map_at_10": 0.10319,
    "map_at_100": 0.1082,
    "map_at_3": 0.09,
    "map_at_5": 0.09898,
    "ndcg_at_1": 0.14433,
    "ndcg_at_10": 0.12749,
    "ndcg_at_100": 0.16117,
    "ndcg_at_3": 0.11292,
    "ndcg_at_5": 0.12174,
    "precision_at_1": 0.14433,
    "precision_at_10": 0.03608,
    "precision_at_100": 0.00835,
    "precision_at_3": 0.07216,
    "precision_at_5": 0.05773,
    "recall_at_1": 0.06996,
    "recall_at_10": 0.14199,
    "recall_at_100": 0.26807,
    "recall_at_3": 0.10002,
    "recall_at_5": 0.12796
  }
}