{
  "dataset_name": "PMC-Clinical",
  "evaluation_time": "0.07 minutes",
  "gar_llm": "gpt4",
  "gar_method": "lamer",
  "retriever_name": "bge",
  "test": {
    "map_at_1": 0.19737,
    "map_at_10": 0.27036,
    "map_at_100": 0.2851,
    "map_at_3": 0.24038,
    "map_at_5": 0.25638,
    "ndcg_at_1": 0.35088,
    "ndcg_at_10": 0.32967,
    "ndcg_at_100": 0.39034,
    "ndcg_at_3": 0.28687,
    "ndcg_at_5": 0.30353,
    "precision_at_1": 0.35088,
    "precision_at_10": 0.07807,
    "precision_at_100": 0.01307,
    "precision_at_3": 0.17544,
    "precision_at_5": 0.12632,
    "recall_at_1": 0.19737,
    "recall_at_10": 0.37208,
    "recall_at_100": 0.61038,
    "recall_at_3": 0.27047,
    "recall_at_5": 0.30775
  }
}