{
  "dataset_name": "PMC-Treatment",
  "evaluation_time": "0.04 minutes",
  "gar_llm": "gpt4",
  "gar_method": "lamer",
  "retriever_name": "bge",
  "test": {
    "map_at_1": 0.28122,
    "map_at_10": 0.37821,
    "map_at_100": 0.39063,
    "map_at_3": 0.35183,
    "map_at_5": 0.36346,
    "ndcg_at_1": 0.44667,
    "ndcg_at_10": 0.4294,
    "ndcg_at_100": 0.48574,
    "ndcg_at_3": 0.4047,
    "ndcg_at_5": 0.40352,
    "precision_at_1": 0.44667,
    "precision_at_10": 0.092,
    "precision_at_100": 0.014,
    "precision_at_3": 0.22889,
    "precision_at_5": 0.15333,
    "recall_at_1": 0.28122,
    "recall_at_10": 0.46367,
    "recall_at_100": 0.69211,
    "recall_at_3": 0.38233,
    "recall_at_5": 0.40244
  }
}