{
  "dataset_name": "Bioinformatics",
  "evaluation_time": "0.03 minutes",
  "gar_llm": "huatuo-o1-70b",
  "gar_method": "hyde",
  "retriever_name": "bge",
  "test": {
    "map_at_1": 0.15229,
    "map_at_10": 0.26734,
    "map_at_100": 0.29355,
    "map_at_3": 0.21392,
    "map_at_5": 0.24506,
    "ndcg_at_1": 0.27273,
    "ndcg_at_10": 0.355,
    "ndcg_at_100": 0.4449,
    "ndcg_at_3": 0.29342,
    "ndcg_at_5": 0.32055,
    "precision_at_1": 0.27273,
    "precision_at_10": 0.11558,
    "precision_at_100": 0.02182,
    "precision_at_3": 0.20346,
    "precision_at_5": 0.16623,
    "recall_at_1": 0.15229,
    "recall_at_10": 0.45042,
    "recall_at_100": 0.7758,
    "recall_at_3": 0.27285,
    "recall_at_5": 0.35623
  }
}