{
  "dataset_name": "Biology",
  "evaluation_time": "0.15 minutes",
  "gar_llm": "huatuo-o1-70b",
  "gar_method": "hyde",
  "retriever_name": "bge",
  "test": {
    "map_at_1": 0.04579,
    "map_at_10": 0.12065,
    "map_at_100": 0.14411,
    "map_at_3": 0.08269,
    "map_at_5": 0.10034,
    "ndcg_at_1": 0.18447,
    "ndcg_at_10": 0.18879,
    "ndcg_at_100": 0.28086,
    "ndcg_at_3": 0.1372,
    "ndcg_at_5": 0.15687,
    "precision_at_1": 0.18447,
    "precision_at_10": 0.09126,
    "precision_at_100": 0.02117,
    "precision_at_3": 0.11327,
    "precision_at_5": 0.11456,
    "recall_at_1": 0.04579,
    "recall_at_10": 0.24252,
    "recall_at_100": 0.56641,
    "recall_at_3": 0.10318,
    "recall_at_5": 0.15229
  }
}