{
  "dataset_name": "IIYi-Clinical",
  "evaluation_time": "0.04 minutes",
  "gar_llm": "huatuo-o1-70b",
  "gar_method": "hyde",
  "retriever_name": "bge",
  "test": {
    "map_at_1": 0.0509,
    "map_at_10": 0.1182,
    "map_at_100": 0.1528,
    "map_at_3": 0.08264,
    "map_at_5": 0.09912,
    "ndcg_at_1": 0.14729,
    "ndcg_at_10": 0.18501,
    "ndcg_at_100": 0.32234,
    "ndcg_at_3": 0.14319,
    "ndcg_at_5": 0.14949,
    "precision_at_1": 0.14729,
    "precision_at_10": 0.08527,
    "precision_at_100": 0.02496,
    "precision_at_3": 0.1292,
    "precision_at_5": 0.11008,
    "recall_at_1": 0.0509,
    "recall_at_10": 0.22855,
    "recall_at_100": 0.6947,
    "recall_at_3": 0.10827,
    "recall_at_5": 0.14845
  }
}