{
  "dataset_name": "Medical-Sciences",
  "evaluation_time": "0.03 minutes",
  "gar_llm": "huatuo-o1-70b",
  "gar_method": "hyde",
  "retriever_name": "bge",
  "test": {
    "map_at_1": 0.13751,
    "map_at_10": 0.29899,
    "map_at_100": 0.32433,
    "map_at_3": 0.23212,
    "map_at_5": 0.26275,
    "ndcg_at_1": 0.21591,
    "ndcg_at_10": 0.39721,
    "ndcg_at_100": 0.48101,
    "ndcg_at_3": 0.29722,
    "ndcg_at_5": 0.33793,
    "precision_at_1": 0.21591,
    "precision_at_10": 0.125,
    "precision_at_100": 0.02239,
    "precision_at_3": 0.19697,
    "precision_at_5": 0.16818,
    "recall_at_1": 0.13751,
    "recall_at_10": 0.562,
    "recall_at_100": 0.8436,
    "recall_at_3": 0.31805,
    "recall_at_5": 0.41144
  }
}