{
  "dataset_name": "MedQA-Diag",
  "evaluation_time": "0.05 minutes",
  "gar_llm": "huatuo-o1-70b",
  "gar_method": "hyde",
  "retriever_name": "bge",
  "test": {
    "map_at_1": 0.08053,
    "map_at_10": 0.20113,
    "map_at_100": 0.22404,
    "map_at_3": 0.1418,
    "map_at_5": 0.17617,
    "ndcg_at_1": 0.26271,
    "ndcg_at_10": 0.27476,
    "ndcg_at_100": 0.35126,
    "ndcg_at_3": 0.23919,
    "ndcg_at_5": 0.25481,
    "precision_at_1": 0.26271,
    "precision_at_10": 0.12712,
    "precision_at_100": 0.02314,
    "precision_at_3": 0.20339,
    "precision_at_5": 0.18983,
    "recall_at_1": 0.08053,
    "recall_at_10": 0.31504,
    "recall_at_100": 0.55514,
    "recall_at_3": 0.17165,
    "recall_at_5": 0.24636
  }
}