{
  "dataset_name": "MedXpertQA-Exam",
  "evaluation_time": "0.04 minutes",
  "gar_llm": "huatuo-o1-70b",
  "gar_method": "hyde",
  "retriever_name": "bge",
  "test": {
    "map_at_1": 0.0941,
    "map_at_10": 0.16663,
    "map_at_100": 0.18148,
    "map_at_3": 0.14444,
    "map_at_5": 0.15542,
    "ndcg_at_1": 0.2268,
    "ndcg_at_10": 0.22003,
    "ndcg_at_100": 0.28509,
    "ndcg_at_3": 0.20041,
    "ndcg_at_5": 0.20376,
    "precision_at_1": 0.2268,
    "precision_at_10": 0.06907,
    "precision_at_100": 0.01381,
    "precision_at_3": 0.14089,
    "precision_at_5": 0.10515,
    "recall_at_1": 0.0941,
    "recall_at_10": 0.25788,
    "recall_at_100": 0.50226,
    "recall_at_3": 0.1758,
    "recall_at_5": 0.21568
  }
}