{
  "dataset_name": "PMC-Clinical",
  "evaluation_time": "0.06 minutes",
  "gar_llm": "huatuo-o1-70b",
  "gar_method": "hyde",
  "retriever_name": "bge",
  "test": {
    "map_at_1": 0.10673,
    "map_at_10": 0.19976,
    "map_at_100": 0.21889,
    "map_at_3": 0.16691,
    "map_at_5": 0.18317,
    "ndcg_at_1": 0.23684,
    "ndcg_at_10": 0.26465,
    "ndcg_at_100": 0.34875,
    "ndcg_at_3": 0.20749,
    "ndcg_at_5": 0.23156,
    "precision_at_1": 0.23684,
    "precision_at_10": 0.07105,
    "precision_at_100": 0.01456,
    "precision_at_3": 0.14327,
    "precision_at_5": 0.11053,
    "recall_at_1": 0.10673,
    "recall_at_10": 0.34795,
    "recall_at_100": 0.67617,
    "recall_at_3": 0.20541,
    "recall_at_5": 0.26023
  }
}