{
  "dataset_name": "Bioinformatics",
  "evaluation_time": "2.92 minutes",
  "model_name": "inst-l",
  "test": {
    "map_at_1": 0.11093,
    "map_at_10": 0.22495,
    "map_at_100": 0.25065,
    "map_at_3": 0.18107,
    "map_at_5": 0.20926,
    "ndcg_at_1": 0.19481,
    "ndcg_at_10": 0.29706,
    "ndcg_at_100": 0.38746,
    "ndcg_at_3": 0.24994,
    "ndcg_at_5": 0.27178,
    "precision_at_1": 0.19481,
    "precision_at_10": 0.0961,
    "precision_at_100": 0.02,
    "precision_at_3": 0.17749,
    "precision_at_5": 0.15065,
    "recall_at_1": 0.11093,
    "recall_at_10": 0.38808,
    "recall_at_100": 0.69184,
    "recall_at_3": 0.247,
    "recall_at_5": 0.31433
  }
}