{
  "dataset_name": "Biology",
  "evaluation_time": "1.43 minutes",
  "model_name": "inst-l",
  "test": {
    "map_at_1": 0.03231,
    "map_at_10": 0.10353,
    "map_at_100": 0.12901,
    "map_at_3": 0.07626,
    "map_at_5": 0.08956,
    "ndcg_at_1": 0.1165,
    "ndcg_at_10": 0.15815,
    "ndcg_at_100": 0.25341,
    "ndcg_at_3": 0.13078,
    "ndcg_at_5": 0.14085,
    "precision_at_1": 0.1165,
    "precision_at_10": 0.07087,
    "precision_at_100": 0.01883,
    "precision_at_3": 0.12298,
    "precision_at_5": 0.09903,
    "recall_at_1": 0.03231,
    "recall_at_10": 0.19409,
    "recall_at_100": 0.51159,
    "recall_at_3": 0.10279,
    "recall_at_5": 0.14661
  }
}