{
  "dataset_name": "PMC-Clinical",
  "evaluation_time": "6.39 minutes",
  "model_name": "inst-l",
  "test": {
    "map_at_1": 0.02047,
    "map_at_10": 0.05389,
    "map_at_100": 0.06562,
    "map_at_3": 0.04154,
    "map_at_5": 0.04769,
    "ndcg_at_1": 0.0614,
    "ndcg_at_10": 0.09023,
    "ndcg_at_100": 0.14563,
    "ndcg_at_3": 0.0647,
    "ndcg_at_5": 0.0742,
    "precision_at_1": 0.0614,
    "precision_at_10": 0.02895,
    "precision_at_100": 0.00763,
    "precision_at_3": 0.05263,
    "precision_at_5": 0.04211,
    "recall_at_1": 0.02047,
    "recall_at_10": 0.13231,
    "recall_at_100": 0.35599,
    "recall_at_3": 0.07091,
    "recall_at_5": 0.09211
  }
}