{
  "dataset_name": "Bioinformatics",
  "evaluation_time": "0.25 minutes",
  "gar_llm": "qwen-72b",
  "gar_method": "lamer",
  "retriever_name": "bm25",
  "test": {
    "MAP@1": 0.18854,
    "MAP@10": 0.35896,
    "MAP@100": 0.38303,
    "MAP@25": 0.37331,
    "MAP@50": 0.3797,
    "MRR": 0.48686,
    "NDCG@1": 0.35065,
    "NDCG@10": 0.44791,
    "NDCG@100": 0.52797,
    "NDCG@25": 0.47934,
    "NDCG@50": 0.50517,
    "P@1": 0.35065,
    "P@10": 0.14026,
    "P@100": 0.02377,
    "P@25": 0.06857,
    "P@50": 0.04156,
    "Recall@1": 0.18854,
    "Recall@10": 0.56834,
    "Recall@100": 0.84929,
    "Recall@25": 0.65563,
    "Recall@50": 0.74109
  }
}