{
  "dataset_name": "Biology",
  "evaluation_time": "0.21 minutes",
  "gar_llm": "qwen-72b",
  "gar_method": "lamer",
  "retriever_name": "bm25",
  "test": {
    "MAP@1": 0.17249,
    "MAP@10": 0.41544,
    "MAP@100": 0.44112,
    "MAP@25": 0.43272,
    "MAP@50": 0.43905,
    "MRR": 0.59833,
    "NDCG@1": 0.49515,
    "NDCG@10": 0.51033,
    "NDCG@100": 0.57687,
    "NDCG@25": 0.53899,
    "NDCG@50": 0.56534,
    "P@1": 0.49515,
    "P@10": 0.20388,
    "P@100": 0.02942,
    "P@25": 0.09553,
    "P@50": 0.05515,
    "Recall@1": 0.17249,
    "Recall@10": 0.56458,
    "Recall@100": 0.79042,
    "Recall@25": 0.65003,
    "Recall@50": 0.74221
  }
}