{
  "dataset_name": "IIYi-Clinical",
  "evaluation_time": "0.35 minutes",
  "gar_llm": "qwen-72b",
  "gar_method": "lamer",
  "retriever_name": "bm25",
  "test": {
    "MAP@1": 0.05375,
    "MAP@10": 0.09702,
    "MAP@100": 0.11315,
    "MAP@25": 0.10657,
    "MAP@50": 0.11013,
    "MRR": 0.24276,
    "NDCG@1": 0.17054,
    "NDCG@10": 0.14737,
    "NDCG@100": 0.22547,
    "NDCG@25": 0.18175,
    "NDCG@50": 0.20166,
    "P@1": 0.17054,
    "P@10": 0.05814,
    "P@100": 0.01527,
    "P@25": 0.03721,
    "P@50": 0.02372,
    "Recall@1": 0.05375,
    "Recall@10": 0.16318,
    "Recall@100": 0.43295,
    "Recall@25": 0.25982,
    "Recall@50": 0.33088
  }
}