{
  "dataset_name": "Medical-Sciences",
  "evaluation_time": "0.17 minutes",
  "gar_llm": "qwen-72b",
  "gar_method": "lamer",
  "retriever_name": "bm25",
  "test": {
    "MAP@1": 0.222,
    "MAP@10": 0.33462,
    "MAP@100": 0.35944,
    "MAP@25": 0.34975,
    "MAP@50": 0.35705,
    "MRR": 0.44896,
    "NDCG@1": 0.32955,
    "NDCG@10": 0.40747,
    "NDCG@100": 0.49202,
    "NDCG@25": 0.4454,
    "NDCG@50": 0.47804,
    "P@1": 0.32955,
    "P@10": 0.11477,
    "P@100": 0.02057,
    "P@25": 0.06045,
    "P@50": 0.03705,
    "Recall@1": 0.222,
    "Recall@10": 0.49436,
    "Recall@100": 0.79389,
    "Recall@25": 0.60329,
    "Recall@50": 0.73363
  }
}