{
  "dataset_name": "MedQA-Diag",
  "evaluation_time": "0.37 minutes",
  "gar_llm": "qwen-72b",
  "gar_method": "lamer",
  "retriever_name": "bm25",
  "test": {
    "MAP@1": 0.05842,
    "MAP@10": 0.14732,
    "MAP@100": 0.17377,
    "MAP@25": 0.16615,
    "MAP@50": 0.17118,
    "MRR": 0.28654,
    "NDCG@1": 0.20339,
    "NDCG@10": 0.20512,
    "NDCG@100": 0.28889,
    "NDCG@25": 0.25065,
    "NDCG@50": 0.2725,
    "P@1": 0.20339,
    "P@10": 0.09915,
    "P@100": 0.02119,
    "P@25": 0.06102,
    "P@50": 0.03627,
    "Recall@1": 0.05842,
    "Recall@10": 0.2269,
    "Recall@100": 0.48462,
    "Recall@25": 0.3467,
    "Recall@50": 0.4223
  }
}