{
  "dataset_name": "MedXpertQA-Exam",
  "evaluation_time": "0.37 minutes",
  "gar_llm": "qwen-72b",
  "gar_method": "lamer",
  "retriever_name": "bm25",
  "test": {
    "MAP@1": 0.04975,
    "MAP@10": 0.08968,
    "MAP@100": 0.10393,
    "MAP@25": 0.09781,
    "MAP@50": 0.10254,
    "MRR": 0.18105,
    "NDCG@1": 0.12371,
    "NDCG@10": 0.12981,
    "NDCG@100": 0.19292,
    "NDCG@25": 0.15544,
    "NDCG@50": 0.18308,
    "P@1": 0.12371,
    "P@10": 0.0433,
    "P@100": 0.01124,
    "P@25": 0.0268,
    "P@50": 0.01897,
    "Recall@1": 0.04975,
    "Recall@10": 0.16689,
    "Recall@100": 0.3955,
    "Recall@25": 0.24483,
    "Recall@50": 0.35886
  }
}