{
  "dataset_name": "PMC-Clinical",
  "evaluation_time": "0.93 minutes",
  "gar_llm": "qwen-72b",
  "gar_method": "lamer",
  "retriever_name": "bm25",
  "test": {
    "MAP@1": 0.19664,
    "MAP@10": 0.27233,
    "MAP@100": 0.28863,
    "MAP@25": 0.28266,
    "MAP@50": 0.28626,
    "MRR": 0.39971,
    "NDCG@1": 0.35088,
    "NDCG@10": 0.31625,
    "NDCG@100": 0.38692,
    "NDCG@25": 0.35005,
    "NDCG@50": 0.36728,
    "P@1": 0.35088,
    "P@10": 0.07105,
    "P@100": 0.01368,
    "P@25": 0.03895,
    "P@50": 0.02263,
    "Recall@1": 0.19664,
    "Recall@10": 0.32968,
    "Recall@100": 0.60015,
    "Recall@25": 0.43933,
    "Recall@50": 0.5095
  }
}