{
  "dataset_name": "PMC-Treatment",
  "evaluation_time": "0.19 minutes",
  "gar_llm": "qwen-72b",
  "gar_method": "lamer",
  "retriever_name": "bm25",
  "test": {
    "MAP@1": 0.25356,
    "MAP@10": 0.33041,
    "MAP@100": 0.34416,
    "MAP@25": 0.33885,
    "MAP@50": 0.34248,
    "MRR": 0.45048,
    "NDCG@1": 0.38,
    "NDCG@10": 0.38782,
    "NDCG@100": 0.4511,
    "NDCG@25": 0.41582,
    "NDCG@50": 0.4369,
    "P@1": 0.38,
    "P@10": 0.086,
    "P@100": 0.01413,
    "P@25": 0.0424,
    "P@50": 0.0252,
    "Recall@1": 0.25356,
    "Recall@10": 0.44544,
    "Recall@100": 0.70322,
    "Recall@25": 0.54178,
    "Recall@50": 0.62956
  }
}