{
  "dataset_name": "Bioinformatics",
  "evaluation_time": "0.22 minutes",
  "gar_llm": "huatuo-o1-70b",
  "gar_method": "hyde",
  "retriever_name": "nv",
  "test": {
    "map_at_1": 0.21657,
    "map_at_10": 0.42696,
    "map_at_100": 0.45653,
    "map_at_3": 0.33746,
    "map_at_5": 0.39611,
    "ndcg_at_1": 0.4026,
    "ndcg_at_10": 0.52815,
    "ndcg_at_100": 0.60245,
    "ndcg_at_3": 0.44857,
    "ndcg_at_5": 0.49011,
    "precision_at_1": 0.4026,
    "precision_at_10": 0.16883,
    "precision_at_100": 0.02636,
    "precision_at_3": 0.31602,
    "precision_at_5": 0.26234,
    "recall_at_1": 0.21657,
    "recall_at_10": 0.66967,
    "recall_at_100": 0.89714,
    "recall_at_3": 0.42681,
    "recall_at_5": 0.55866
  }
}