{
  "dataset_name": "IIYi-Clinical",
  "evaluation_time": "0.47 minutes",
  "gar_llm": "huatuo-o1-70b",
  "gar_method": "hyde",
  "retriever_name": "nv",
  "test": {
    "map_at_1": 0.06434,
    "map_at_10": 0.14835,
    "map_at_100": 0.18249,
    "map_at_3": 0.11105,
    "map_at_5": 0.12369,
    "ndcg_at_1": 0.16279,
    "ndcg_at_10": 0.21766,
    "ndcg_at_100": 0.34055,
    "ndcg_at_3": 0.17428,
    "ndcg_at_5": 0.17361,
    "precision_at_1": 0.16279,
    "precision_at_10": 0.09535,
    "precision_at_100": 0.02481,
    "precision_at_3": 0.14729,
    "precision_at_5": 0.11628,
    "recall_at_1": 0.06434,
    "recall_at_10": 0.27752,
    "recall_at_100": 0.67636,
    "recall_at_3": 0.14716,
    "recall_at_5": 0.17687
  }
}