{
  "dataset_name": "Medical-Sciences",
  "evaluation_time": "0.15 minutes",
  "gar_llm": "huatuo-o1-70b",
  "gar_method": "hyde",
  "retriever_name": "nv",
  "test": {
    "map_at_1": 0.20134,
    "map_at_10": 0.39469,
    "map_at_100": 0.42138,
    "map_at_3": 0.32216,
    "map_at_5": 0.3545,
    "ndcg_at_1": 0.35227,
    "ndcg_at_10": 0.49553,
    "ndcg_at_100": 0.57737,
    "ndcg_at_3": 0.40881,
    "ndcg_at_5": 0.4363,
    "precision_at_1": 0.35227,
    "precision_at_10": 0.15227,
    "precision_at_100": 0.025,
    "precision_at_3": 0.27273,
    "precision_at_5": 0.21818,
    "recall_at_1": 0.20134,
    "recall_at_10": 0.65657,
    "recall_at_100": 0.92106,
    "recall_at_3": 0.41695,
    "recall_at_5": 0.49827
  }
}