{
  "dataset_name": "MedQA-Diag",
  "evaluation_time": "0.19 minutes",
  "gar_llm": "huatuo-o1-70b",
  "gar_method": "hyde",
  "retriever_name": "nv",
  "test": {
    "map_at_1": 0.11817,
    "map_at_10": 0.29159,
    "map_at_100": 0.32804,
    "map_at_3": 0.21415,
    "map_at_5": 0.25461,
    "ndcg_at_1": 0.44068,
    "ndcg_at_10": 0.38332,
    "ndcg_at_100": 0.48326,
    "ndcg_at_3": 0.36695,
    "ndcg_at_5": 0.35459,
    "precision_at_1": 0.44068,
    "precision_at_10": 0.17712,
    "precision_at_100": 0.0311,
    "precision_at_3": 0.31638,
    "precision_at_5": 0.25254,
    "recall_at_1": 0.11817,
    "recall_at_10": 0.41959,
    "recall_at_100": 0.73161,
    "recall_at_3": 0.24674,
    "recall_at_5": 0.31217
  }
}