{
  "dataset_name": "MedXpertQA-Exam",
  "evaluation_time": "0.21 minutes",
  "gar_llm": "huatuo-o1-70b",
  "gar_method": "hyde",
  "retriever_name": "nv",
  "test": {
    "map_at_1": 0.10922,
    "map_at_10": 0.1905,
    "map_at_100": 0.21193,
    "map_at_3": 0.16076,
    "map_at_5": 0.17483,
    "ndcg_at_1": 0.21649,
    "ndcg_at_10": 0.25252,
    "ndcg_at_100": 0.32766,
    "ndcg_at_3": 0.2206,
    "ndcg_at_5": 0.22648,
    "precision_at_1": 0.21649,
    "precision_at_10": 0.08144,
    "precision_at_100": 0.01619,
    "precision_at_3": 0.16151,
    "precision_at_5": 0.12371,
    "recall_at_1": 0.10922,
    "recall_at_10": 0.31041,
    "recall_at_100": 0.57577,
    "recall_at_3": 0.20587,
    "recall_at_5": 0.23898
  }
}