{
  "dataset_name": "PMC-Treatment",
  "evaluation_time": "0.32 minutes",
  "gar_llm": "huatuo-o1-70b",
  "gar_method": "hyde",
  "retriever_name": "nv",
  "test": {
    "map_at_1": 0.28789,
    "map_at_10": 0.42139,
    "map_at_100": 0.43688,
    "map_at_3": 0.38565,
    "map_at_5": 0.40828,
    "ndcg_at_1": 0.48667,
    "ndcg_at_10": 0.48931,
    "ndcg_at_100": 0.54711,
    "ndcg_at_3": 0.45465,
    "ndcg_at_5": 0.4654,
    "precision_at_1": 0.48667,
    "precision_at_10": 0.11267,
    "precision_at_100": 0.016,
    "precision_at_3": 0.27556,
    "precision_at_5": 0.19467,
    "recall_at_1": 0.28789,
    "recall_at_10": 0.54289,
    "recall_at_100": 0.77456,
    "recall_at_3": 0.42889,
    "recall_at_5": 0.48822
  }
}