{
  "dataset_name": "PMC-Clinical",
  "evaluation_time": "0.26 minutes",
  "gar_llm": "huatuo-o1-70b",
  "gar_method": "hyde",
  "retriever_name": "nv",
  "test": {
    "map_at_1": 0.2288,
    "map_at_10": 0.40457,
    "map_at_100": 0.42569,
    "map_at_3": 0.35733,
    "map_at_5": 0.38153,
    "ndcg_at_1": 0.40351,
    "ndcg_at_10": 0.48565,
    "ndcg_at_100": 0.55473,
    "ndcg_at_3": 0.42258,
    "ndcg_at_5": 0.44445,
    "precision_at_1": 0.40351,
    "precision_at_10": 0.12281,
    "precision_at_100": 0.01789,
    "precision_at_3": 0.28947,
    "precision_at_5": 0.2,
    "recall_at_1": 0.2288,
    "recall_at_10": 0.59211,
    "recall_at_100": 0.84284,
    "recall_at_3": 0.4364,
    "recall_at_5": 0.49415
  }
}