{
  "dataset_name": "Bioinformatics",
  "evaluation_time": "0.03 minutes",
  "gar_llm": "qwen-7b",
  "gar_method": "query2doc",
  "retriever_name": "bge",
  "test": {
    "map_at_1": 0.13984,
    "map_at_10": 0.26268,
    "map_at_100": 0.28914,
    "map_at_3": 0.20476,
    "map_at_5": 0.23923,
    "ndcg_at_1": 0.27273,
    "ndcg_at_10": 0.34556,
    "ndcg_at_100": 0.4376,
    "ndcg_at_3": 0.27816,
    "ndcg_at_5": 0.31119,
    "precision_at_1": 0.27273,
    "precision_at_10": 0.11039,
    "precision_at_100": 0.02299,
    "precision_at_3": 0.18615,
    "precision_at_5": 0.16883,
    "recall_at_1": 0.13984,
    "recall_at_10": 0.45841,
    "recall_at_100": 0.76766,
    "recall_at_3": 0.26087,
    "recall_at_5": 0.35028
  }
}