{
  "dataset_name": "Biology",
  "evaluation_time": "0.15 minutes",
  "gar_llm": "qwen-7b",
  "gar_method": "query2doc",
  "retriever_name": "bge",
  "test": {
    "map_at_1": 0.08625,
    "map_at_10": 0.19553,
    "map_at_100": 0.22446,
    "map_at_3": 0.14196,
    "map_at_5": 0.17041,
    "ndcg_at_1": 0.28155,
    "ndcg_at_10": 0.277,
    "ndcg_at_100": 0.37132,
    "ndcg_at_3": 0.22797,
    "ndcg_at_5": 0.2461,
    "precision_at_1": 0.28155,
    "precision_at_10": 0.11942,
    "precision_at_100": 0.02398,
    "precision_at_3": 0.1877,
    "precision_at_5": 0.16311,
    "recall_at_1": 0.08625,
    "recall_at_10": 0.32957,
    "recall_at_100": 0.64398,
    "recall_at_3": 0.16382,
    "recall_at_5": 0.23607
  }
}