{
  "dataset_name": "IIYi-Clinical",
  "evaluation_time": "0.03 minutes",
  "gar_llm": "qwen-7b",
  "gar_method": "query2doc",
  "retriever_name": "bge",
  "test": {
    "map_at_1": 0.03979,
    "map_at_10": 0.09074,
    "map_at_100": 0.1208,
    "map_at_3": 0.07078,
    "map_at_5": 0.08172,
    "ndcg_at_1": 0.13953,
    "ndcg_at_10": 0.14732,
    "ndcg_at_100": 0.27246,
    "ndcg_at_3": 0.12903,
    "ndcg_at_5": 0.12707,
    "precision_at_1": 0.13953,
    "precision_at_10": 0.06512,
    "precision_at_100": 0.02132,
    "precision_at_3": 0.12145,
    "precision_at_5": 0.09612,
    "recall_at_1": 0.03979,
    "recall_at_10": 0.17248,
    "recall_at_100": 0.60323,
    "recall_at_3": 0.09612,
    "recall_at_5": 0.12196
  }
}