{
  "dataset_name": "Medical-Sciences",
  "evaluation_time": "0.03 minutes",
  "gar_llm": "qwen-7b",
  "gar_method": "query2doc",
  "retriever_name": "bge",
  "test": {
    "map_at_1": 0.16924,
    "map_at_10": 0.33699,
    "map_at_100": 0.3606,
    "map_at_3": 0.27925,
    "map_at_5": 0.30326,
    "ndcg_at_1": 0.28409,
    "ndcg_at_10": 0.42797,
    "ndcg_at_100": 0.50762,
    "ndcg_at_3": 0.34635,
    "ndcg_at_5": 0.36873,
    "precision_at_1": 0.28409,
    "precision_at_10": 0.13068,
    "precision_at_100": 0.0217,
    "precision_at_3": 0.23106,
    "precision_at_5": 0.17727,
    "recall_at_1": 0.16924,
    "recall_at_10": 0.5686,
    "recall_at_100": 0.84834,
    "recall_at_3": 0.35423,
    "recall_at_5": 0.41801
  }
}