{
  "dataset_name": "PMC-Clinical",
  "evaluation_time": "0.06 minutes",
  "gar_llm": "qwen-7b",
  "gar_method": "query2doc",
  "retriever_name": "bge",
  "test": {
    "map_at_1": 0.06725,
    "map_at_10": 0.1292,
    "map_at_100": 0.14431,
    "map_at_3": 0.10124,
    "map_at_5": 0.11685,
    "ndcg_at_1": 0.14035,
    "ndcg_at_10": 0.17492,
    "ndcg_at_100": 0.24695,
    "ndcg_at_3": 0.13037,
    "ndcg_at_5": 0.14948,
    "precision_at_1": 0.14035,
    "precision_at_10": 0.05175,
    "precision_at_100": 0.01149,
    "precision_at_3": 0.09649,
    "precision_at_5": 0.07368,
    "recall_at_1": 0.06725,
    "recall_at_10": 0.23684,
    "recall_at_100": 0.5212,
    "recall_at_3": 0.12865,
    "recall_at_5": 0.17178
  }
}