{
  "dataset_name": "PMC-Treatment",
  "evaluation_time": "0.03 minutes",
  "gar_llm": "qwen-7b",
  "gar_method": "query2doc",
  "retriever_name": "bge",
  "test": {
    "map_at_1": 0.12433,
    "map_at_10": 0.18782,
    "map_at_100": 0.19748,
    "map_at_3": 0.16778,
    "map_at_5": 0.17699,
    "ndcg_at_1": 0.2,
    "ndcg_at_10": 0.23792,
    "ndcg_at_100": 0.28421,
    "ndcg_at_3": 0.20306,
    "ndcg_at_5": 0.21315,
    "precision_at_1": 0.2,
    "precision_at_10": 0.05533,
    "precision_at_100": 0.00973,
    "precision_at_3": 0.11778,
    "precision_at_5": 0.084,
    "recall_at_1": 0.12433,
    "recall_at_10": 0.31089,
    "recall_at_100": 0.49267,
    "recall_at_3": 0.21111,
    "recall_at_5": 0.24567
  }
}