{
  "dataset_name": "Medical-Sciences",
  "evaluation_time": "18.7 minutes",
  "model_name": "sfr",
  "test": {
    "map_at_1": 0.19518,
    "map_at_10": 0.36056,
    "map_at_100": 0.39447,
    "map_at_3": 0.29809,
    "map_at_5": 0.33237,
    "ndcg_at_1": 0.375,
    "ndcg_at_10": 0.46007,
    "ndcg_at_100": 0.55492,
    "ndcg_at_3": 0.3773,
    "ndcg_at_5": 0.41969,
    "precision_at_1": 0.375,
    "precision_at_10": 0.13977,
    "precision_at_100": 0.02432,
    "precision_at_3": 0.25,
    "precision_at_5": 0.20909,
    "recall_at_1": 0.19518,
    "recall_at_10": 0.58712,
    "recall_at_100": 0.89665,
    "recall_at_3": 0.36381,
    "recall_at_5": 0.48271
  }
}