{
  "dataset_name": "MedXpertQA-Exam",
  "evaluation_time": "38.27 minutes",
  "model_name": "sfr",
  "test": {
    "map_at_1": 0.04082,
    "map_at_10": 0.08273,
    "map_at_100": 0.09724,
    "map_at_3": 0.06922,
    "map_at_5": 0.07634,
    "ndcg_at_1": 0.1134,
    "ndcg_at_10": 0.11985,
    "ndcg_at_100": 0.18972,
    "ndcg_at_3": 0.10296,
    "ndcg_at_5": 0.1075,
    "precision_at_1": 0.1134,
    "precision_at_10": 0.03918,
    "precision_at_100": 0.01113,
    "precision_at_3": 0.0756,
    "precision_at_5": 0.05773,
    "recall_at_1": 0.04082,
    "recall_at_10": 0.15032,
    "recall_at_100": 0.41761,
    "recall_at_3": 0.09152,
    "recall_at_5": 0.11911
  }
}