{
  "dataset_name": "PMC-Treatment",
  "evaluation_time": "15.67 minutes",
  "model_name": "sfr",
  "test": {
    "map_at_1": 0.25622,
    "map_at_10": 0.36859,
    "map_at_100": 0.38229,
    "map_at_3": 0.32952,
    "map_at_5": 0.35542,
    "ndcg_at_1": 0.45333,
    "ndcg_at_10": 0.44191,
    "ndcg_at_100": 0.49891,
    "ndcg_at_3": 0.40064,
    "ndcg_at_5": 0.41706,
    "precision_at_1": 0.45333,
    "precision_at_10": 0.102,
    "precision_at_100": 0.01513,
    "precision_at_3": 0.24444,
    "precision_at_5": 0.176,
    "recall_at_1": 0.25622,
    "recall_at_10": 0.50511,
    "recall_at_100": 0.74056,
    "recall_at_3": 0.37322,
    "recall_at_5": 0.44211
  }
}