{
  "dataset_name": "PMC-Clinical",
  "evaluation_time": "106.28 minutes",
  "model_name": "sfr",
  "test": {
    "map_at_1": 0.13743,
    "map_at_10": 0.27515,
    "map_at_100": 0.2956,
    "map_at_3": 0.23063,
    "map_at_5": 0.25099,
    "ndcg_at_1": 0.2807,
    "ndcg_at_10": 0.3636,
    "ndcg_at_100": 0.44125,
    "ndcg_at_3": 0.28619,
    "ndcg_at_5": 0.31514,
    "precision_at_1": 0.2807,
    "precision_at_10": 0.09912,
    "precision_at_100": 0.01675,
    "precision_at_3": 0.20175,
    "precision_at_5": 0.14912,
    "recall_at_1": 0.13743,
    "recall_at_10": 0.48757,
    "recall_at_100": 0.78509,
    "recall_at_3": 0.29167,
    "recall_at_5": 0.36404
  }
}