{
  "dataset_name": "Bioinformatics",
  "evaluation_time": "0.33 minutes",
  "gar_llm": "qwq-32b",
  "gar_method": "hyde",
  "retriever_name": "nv",
  "test": {
    "map_at_1": 0.21657,
    "map_at_10": 0.42679,
    "map_at_100": 0.45708,
    "map_at_1000": 0.45811,
    "map_at_3": 0.34265,
    "map_at_5": 0.38594,
    "ndcg_at_1": 0.4026,
    "ndcg_at_10": 0.52435,
    "ndcg_at_100": 0.60383,
    "ndcg_at_1000": 0.61715,
    "ndcg_at_3": 0.44684,
    "ndcg_at_5": 0.4761,
    "precision_at_1": 0.4026,
    "precision_at_10": 0.17143,
    "precision_at_100": 0.02688,
    "precision_at_1000": 0.00294,
    "precision_at_3": 0.31169,
    "precision_at_5": 0.25195,
    "recall_at_1": 0.21657,
    "recall_at_10": 0.66272,
    "recall_at_100": 0.91613,
    "recall_at_1000": 0.99567,
    "recall_at_3": 0.42052,
    "recall_at_5": 0.52835
  }
}