{
  "dataset_name": "Biology",
  "evaluation_time": "0.27 minutes",
  "gar_llm": "qwq-32b",
  "gar_method": "hyde",
  "retriever_name": "nv",
  "test": {
    "map_at_1": 0.10022,
    "map_at_10": 0.24466,
    "map_at_100": 0.27719,
    "map_at_1000": 0.2799,
    "map_at_3": 0.18109,
    "map_at_5": 0.21312,
    "ndcg_at_1": 0.30097,
    "ndcg_at_10": 0.32258,
    "ndcg_at_100": 0.42015,
    "ndcg_at_1000": 0.46227,
    "ndcg_at_3": 0.29284,
    "ndcg_at_5": 0.29313,
    "precision_at_1": 0.30097,
    "precision_at_10": 0.14175,
    "precision_at_100": 0.0266,
    "precision_at_1000": 0.00341,
    "precision_at_3": 0.25566,
    "precision_at_5": 0.19806,
    "recall_at_1": 0.10022,
    "recall_at_10": 0.36341,
    "recall_at_100": 0.70319,
    "recall_at_1000": 0.93832,
    "recall_at_3": 0.21375,
    "recall_at_5": 0.27119
  }
}