{
  "dataset_name": "IIYi-Clinical",
  "evaluation_time": "0.61 minutes",
  "gar_llm": "qwq-32b",
  "gar_method": "hyde",
  "retriever_name": "nv",
  "test": {
    "map_at_1": 0.06085,
    "map_at_10": 0.14242,
    "map_at_100": 0.17416,
    "map_at_1000": 0.17762,
    "map_at_3": 0.10935,
    "map_at_5": 0.12765,
    "ndcg_at_1": 0.13178,
    "ndcg_at_10": 0.20376,
    "ndcg_at_100": 0.32553,
    "ndcg_at_1000": 0.37549,
    "ndcg_at_3": 0.16802,
    "ndcg_at_5": 0.17849,
    "precision_at_1": 0.13178,
    "precision_at_10": 0.08605,
    "precision_at_100": 0.02349,
    "precision_at_1000": 0.00333,
    "precision_at_3": 0.1447,
    "precision_at_5": 0.12248,
    "recall_at_1": 0.06085,
    "recall_at_10": 0.24948,
    "recall_at_100": 0.65078,
    "recall_at_1000": 0.91705,
    "recall_at_3": 0.15116,
    "recall_at_5": 0.19509
  }
}