{
  "dataset_name": "MedQA-Diag",
  "evaluation_time": "0.26 minutes",
  "gar_llm": "qwq-32b",
  "gar_method": "hyde",
  "retriever_name": "nv",
  "test": {
    "map_at_1": 0.07233,
    "map_at_10": 0.22493,
    "map_at_100": 0.25844,
    "map_at_1000": 0.26107,
    "map_at_3": 0.16058,
    "map_at_5": 0.19428,
    "ndcg_at_1": 0.30508,
    "ndcg_at_10": 0.31294,
    "ndcg_at_100": 0.41332,
    "ndcg_at_1000": 0.45061,
    "ndcg_at_3": 0.28806,
    "ndcg_at_5": 0.28596,
    "precision_at_1": 0.30508,
    "precision_at_10": 0.15169,
    "precision_at_100": 0.02924,
    "precision_at_1000": 0.00381,
    "precision_at_3": 0.26554,
    "precision_at_5": 0.21864,
    "recall_at_1": 0.07233,
    "recall_at_10": 0.35666,
    "recall_at_100": 0.67264,
    "recall_at_1000": 0.8635,
    "recall_at_3": 0.19647,
    "recall_at_5": 0.26154
  }
}