{
  "dataset_name": "MedXpertQA-Exam",
  "evaluation_time": "0.25 minutes",
  "gar_llm": "qwq-32b",
  "gar_method": "hyde",
  "retriever_name": "nv",
  "test": {
    "map_at_1": 0.07338,
    "map_at_10": 0.15316,
    "map_at_100": 0.1735,
    "map_at_1000": 0.17575,
    "map_at_3": 0.12257,
    "map_at_5": 0.1442,
    "ndcg_at_1": 0.16495,
    "ndcg_at_10": 0.21081,
    "ndcg_at_100": 0.28966,
    "ndcg_at_1000": 0.33619,
    "ndcg_at_3": 0.17415,
    "ndcg_at_5": 0.19543,
    "precision_at_1": 0.16495,
    "precision_at_10": 0.0701,
    "precision_at_100": 0.01557,
    "precision_at_1000": 0.00236,
    "precision_at_3": 0.12371,
    "precision_at_5": 0.11134,
    "recall_at_1": 0.07338,
    "recall_at_10": 0.26365,
    "recall_at_100": 0.55248,
    "recall_at_1000": 0.82998,
    "recall_at_3": 0.16222,
    "recall_at_5": 0.22137
  }
}