{
  "dataset_name": "PMC-Treatment",
  "evaluation_time": "0.52 minutes",
  "gar_llm": "qwq-32b",
  "gar_method": "hyde",
  "retriever_name": "nv",
  "test": {
    "map_at_1": 0.26722,
    "map_at_10": 0.38878,
    "map_at_100": 0.40431,
    "map_at_1000": 0.40561,
    "map_at_3": 0.3503,
    "map_at_5": 0.36959,
    "ndcg_at_1": 0.47333,
    "ndcg_at_10": 0.46139,
    "ndcg_at_100": 0.51985,
    "ndcg_at_1000": 0.54642,
    "ndcg_at_3": 0.42086,
    "ndcg_at_5": 0.42815,
    "precision_at_1": 0.47333,
    "precision_at_10": 0.11,
    "precision_at_100": 0.016,
    "precision_at_1000": 0.00195,
    "precision_at_3": 0.25333,
    "precision_at_5": 0.18,
    "recall_at_1": 0.26722,
    "recall_at_10": 0.52867,
    "recall_at_100": 0.75911,
    "recall_at_1000": 0.93878,
    "recall_at_3": 0.39611,
    "recall_at_5": 0.44756
  }
}