{
  "dataset_name": "Bioinformatics",
  "evaluation_time": "0.02 minutes",
  "gar_llm": "qwen-3b-ins",
  "gar_method": "search-r1",
  "retriever_name": "bge",
  "test": {
    "map_at_1": 0.10108,
    "map_at_10": 0.19813,
    "map_at_100": 0.22031,
    "map_at_3": 0.15013,
    "map_at_5": 0.1785,
    "ndcg_at_1": 0.19481,
    "ndcg_at_10": 0.26832,
    "ndcg_at_100": 0.35896,
    "ndcg_at_3": 0.2082,
    "ndcg_at_5": 0.23629,
    "precision_at_1": 0.19481,
    "precision_at_10": 0.09091,
    "precision_at_100": 0.02,
    "precision_at_3": 0.14286,
    "precision_at_5": 0.12727,
    "recall_at_1": 0.10108,
    "recall_at_10": 0.35957,
    "recall_at_100": 0.69533,
    "recall_at_3": 0.20142,
    "recall_at_5": 0.27676
  }
}