{
  "dataset_name": "Biology",
  "evaluation_time": "0.08 minutes",
  "gar_llm": "qwen-3b-ins",
  "gar_method": "search-r1",
  "retriever_name": "bge",
  "test": {
    "map_at_1": 0.04771,
    "map_at_10": 0.11246,
    "map_at_100": 0.13076,
    "map_at_3": 0.08179,
    "map_at_5": 0.09618,
    "ndcg_at_1": 0.18447,
    "ndcg_at_10": 0.16799,
    "ndcg_at_100": 0.24331,
    "ndcg_at_3": 0.14284,
    "ndcg_at_5": 0.14841,
    "precision_at_1": 0.18447,
    "precision_at_10": 0.0767,
    "precision_at_100": 0.01699,
    "precision_at_3": 0.11974,
    "precision_at_5": 0.10291,
    "recall_at_1": 0.04771,
    "recall_at_10": 0.19712,
    "recall_at_100": 0.46569,
    "recall_at_3": 0.10229,
    "recall_at_5": 0.13537
  }
}