{
  "dataset_name": "Medical-Sciences",
  "evaluation_time": "0.01 minutes",
  "gar_llm": "qwen-3b-ins",
  "gar_method": "search-r1",
  "retriever_name": "bge",
  "test": {
    "map_at_1": 0.11043,
    "map_at_10": 0.27282,
    "map_at_100": 0.295,
    "map_at_3": 0.21072,
    "map_at_5": 0.2457,
    "ndcg_at_1": 0.19318,
    "ndcg_at_10": 0.3674,
    "ndcg_at_100": 0.44538,
    "ndcg_at_3": 0.27714,
    "ndcg_at_5": 0.32097,
    "precision_at_1": 0.19318,
    "precision_at_10": 0.12045,
    "precision_at_100": 0.0208,
    "precision_at_3": 0.19318,
    "precision_at_5": 0.17045,
    "recall_at_1": 0.11043,
    "recall_at_10": 0.52215,
    "recall_at_100": 0.80709,
    "recall_at_3": 0.31224,
    "recall_at_5": 0.40983
  }
}