{
  "dataset_name": "MedQA-Diag",
  "evaluation_time": "0.03 minutes",
  "gar_llm": "qwen-3b-ins",
  "gar_method": "search-r1",
  "retriever_name": "bge",
  "test": {
    "map_at_1": 0.0322,
    "map_at_10": 0.0863,
    "map_at_100": 0.10258,
    "map_at_3": 0.06466,
    "map_at_5": 0.07378,
    "ndcg_at_1": 0.11864,
    "ndcg_at_10": 0.12172,
    "ndcg_at_100": 0.18951,
    "ndcg_at_3": 0.11354,
    "ndcg_at_5": 0.10857,
    "precision_at_1": 0.11864,
    "precision_at_10": 0.05339,
    "precision_at_100": 0.01424,
    "precision_at_3": 0.09887,
    "precision_at_5": 0.07627,
    "recall_at_1": 0.0322,
    "recall_at_10": 0.14461,
    "recall_at_100": 0.36262,
    "recall_at_3": 0.08483,
    "recall_at_5": 0.10256
  }
}