{
  "dataset_name": "MedXpertQA-Exam",
  "evaluation_time": "0.02 minutes",
  "gar_llm": "qwen-3b-ins",
  "gar_method": "search-r1",
  "retriever_name": "bge",
  "test": {
    "map_at_1": 0.02941,
    "map_at_10": 0.05413,
    "map_at_100": 0.06411,
    "map_at_3": 0.04526,
    "map_at_5": 0.04842,
    "ndcg_at_1": 0.09278,
    "ndcg_at_10": 0.084,
    "ndcg_at_100": 0.1379,
    "ndcg_at_3": 0.07594,
    "ndcg_at_5": 0.07273,
    "precision_at_1": 0.09278,
    "precision_at_10": 0.02784,
    "precision_at_100": 0.00856,
    "precision_at_3": 0.05842,
    "precision_at_5": 0.04124,
    "recall_at_1": 0.02941,
    "recall_at_10": 0.10982,
    "recall_at_100": 0.32025,
    "recall_at_3": 0.06008,
    "recall_at_5": 0.07588
  }
}