{
  "dataset_name": "PMC-Treatment",
  "evaluation_time": "0.02 minutes",
  "gar_llm": "qwen-3b-ins",
  "gar_method": "search-r1",
  "retriever_name": "bge",
  "test": {
    "map_at_1": 0.19333,
    "map_at_10": 0.30419,
    "map_at_100": 0.31877,
    "map_at_3": 0.26907,
    "map_at_5": 0.29084,
    "ndcg_at_1": 0.32,
    "ndcg_at_10": 0.37154,
    "ndcg_at_100": 0.42982,
    "ndcg_at_3": 0.32216,
    "ndcg_at_5": 0.34526,
    "precision_at_1": 0.32,
    "precision_at_10": 0.086,
    "precision_at_100": 0.01353,
    "precision_at_3": 0.19111,
    "precision_at_5": 0.14267,
    "recall_at_1": 0.19333,
    "recall_at_10": 0.45789,
    "recall_at_100": 0.68456,
    "recall_at_3": 0.32056,
    "recall_at_5": 0.39467
  }
}