{
  "dataset_name": "PMC-Clinical",
  "evaluation_time": "0.03 minutes",
  "gar_llm": "qwen-3b-ins",
  "gar_method": "search-r1",
  "retriever_name": "bge",
  "test": {
    "map_at_1": 0.10819,
    "map_at_10": 0.17089,
    "map_at_100": 0.18623,
    "map_at_3": 0.1412,
    "map_at_5": 0.15579,
    "ndcg_at_1": 0.21053,
    "ndcg_at_10": 0.22837,
    "ndcg_at_100": 0.30061,
    "ndcg_at_3": 0.17594,
    "ndcg_at_5": 0.1922,
    "precision_at_1": 0.21053,
    "precision_at_10": 0.06316,
    "precision_at_100": 0.01281,
    "precision_at_3": 0.11404,
    "precision_at_5": 0.08596,
    "recall_at_1": 0.10819,
    "recall_at_10": 0.29678,
    "recall_at_100": 0.58333,
    "recall_at_3": 0.16886,
    "recall_at_5": 0.20468
  }
}