{
  "dataset_name": "Bioinformatics",
  "evaluation_time": "0.02 minutes",
  "gar_llm": "r1-qwen-32b",
  "gar_method": "hyde",
  "retriever_name": "bge",
  "test": {
    "map_at_1": 0.13389,
    "map_at_10": 0.24735,
    "map_at_100": 0.27153,
    "map_at_3": 0.18819,
    "map_at_5": 0.2204,
    "ndcg_at_1": 0.24675,
    "ndcg_at_10": 0.33425,
    "ndcg_at_100": 0.42106,
    "ndcg_at_3": 0.25882,
    "ndcg_at_5": 0.29231,
    "precision_at_1": 0.24675,
    "precision_at_10": 0.11169,
    "precision_at_100": 0.02182,
    "precision_at_3": 0.17749,
    "precision_at_5": 0.15325,
    "recall_at_1": 0.13389,
    "recall_at_10": 0.4556,
    "recall_at_100": 0.7554,
    "recall_at_3": 0.2417,
    "recall_at_5": 0.33706
  }
}