{
  "dataset_name": "Biology",
  "evaluation_time": "0.08 minutes",
  "gar_llm": "r1-qwen-32b",
  "gar_method": "hyde",
  "retriever_name": "bge",
  "test": {
    "map_at_1": 0.04256,
    "map_at_10": 0.12412,
    "map_at_100": 0.14723,
    "map_at_3": 0.08431,
    "map_at_5": 0.10099,
    "ndcg_at_1": 0.18447,
    "ndcg_at_10": 0.19611,
    "ndcg_at_100": 0.28641,
    "ndcg_at_3": 0.16057,
    "ndcg_at_5": 0.16517,
    "precision_at_1": 0.18447,
    "precision_at_10": 0.09515,
    "precision_at_100": 0.02117,
    "precision_at_3": 0.14887,
    "precision_at_5": 0.12427,
    "recall_at_1": 0.04256,
    "recall_at_10": 0.25403,
    "recall_at_100": 0.57223,
    "recall_at_3": 0.11877,
    "recall_at_5": 0.15823
  }
}