{
  "dataset_name": "IIYi-Clinical",
  "evaluation_time": "0.02 minutes",
  "gar_llm": "r1-qwen-32b",
  "gar_method": "hyde",
  "retriever_name": "bge",
  "test": {
    "map_at_1": 0.04625,
    "map_at_10": 0.10618,
    "map_at_100": 0.13674,
    "map_at_3": 0.07517,
    "map_at_5": 0.08874,
    "ndcg_at_1": 0.15504,
    "ndcg_at_10": 0.17104,
    "ndcg_at_100": 0.29037,
    "ndcg_at_3": 0.12871,
    "ndcg_at_5": 0.136,
    "precision_at_1": 0.15504,
    "precision_at_10": 0.07674,
    "precision_at_100": 0.02202,
    "precision_at_3": 0.11111,
    "precision_at_5": 0.09612,
    "recall_at_1": 0.04625,
    "recall_at_10": 0.21563,
    "recall_at_100": 0.60749,
    "recall_at_3": 0.09793,
    "recall_at_5": 0.13747
  }
}