{
  "dataset_name": "Medical-Sciences",
  "evaluation_time": "0.01 minutes",
  "gar_llm": "r1-qwen-32b",
  "gar_method": "hyde",
  "retriever_name": "bge",
  "test": {
    "map_at_1": 0.16725,
    "map_at_10": 0.31612,
    "map_at_100": 0.34476,
    "map_at_3": 0.25901,
    "map_at_5": 0.28883,
    "ndcg_at_1": 0.28409,
    "ndcg_at_10": 0.40755,
    "ndcg_at_100": 0.49712,
    "ndcg_at_3": 0.33459,
    "ndcg_at_5": 0.36238,
    "precision_at_1": 0.28409,
    "precision_at_10": 0.12045,
    "precision_at_100": 0.02205,
    "precision_at_3": 0.22348,
    "precision_at_5": 0.17727,
    "recall_at_1": 0.16725,
    "recall_at_10": 0.53377,
    "recall_at_100": 0.83298,
    "recall_at_3": 0.35394,
    "recall_at_5": 0.42187
  }
}