{
  "dataset_name": "MedQA-Diag",
  "evaluation_time": "0.02 minutes",
  "gar_llm": "r1-qwen-32b",
  "gar_method": "hyde",
  "retriever_name": "bge",
  "test": {
    "map_at_1": 0.05207,
    "map_at_10": 0.13215,
    "map_at_100": 0.15278,
    "map_at_3": 0.09179,
    "map_at_5": 0.11465,
    "ndcg_at_1": 0.17797,
    "ndcg_at_10": 0.19299,
    "ndcg_at_100": 0.2749,
    "ndcg_at_3": 0.16908,
    "ndcg_at_5": 0.17564,
    "precision_at_1": 0.17797,
    "precision_at_10": 0.09068,
    "precision_at_100": 0.02068,
    "precision_at_3": 0.15254,
    "precision_at_5": 0.1322,
    "recall_at_1": 0.05207,
    "recall_at_10": 0.22756,
    "recall_at_100": 0.48741,
    "recall_at_3": 0.11424,
    "recall_at_5": 0.16955
  }
}