{
  "dataset_name": "MedXpertQA-Exam",
  "evaluation_time": "0.02 minutes",
  "gar_llm": "r1-qwen-32b",
  "gar_method": "hyde",
  "retriever_name": "bge",
  "test": {
    "map_at_1": 0.05647,
    "map_at_10": 0.10873,
    "map_at_100": 0.12043,
    "map_at_3": 0.09264,
    "map_at_5": 0.09856,
    "ndcg_at_1": 0.12371,
    "ndcg_at_10": 0.14781,
    "ndcg_at_100": 0.21433,
    "ndcg_at_3": 0.13803,
    "ndcg_at_5": 0.13142,
    "precision_at_1": 0.12371,
    "precision_at_10": 0.05052,
    "precision_at_100": 0.01175,
    "precision_at_3": 0.10653,
    "precision_at_5": 0.07216,
    "recall_at_1": 0.05647,
    "recall_at_10": 0.18434,
    "recall_at_100": 0.45558,
    "recall_at_3": 0.12822,
    "recall_at_5": 0.13862
  }
}