{
  "dataset_name": "PMC-Treatment",
  "evaluation_time": "0.02 minutes",
  "gar_llm": "r1-qwen-32b",
  "gar_method": "hyde",
  "retriever_name": "bge",
  "test": {
    "map_at_1": 0.25656,
    "map_at_10": 0.36036,
    "map_at_100": 0.37491,
    "map_at_3": 0.33246,
    "map_at_5": 0.34645,
    "ndcg_at_1": 0.40667,
    "ndcg_at_10": 0.42376,
    "ndcg_at_100": 0.47598,
    "ndcg_at_3": 0.38904,
    "ndcg_at_5": 0.39476,
    "precision_at_1": 0.40667,
    "precision_at_10": 0.09467,
    "precision_at_100": 0.0138,
    "precision_at_3": 0.22667,
    "precision_at_5": 0.15733,
    "recall_at_1": 0.25656,
    "recall_at_10": 0.483,
    "recall_at_100": 0.68589,
    "recall_at_3": 0.37278,
    "recall_at_5": 0.41178
  }
}