{
  "dataset_name": "PMC-Clinical",
  "evaluation_time": "0.03 minutes",
  "gar_llm": "r1-qwen-32b",
  "gar_method": "hyde",
  "retriever_name": "bge",
  "test": {
    "map_at_1": 0.08845,
    "map_at_10": 0.17089,
    "map_at_100": 0.18821,
    "map_at_3": 0.13889,
    "map_at_5": 0.15541,
    "ndcg_at_1": 0.21053,
    "ndcg_at_10": 0.23842,
    "ndcg_at_100": 0.31221,
    "ndcg_at_3": 0.18777,
    "ndcg_at_5": 0.20849,
    "precision_at_1": 0.21053,
    "precision_at_10": 0.07018,
    "precision_at_100": 0.01333,
    "precision_at_3": 0.14035,
    "precision_at_5": 0.10526,
    "recall_at_1": 0.08845,
    "recall_at_10": 0.32018,
    "recall_at_100": 0.60746,
    "recall_at_3": 0.19883,
    "recall_at_5": 0.24561
  }
}