{
  "dataset_name": "IIYi-Clinical",
  "evaluation_time": "4.59 minutes",
  "model_name": "voyage",
  "test": {
    "map_at_1": 0.05956,
    "map_at_10": 0.12758,
    "map_at_100": 0.16957,
    "map_at_3": 0.08921,
    "map_at_5": 0.1086,
    "ndcg_at_1": 0.17054,
    "ndcg_at_10": 0.20642,
    "ndcg_at_100": 0.35263,
    "ndcg_at_3": 0.15013,
    "ndcg_at_5": 0.16743,
    "precision_at_1": 0.17054,
    "precision_at_10": 0.08837,
    "precision_at_100": 0.02667,
    "precision_at_3": 0.12403,
    "precision_at_5": 0.11473,
    "recall_at_1": 0.05956,
    "recall_at_10": 0.27171,
    "recall_at_100": 0.75168,
    "recall_at_3": 0.11705,
    "recall_at_5": 0.17661
  }
}