{
  "dataset_name": "Medical-Sciences",
  "evaluation_time": "7.76 minutes",
  "model_name": "voyage",
  "test": {
    "map_at_1": 0.18544,
    "map_at_10": 0.32995,
    "map_at_100": 0.35735,
    "map_at_3": 0.27692,
    "map_at_5": 0.30337,
    "ndcg_at_1": 0.31818,
    "ndcg_at_10": 0.41633,
    "ndcg_at_100": 0.50689,
    "ndcg_at_3": 0.34331,
    "ndcg_at_5": 0.36967,
    "precision_at_1": 0.31818,
    "precision_at_10": 0.11818,
    "precision_at_100": 0.02307,
    "precision_at_3": 0.2197,
    "precision_at_5": 0.17045,
    "recall_at_1": 0.18544,
    "recall_at_10": 0.55192,
    "recall_at_100": 0.85288,
    "recall_at_3": 0.35026,
    "recall_at_5": 0.42781
  }
}