{
  "dataset_name": "Biology",
  "evaluation_time": "0.32 minutes",
  "gar_llm": "qwen-72b",
  "gar_method": "hyde",
  "retriever_name": "nv",
  "test": {
    "map_at_1": 0.10235,
    "map_at_10": 0.24517,
    "map_at_100": 0.27685,
    "map_at_3": 0.17965,
    "map_at_5": 0.21395,
    "ndcg_at_1": 0.32039,
    "ndcg_at_10": 0.32352,
    "ndcg_at_100": 0.4183,
    "ndcg_at_3": 0.29413,
    "ndcg_at_5": 0.29812,
    "precision_at_1": 0.32039,
    "precision_at_10": 0.13883,
    "precision_at_100": 0.02583,
    "precision_at_3": 0.25566,
    "precision_at_5": 0.20194,
    "recall_at_1": 0.10235,
    "recall_at_10": 0.36462,
    "recall_at_100": 0.68674,
    "recall_at_3": 0.21384,
    "recall_at_5": 0.27789
  }
}