{
  "dataset_name": "IIYi-Clinical",
  "evaluation_time": "0.7 minutes",
  "gar_llm": "qwen-72b",
  "gar_method": "hyde",
  "retriever_name": "nv",
  "test": {
    "map_at_1": 0.07817,
    "map_at_10": 0.1641,
    "map_at_100": 0.19688,
    "map_at_3": 0.12588,
    "map_at_5": 0.14617,
    "ndcg_at_1": 0.1938,
    "ndcg_at_10": 0.2368,
    "ndcg_at_100": 0.35104,
    "ndcg_at_3": 0.19326,
    "ndcg_at_5": 0.20204,
    "precision_at_1": 0.1938,
    "precision_at_10": 0.09612,
    "precision_at_100": 0.02372,
    "precision_at_3": 0.15762,
    "precision_at_5": 0.13178,
    "recall_at_1": 0.07817,
    "recall_at_10": 0.28915,
    "recall_at_100": 0.65491,
    "recall_at_3": 0.1615,
    "recall_at_5": 0.21189
  }
}