{
  "dataset_name": "Medical-Sciences",
  "evaluation_time": "0.23 minutes",
  "gar_llm": "qwen-72b",
  "gar_method": "hyde",
  "retriever_name": "nv",
  "test": {
    "map_at_1": 0.22312,
    "map_at_10": 0.39785,
    "map_at_100": 0.42802,
    "map_at_3": 0.32099,
    "map_at_5": 0.36553,
    "ndcg_at_1": 0.38636,
    "ndcg_at_10": 0.49968,
    "ndcg_at_100": 0.58602,
    "ndcg_at_3": 0.40359,
    "ndcg_at_5": 0.45229,
    "precision_at_1": 0.38636,
    "precision_at_10": 0.14886,
    "precision_at_100": 0.02523,
    "precision_at_3": 0.26515,
    "precision_at_5": 0.225,
    "recall_at_1": 0.22312,
    "recall_at_10": 0.64613,
    "recall_at_100": 0.92496,
    "recall_at_3": 0.38324,
    "recall_at_5": 0.51711
  }
}