{
  "dataset_name": "MedQA-Diag",
  "evaluation_time": "0.31 minutes",
  "gar_llm": "qwen-72b",
  "gar_method": "hyde",
  "retriever_name": "nv",
  "test": {
    "map_at_1": 0.05706,
    "map_at_10": 0.1715,
    "map_at_100": 0.20343,
    "map_at_3": 0.12399,
    "map_at_5": 0.14412,
    "ndcg_at_1": 0.22881,
    "ndcg_at_10": 0.24472,
    "ndcg_at_100": 0.34365,
    "ndcg_at_3": 0.22278,
    "ndcg_at_5": 0.21421,
    "precision_at_1": 0.22881,
    "precision_at_10": 0.12034,
    "precision_at_100": 0.02534,
    "precision_at_3": 0.20904,
    "precision_at_5": 0.15932,
    "recall_at_1": 0.05706,
    "recall_at_10": 0.2856,
    "recall_at_100": 0.59733,
    "recall_at_3": 0.15872,
    "recall_at_5": 0.19802
  }
}