{
  "dataset_name": "PMC-Treatment",
  "evaluation_time": "0.52 minutes",
  "gar_llm": "qwen-72b",
  "gar_method": "hyde",
  "retriever_name": "nv",
  "test": {
    "map_at_1": 0.27044,
    "map_at_10": 0.40259,
    "map_at_100": 0.41798,
    "map_at_3": 0.36491,
    "map_at_5": 0.3842,
    "ndcg_at_1": 0.46,
    "ndcg_at_10": 0.47404,
    "ndcg_at_100": 0.52782,
    "ndcg_at_3": 0.43081,
    "ndcg_at_5": 0.43898,
    "precision_at_1": 0.46,
    "precision_at_10": 0.11,
    "precision_at_100": 0.0158,
    "precision_at_3": 0.25778,
    "precision_at_5": 0.18267,
    "recall_at_1": 0.27044,
    "recall_at_10": 0.54078,
    "recall_at_100": 0.74967,
    "recall_at_3": 0.40678,
    "recall_at_5": 0.45389
  }
}