{
  "dataset_name": "PMC-Clinical",
  "evaluation_time": "0.33 minutes",
  "gar_llm": "qwen-72b",
  "gar_method": "hyde",
  "retriever_name": "nv",
  "test": {
    "map_at_1": 0.21418,
    "map_at_10": 0.36829,
    "map_at_100": 0.38913,
    "map_at_3": 0.3175,
    "map_at_5": 0.34937,
    "ndcg_at_1": 0.37719,
    "ndcg_at_10": 0.44883,
    "ndcg_at_100": 0.52373,
    "ndcg_at_3": 0.38022,
    "ndcg_at_5": 0.41091,
    "precision_at_1": 0.37719,
    "precision_at_10": 0.11316,
    "precision_at_100": 0.01772,
    "precision_at_3": 0.25146,
    "precision_at_5": 0.18246,
    "recall_at_1": 0.21418,
    "recall_at_10": 0.55336,
    "recall_at_100": 0.83553,
    "recall_at_3": 0.3845,
    "recall_at_5": 0.46126
  }
}