{
  "dataset_name": "Medical-Sciences",
  "evaluation_time": "1.28 minutes",
  "model_name": "bmr-2b",
  "test": {
    "map_at_1": 0.18534,
    "map_at_10": 0.31769,
    "map_at_100": 0.34275,
    "map_at_3": 0.25412,
    "map_at_5": 0.29688,
    "ndcg_at_1": 0.26136,
    "ndcg_at_10": 0.39451,
    "ndcg_at_100": 0.48115,
    "ndcg_at_3": 0.31678,
    "ndcg_at_5": 0.36157,
    "precision_at_1": 0.26136,
    "precision_at_10": 0.11591,
    "precision_at_100": 0.02068,
    "precision_at_3": 0.20455,
    "precision_at_5": 0.18409,
    "recall_at_1": 0.18534,
    "recall_at_10": 0.49923,
    "recall_at_100": 0.8044,
    "recall_at_3": 0.30491,
    "recall_at_5": 0.4059
  }
}