{
  "dataset_name": "PMC-Clinical",
  "evaluation_time": "4.85 minutes",
  "model_name": "bmr-2b",
  "test": {
    "map_at_1": 0.10453,
    "map_at_10": 0.18489,
    "map_at_100": 0.20229,
    "map_at_3": 0.15205,
    "map_at_5": 0.16908,
    "ndcg_at_1": 0.22807,
    "ndcg_at_10": 0.25647,
    "ndcg_at_100": 0.32954,
    "ndcg_at_3": 0.19704,
    "ndcg_at_5": 0.22112,
    "precision_at_1": 0.22807,
    "precision_at_10": 0.07018,
    "precision_at_100": 0.01368,
    "precision_at_3": 0.13743,
    "precision_at_5": 0.10351,
    "recall_at_1": 0.10453,
    "recall_at_10": 0.34576,
    "recall_at_100": 0.62281,
    "recall_at_3": 0.19444,
    "recall_at_5": 0.25877
  }
}