{
  "dataset_name": "Bioinformatics",
  "evaluation_time": "0.12 minutes",
  "model_name": "nv",
  "test": {
    "map_at_1": 0.18789,
    "map_at_10": 0.39557,
    "map_at_100": 0.42276,
    "map_at_1000": 0.4245,
    "map_at_3": 0.30673,
    "map_at_5": 0.3594,
    "ndcg_at_1": 0.36364,
    "ndcg_at_10": 0.50099,
    "ndcg_at_100": 0.57346,
    "ndcg_at_1000": 0.59453,
    "ndcg_at_3": 0.42003,
    "ndcg_at_5": 0.45498,
    "precision_at_1": 0.36364,
    "precision_at_10": 0.16364,
    "precision_at_100": 0.02571,
    "precision_at_1000": 0.00294,
    "precision_at_3": 0.29437,
    "precision_at_5": 0.24156,
    "recall_at_1": 0.18789,
    "recall_at_10": 0.65351,
    "recall_at_100": 0.87441,
    "recall_at_1000": 0.99567,
    "recall_at_3": 0.40547,
    "recall_at_5": 0.52305
  }
}