{
  "dataset_name": "Biology",
  "evaluation_time": "0.1 minutes",
  "model_name": "nv",
  "test": {
    "map_at_1": 0.08425,
    "map_at_10": 0.20198,
    "map_at_100": 0.23134,
    "map_at_1000": 0.23474,
    "map_at_3": 0.15042,
    "map_at_5": 0.17793,
    "ndcg_at_1": 0.24272,
    "ndcg_at_10": 0.27152,
    "ndcg_at_100": 0.36205,
    "ndcg_at_1000": 0.41424,
    "ndcg_at_3": 0.23915,
    "ndcg_at_5": 0.24926,
    "precision_at_1": 0.24272,
    "precision_at_10": 0.11748,
    "precision_at_100": 0.02359,
    "precision_at_1000": 0.00333,
    "precision_at_3": 0.20712,
    "precision_at_5": 0.17282,
    "recall_at_1": 0.08425,
    "recall_at_10": 0.30947,
    "recall_at_100": 0.61934,
    "recall_at_1000": 0.91308,
    "recall_at_3": 0.1788,
    "recall_at_5": 0.23657
  }
}