{
  "dataset_name": "IIYi-Clinical",
  "evaluation_time": "0.32 minutes",
  "model_name": "nv",
  "test": {
    "map_at_1": 0.05181,
    "map_at_10": 0.09718,
    "map_at_100": 0.13072,
    "map_at_1000": 0.1337,
    "map_at_3": 0.07556,
    "map_at_5": 0.0817,
    "ndcg_at_1": 0.13953,
    "ndcg_at_10": 0.14808,
    "ndcg_at_100": 0.27308,
    "ndcg_at_1000": 0.3204,
    "ndcg_at_3": 0.11796,
    "ndcg_at_5": 0.11582,
    "precision_at_1": 0.13953,
    "precision_at_10": 0.06279,
    "precision_at_100": 0.02109,
    "precision_at_1000": 0.00309,
    "precision_at_3": 0.09302,
    "precision_at_5": 0.07287,
    "recall_at_1": 0.05181,
    "recall_at_10": 0.1832,
    "recall_at_100": 0.59109,
    "recall_at_1000": 0.84393,
    "recall_at_3": 0.09225,
    "recall_at_5": 0.11227
  }
}