{
  "dataset_name": "Medical-Sciences",
  "evaluation_time": "0.07 minutes",
  "model_name": "nv",
  "test": {
    "map_at_1": 0.18998,
    "map_at_10": 0.3793,
    "map_at_100": 0.40738,
    "map_at_1000": 0.40863,
    "map_at_3": 0.30407,
    "map_at_5": 0.34109,
    "ndcg_at_1": 0.31818,
    "ndcg_at_10": 0.47813,
    "ndcg_at_100": 0.56261,
    "ndcg_at_1000": 0.57575,
    "ndcg_at_3": 0.38639,
    "ndcg_at_5": 0.421,
    "precision_at_1": 0.31818,
    "precision_at_10": 0.14659,
    "precision_at_100": 0.02455,
    "precision_at_1000": 0.00272,
    "precision_at_3": 0.26136,
    "precision_at_5": 0.20909,
    "recall_at_1": 0.18998,
    "recall_at_10": 0.63527,
    "recall_at_100": 0.90929,
    "recall_at_1000": 0.97396,
    "recall_at_3": 0.39071,
    "recall_at_5": 0.49207
  }
}