{
  "dataset_name": "MedQA-Diag",
  "evaluation_time": "0.11 minutes",
  "model_name": "nv",
  "test": {
    "map_at_1": 0.03426,
    "map_at_10": 0.11001,
    "map_at_100": 0.13495,
    "map_at_1000": 0.13851,
    "map_at_3": 0.07126,
    "map_at_5": 0.09512,
    "ndcg_at_1": 0.13559,
    "ndcg_at_10": 0.16721,
    "ndcg_at_100": 0.26408,
    "ndcg_at_1000": 0.31677,
    "ndcg_at_3": 0.1361,
    "ndcg_at_5": 0.14717,
    "precision_at_1": 0.13559,
    "precision_at_10": 0.0822,
    "precision_at_100": 0.02144,
    "precision_at_1000": 0.00336,
    "precision_at_3": 0.12147,
    "precision_at_5": 0.11356,
    "recall_at_1": 0.03426,
    "recall_at_10": 0.20178,
    "recall_at_100": 0.51616,
    "recall_at_1000": 0.78605,
    "recall_at_3": 0.09862,
    "recall_at_5": 0.14856
  }
}