{
  "dataset_name": "MedXpertQA-Exam",
  "evaluation_time": "0.13 minutes",
  "model_name": "nv",
  "test": {
    "map_at_1": 0.04185,
    "map_at_10": 0.07574,
    "map_at_100": 0.08939,
    "map_at_1000": 0.09209,
    "map_at_3": 0.06313,
    "map_at_5": 0.06783,
    "ndcg_at_1": 0.08247,
    "ndcg_at_10": 0.10905,
    "ndcg_at_100": 0.17555,
    "ndcg_at_1000": 0.22952,
    "ndcg_at_3": 0.08667,
    "ndcg_at_5": 0.09217,
    "precision_at_1": 0.08247,
    "precision_at_10": 0.03918,
    "precision_at_100": 0.01041,
    "precision_at_1000": 0.002,
    "precision_at_3": 0.06186,
    "precision_at_5": 0.05155,
    "recall_at_1": 0.04185,
    "recall_at_10": 0.13648,
    "recall_at_100": 0.39667,
    "recall_at_1000": 0.71564,
    "recall_at_3": 0.08154,
    "recall_at_5": 0.09659
  }
}