{
  "dataset_name": "PMC-Treatment",
  "evaluation_time": "0.19 minutes",
  "model_name": "nv",
  "test": {
    "map_at_1": 0.25722,
    "map_at_10": 0.37351,
    "map_at_100": 0.38979,
    "map_at_1000": 0.39122,
    "map_at_3": 0.34309,
    "map_at_5": 0.35916,
    "ndcg_at_1": 0.44,
    "ndcg_at_10": 0.44045,
    "ndcg_at_100": 0.50053,
    "ndcg_at_1000": 0.52887,
    "ndcg_at_3": 0.40723,
    "ndcg_at_5": 0.41239,
    "precision_at_1": 0.44,
    "precision_at_10": 0.102,
    "precision_at_100": 0.0154,
    "precision_at_1000": 0.00192,
    "precision_at_3": 0.24667,
    "precision_at_5": 0.17067,
    "recall_at_1": 0.25722,
    "recall_at_10": 0.49322,
    "recall_at_100": 0.73011,
    "recall_at_1000": 0.91789,
    "recall_at_3": 0.38411,
    "recall_at_5": 0.42811
  }
}