{
  "dataset_name": "PMC-Clinical",
  "evaluation_time": "0.1 minutes",
  "model_name": "nv",
  "test": {
    "map_at_1": 0.16374,
    "map_at_10": 0.31071,
    "map_at_100": 0.33273,
    "map_at_1000": 0.33397,
    "map_at_3": 0.2567,
    "map_at_5": 0.28324,
    "ndcg_at_1": 0.31579,
    "ndcg_at_10": 0.39913,
    "ndcg_at_100": 0.47541,
    "ndcg_at_1000": 0.4972,
    "ndcg_at_3": 0.31369,
    "ndcg_at_5": 0.34336,
    "precision_at_1": 0.31579,
    "precision_at_10": 0.10526,
    "precision_at_100": 0.01711,
    "precision_at_1000": 0.00204,
    "precision_at_3": 0.21345,
    "precision_at_5": 0.15789,
    "recall_at_1": 0.16374,
    "recall_at_10": 0.5307,
    "recall_at_100": 0.80775,
    "recall_at_1000": 0.93933,
    "recall_at_3": 0.31579,
    "recall_at_5": 0.38596
  }
}