{
  "dataset_name": "Biology",
  "evaluation_time": "0.17 minutes",
  "gar_llm": "qwen-72b",
  "gar_method": "lamer",
  "retriever_name": "bge",
  "test": {
    "map_at_1": 0.07007,
    "map_at_10": 0.1586,
    "map_at_100": 0.18693,
    "map_at_3": 0.12361,
    "map_at_5": 0.14074,
    "ndcg_at_1": 0.24272,
    "ndcg_at_10": 0.22604,
    "ndcg_at_100": 0.32622,
    "ndcg_at_3": 0.20627,
    "ndcg_at_5": 0.20933,
    "precision_at_1": 0.24272,
    "precision_at_10": 0.1,
    "precision_at_100": 0.02223,
    "precision_at_3": 0.18123,
    "precision_at_5": 0.14563,
    "recall_at_1": 0.07007,
    "recall_at_10": 0.24642,
    "recall_at_100": 0.59407,
    "recall_at_3": 0.14771,
    "recall_at_5": 0.18981
  }
}