{
  "dataset_name": "IIYi-Clinical",
  "evaluation_time": "0.04 minutes",
  "gar_llm": "qwen-72b",
  "gar_method": "lamer",
  "retriever_name": "bge",
  "test": {
    "map_at_1": 0.05853,
    "map_at_10": 0.1278,
    "map_at_100": 0.15897,
    "map_at_3": 0.09162,
    "map_at_5": 0.11023,
    "ndcg_at_1": 0.1938,
    "ndcg_at_10": 0.20592,
    "ndcg_at_100": 0.32071,
    "ndcg_at_3": 0.1591,
    "ndcg_at_5": 0.16985,
    "precision_at_1": 0.1938,
    "precision_at_10": 0.09147,
    "precision_at_100": 0.02287,
    "precision_at_3": 0.13953,
    "precision_at_5": 0.12558,
    "recall_at_1": 0.05853,
    "recall_at_10": 0.25103,
    "recall_at_100": 0.63566,
    "recall_at_3": 0.11357,
    "recall_at_5": 0.16382
  }
}