{
  "dataset_name": "Medical-Sciences",
  "evaluation_time": "0.03 minutes",
  "gar_llm": "qwen-72b",
  "gar_method": "lamer",
  "retriever_name": "bge",
  "test": {
    "map_at_1": 0.17113,
    "map_at_10": 0.33978,
    "map_at_100": 0.36575,
    "map_at_3": 0.26393,
    "map_at_5": 0.30442,
    "ndcg_at_1": 0.29545,
    "ndcg_at_10": 0.43991,
    "ndcg_at_100": 0.5238,
    "ndcg_at_3": 0.33862,
    "ndcg_at_5": 0.38812,
    "precision_at_1": 0.29545,
    "precision_at_10": 0.14318,
    "precision_at_100": 0.02341,
    "precision_at_3": 0.22348,
    "precision_at_5": 0.19545,
    "recall_at_1": 0.17113,
    "recall_at_10": 0.58318,
    "recall_at_100": 0.88148,
    "recall_at_3": 0.33814,
    "recall_at_5": 0.45787
  }
}