{
  "dataset_name": "MedQA-Diag",
  "evaluation_time": "0.05 minutes",
  "gar_llm": "qwen-72b",
  "gar_method": "lamer",
  "retriever_name": "bge",
  "test": {
    "map_at_1": 0.05487,
    "map_at_10": 0.14457,
    "map_at_100": 0.16473,
    "map_at_3": 0.10213,
    "map_at_5": 0.12299,
    "ndcg_at_1": 0.16949,
    "ndcg_at_10": 0.20384,
    "ndcg_at_100": 0.2775,
    "ndcg_at_3": 0.18483,
    "ndcg_at_5": 0.18447,
    "precision_at_1": 0.16949,
    "precision_at_10": 0.09492,
    "precision_at_100": 0.01992,
    "precision_at_3": 0.16949,
    "precision_at_5": 0.13729,
    "recall_at_1": 0.05487,
    "recall_at_10": 0.24324,
    "recall_at_100": 0.46783,
    "recall_at_3": 0.13203,
    "recall_at_5": 0.1805
  }
}