{
  "dataset_name": "PMC-Treatment",
  "evaluation_time": "0.03 minutes",
  "gar_llm": "qwen-72b",
  "gar_method": "lamer",
  "retriever_name": "bge",
  "test": {
    "map_at_1": 0.27422,
    "map_at_10": 0.38766,
    "map_at_100": 0.4016,
    "map_at_3": 0.35294,
    "map_at_5": 0.37436,
    "ndcg_at_1": 0.46,
    "ndcg_at_10": 0.4557,
    "ndcg_at_100": 0.51156,
    "ndcg_at_3": 0.42097,
    "ndcg_at_5": 0.43368,
    "precision_at_1": 0.46,
    "precision_at_10": 0.10267,
    "precision_at_100": 0.015,
    "precision_at_3": 0.24889,
    "precision_at_5": 0.17733,
    "recall_at_1": 0.27422,
    "recall_at_10": 0.51289,
    "recall_at_100": 0.73189,
    "recall_at_3": 0.40444,
    "recall_at_5": 0.45978
  }
}