{
  "dataset_name": "Bioinformatics",
  "evaluation_time": "0.28 minutes",
  "gar_llm": "qwen-7b",
  "gar_method": "hyde",
  "retriever_name": "nv",
  "test": {
    "map_at_1": 0.20088,
    "map_at_10": 0.39502,
    "map_at_100": 0.42585,
    "map_at_3": 0.30691,
    "map_at_5": 0.3631,
    "ndcg_at_1": 0.35065,
    "ndcg_at_10": 0.49953,
    "ndcg_at_100": 0.57607,
    "ndcg_at_3": 0.40847,
    "ndcg_at_5": 0.46037,
    "precision_at_1": 0.35065,
    "precision_at_10": 0.16494,
    "precision_at_100": 0.02636,
    "precision_at_3": 0.28571,
    "precision_at_5": 0.24935,
    "recall_at_1": 0.20088,
    "recall_at_10": 0.65212,
    "recall_at_100": 0.88644,
    "recall_at_3": 0.39249,
    "recall_at_5": 0.54049
  }
}