{
  "dataset_name": "Biology",
  "evaluation_time": "0.22 minutes",
  "gar_llm": "qwen-7b",
  "gar_method": "hyde",
  "retriever_name": "nv",
  "test": {
    "map_at_1": 0.0999,
    "map_at_10": 0.22918,
    "map_at_100": 0.26298,
    "map_at_3": 0.16632,
    "map_at_5": 0.20068,
    "ndcg_at_1": 0.31068,
    "ndcg_at_10": 0.30123,
    "ndcg_at_100": 0.40582,
    "ndcg_at_3": 0.27044,
    "ndcg_at_5": 0.27642,
    "precision_at_1": 0.31068,
    "precision_at_10": 0.13204,
    "precision_at_100": 0.02583,
    "precision_at_3": 0.22977,
    "precision_at_5": 0.18835,
    "recall_at_1": 0.0999,
    "recall_at_10": 0.33274,
    "recall_at_100": 0.68852,
    "recall_at_3": 0.1934,
    "recall_at_5": 0.25149
  }
}