{
  "dataset_name": "IIYi-Clinical",
  "evaluation_time": "0.68 minutes",
  "gar_llm": "qwen-7b",
  "gar_method": "hyde",
  "retriever_name": "nv",
  "test": {
    "map_at_1": 0.02519,
    "map_at_10": 0.10898,
    "map_at_100": 0.14398,
    "map_at_3": 0.07457,
    "map_at_5": 0.09062,
    "ndcg_at_1": 0.06202,
    "ndcg_at_10": 0.1786,
    "ndcg_at_100": 0.30244,
    "ndcg_at_3": 0.12767,
    "ndcg_at_5": 0.14069,
    "precision_at_1": 0.06202,
    "precision_at_10": 0.08295,
    "precision_at_100": 0.02333,
    "precision_at_3": 0.12145,
    "precision_at_5": 0.10543,
    "recall_at_1": 0.02519,
    "recall_at_10": 0.25788,
    "recall_at_100": 0.64587,
    "recall_at_3": 0.12016,
    "recall_at_5": 0.1686
  }
}