{
  "dataset_name": "MedQA-Diag",
  "evaluation_time": "0.24 minutes",
  "gar_llm": "qwen-7b",
  "gar_method": "hyde",
  "retriever_name": "nv",
  "test": {
    "map_at_1": 0.04442,
    "map_at_10": 0.13382,
    "map_at_100": 0.15984,
    "map_at_3": 0.09044,
    "map_at_5": 0.11558,
    "ndcg_at_1": 0.16949,
    "ndcg_at_10": 0.19487,
    "ndcg_at_100": 0.2856,
    "ndcg_at_3": 0.165,
    "ndcg_at_5": 0.17394,
    "precision_at_1": 0.16949,
    "precision_at_10": 0.09576,
    "precision_at_100": 0.02203,
    "precision_at_3": 0.15254,
    "precision_at_5": 0.1339,
    "recall_at_1": 0.04442,
    "recall_at_10": 0.23088,
    "recall_at_100": 0.51844,
    "recall_at_3": 0.1234,
    "recall_at_5": 0.17581
  }
}