{
  "dataset_name": "MedXpertQA-Exam",
  "evaluation_time": "0.25 minutes",
  "gar_llm": "qwen-7b",
  "gar_method": "hyde",
  "retriever_name": "nv",
  "test": {
    "map_at_1": 0.04658,
    "map_at_10": 0.0911,
    "map_at_100": 0.1071,
    "map_at_3": 0.07234,
    "map_at_5": 0.08272,
    "ndcg_at_1": 0.10309,
    "ndcg_at_10": 0.13369,
    "ndcg_at_100": 0.20386,
    "ndcg_at_3": 0.10906,
    "ndcg_at_5": 0.11857,
    "precision_at_1": 0.10309,
    "precision_at_10": 0.04536,
    "precision_at_100": 0.01186,
    "precision_at_3": 0.07904,
    "precision_at_5": 0.06392,
    "recall_at_1": 0.04658,
    "recall_at_10": 0.17273,
    "recall_at_100": 0.4339,
    "recall_at_3": 0.10269,
    "recall_at_5": 0.13535
  }
}