{
  "dataset_name": "PMC-Clinical",
  "evaluation_time": "0.3 minutes",
  "gar_llm": "qwen-7b",
  "gar_method": "hyde",
  "retriever_name": "nv",
  "test": {
    "map_at_1": 0.16301,
    "map_at_10": 0.30714,
    "map_at_100": 0.32772,
    "map_at_3": 0.25487,
    "map_at_5": 0.28163,
    "ndcg_at_1": 0.29825,
    "ndcg_at_10": 0.38359,
    "ndcg_at_100": 0.46161,
    "ndcg_at_3": 0.3036,
    "ndcg_at_5": 0.3379,
    "precision_at_1": 0.29825,
    "precision_at_10": 0.10439,
    "precision_at_100": 0.01684,
    "precision_at_3": 0.21053,
    "precision_at_5": 0.15789,
    "recall_at_1": 0.16301,
    "recall_at_10": 0.49781,
    "recall_at_100": 0.79678,
    "recall_at_3": 0.30556,
    "recall_at_5": 0.38816
  }
}