{
  "dataset_name": "PMC-Treatment",
  "evaluation_time": "0.49 minutes",
  "gar_llm": "qwen-7b",
  "gar_method": "hyde",
  "retriever_name": "nv",
  "test": {
    "map_at_1": 0.23989,
    "map_at_10": 0.35661,
    "map_at_100": 0.37111,
    "map_at_3": 0.31756,
    "map_at_5": 0.338,
    "ndcg_at_1": 0.42667,
    "ndcg_at_10": 0.42993,
    "ndcg_at_100": 0.48758,
    "ndcg_at_3": 0.38137,
    "ndcg_at_5": 0.39449,
    "precision_at_1": 0.42667,
    "precision_at_10": 0.10267,
    "precision_at_100": 0.01533,
    "precision_at_3": 0.22667,
    "precision_at_5": 0.16667,
    "recall_at_1": 0.23989,
    "recall_at_10": 0.503,
    "recall_at_100": 0.73789,
    "recall_at_3": 0.36256,
    "recall_at_5": 0.41478
  }
}