{
  "dataset_name": "Bioinformatics",
  "evaluation_time": "0.26 minutes",
  "gar_llm": "r1-qwen-32b",
  "gar_method": "hyde",
  "retriever_name": "bm25",
  "test": {
    "MAP@1": 0.13919,
    "MAP@10": 0.29139,
    "MAP@100": 0.31443,
    "MAP@25": 0.30463,
    "MAP@50": 0.31124,
    "MRR": 0.42093,
    "NDCG@1": 0.27273,
    "NDCG@10": 0.388,
    "NDCG@100": 0.46964,
    "NDCG@25": 0.423,
    "NDCG@50": 0.4479,
    "P@1": 0.27273,
    "P@10": 0.12078,
    "P@100": 0.02273,
    "P@25": 0.0639,
    "P@50": 0.03896,
    "Recall@1": 0.13919,
    "Recall@10": 0.53981,
    "Recall@100": 0.81543,
    "Recall@25": 0.63636,
    "Recall@50": 0.72276
  }
}