{
  "dataset_name": "Biology",
  "evaluation_time": "0.2 minutes",
  "gar_llm": "r1-qwen-32b",
  "gar_method": "hyde",
  "retriever_name": "bm25",
  "test": {
    "MAP@1": 0.16417,
    "MAP@10": 0.39213,
    "MAP@100": 0.42563,
    "MAP@25": 0.41829,
    "MAP@50": 0.42329,
    "MRR": 0.59218,
    "NDCG@1": 0.48544,
    "NDCG@10": 0.48899,
    "NDCG@100": 0.57033,
    "NDCG@25": 0.53359,
    "NDCG@50": 0.55446,
    "P@1": 0.48544,
    "P@10": 0.19417,
    "P@100": 0.02942,
    "P@25": 0.09864,
    "P@50": 0.05417,
    "Recall@1": 0.16417,
    "Recall@10": 0.54056,
    "Recall@100": 0.80994,
    "Recall@25": 0.66453,
    "Recall@50": 0.74176
  }
}