{
  "dataset_name": "IIYi-Clinical",
  "evaluation_time": "0.33 minutes",
  "gar_llm": "r1-qwen-32b",
  "gar_method": "hyde",
  "retriever_name": "bm25",
  "test": {
    "MAP@1": 0.02351,
    "MAP@10": 0.06826,
    "MAP@100": 0.08549,
    "MAP@25": 0.07708,
    "MAP@50": 0.08297,
    "MRR": 0.15968,
    "NDCG@1": 0.07752,
    "NDCG@10": 0.11149,
    "NDCG@100": 0.18906,
    "NDCG@25": 0.14083,
    "NDCG@50": 0.16935,
    "P@1": 0.07752,
    "P@10": 0.05349,
    "P@100": 0.01496,
    "P@25": 0.03225,
    "P@50": 0.02357,
    "Recall@1": 0.02351,
    "Recall@10": 0.14238,
    "Recall@100": 0.40904,
    "Recall@25": 0.23307,
    "Recall@50": 0.3314
  }
}