{
  "dataset_name": "Medical-Sciences",
  "evaluation_time": "0.17 minutes",
  "gar_llm": "r1-qwen-32b",
  "gar_method": "hyde",
  "retriever_name": "bm25",
  "test": {
    "MAP@1": 0.18933,
    "MAP@10": 0.30739,
    "MAP@100": 0.33697,
    "MAP@25": 0.32821,
    "MAP@50": 0.33431,
    "MRR": 0.42476,
    "NDCG@1": 0.29545,
    "NDCG@10": 0.38282,
    "NDCG@100": 0.47977,
    "NDCG@25": 0.43825,
    "NDCG@50": 0.4627,
    "P@1": 0.29545,
    "P@10": 0.10795,
    "P@100": 0.02125,
    "P@25": 0.06455,
    "P@50": 0.03773,
    "Recall@1": 0.18933,
    "Recall@10": 0.48116,
    "Recall@100": 0.81315,
    "Recall@25": 0.64044,
    "Recall@50": 0.73707
  }
}