{
  "dataset_name": "MedQA-Diag",
  "evaluation_time": "0.37 minutes",
  "gar_llm": "r1-qwen-32b",
  "gar_method": "hyde",
  "retriever_name": "bm25",
  "test": {
    "MAP@1": 0.06407,
    "MAP@10": 0.17774,
    "MAP@100": 0.20651,
    "MAP@25": 0.19571,
    "MAP@50": 0.20274,
    "MRR": 0.33814,
    "NDCG@1": 0.22881,
    "NDCG@10": 0.25212,
    "NDCG@100": 0.34237,
    "NDCG@25": 0.29352,
    "NDCG@50": 0.3198,
    "P@1": 0.22881,
    "P@10": 0.12373,
    "P@100": 0.025,
    "P@25": 0.06983,
    "P@50": 0.04237,
    "Recall@1": 0.06407,
    "Recall@10": 0.29117,
    "Recall@100": 0.57044,
    "Recall@25": 0.39211,
    "Recall@50": 0.48055
  }
}