{
  "dataset_name": "MedXpertQA-Exam",
  "evaluation_time": "0.35 minutes",
  "gar_llm": "r1-qwen-32b",
  "gar_method": "hyde",
  "retriever_name": "bm25",
  "test": {
    "MAP@1": 0.07192,
    "MAP@10": 0.12145,
    "MAP@100": 0.13824,
    "MAP@25": 0.13131,
    "MAP@50": 0.13601,
    "MRR": 0.18856,
    "NDCG@1": 0.1134,
    "NDCG@10": 0.16044,
    "NDCG@100": 0.22917,
    "NDCG@25": 0.19015,
    "NDCG@50": 0.21343,
    "P@1": 0.1134,
    "P@10": 0.05155,
    "P@100": 0.01289,
    "P@25": 0.03258,
    "P@50": 0.02144,
    "Recall@1": 0.07192,
    "Recall@10": 0.20595,
    "Recall@100": 0.45025,
    "Recall@25": 0.28829,
    "Recall@50": 0.38082
  }
}