{
  "dataset_name": "PMC-Treatment",
  "evaluation_time": "0.18 minutes",
  "gar_llm": "r1-qwen-32b",
  "gar_method": "hyde",
  "retriever_name": "bm25",
  "test": {
    "MAP@1": 0.16322,
    "MAP@10": 0.25656,
    "MAP@100": 0.27313,
    "MAP@25": 0.26887,
    "MAP@50": 0.2714,
    "MRR": 0.34722,
    "NDCG@1": 0.24,
    "NDCG@10": 0.31555,
    "NDCG@100": 0.3796,
    "NDCG@25": 0.35123,
    "NDCG@50": 0.36356,
    "P@1": 0.24,
    "P@10": 0.07133,
    "P@100": 0.013,
    "P@25": 0.04,
    "P@50": 0.0228,
    "Recall@1": 0.16322,
    "Recall@10": 0.40544,
    "Recall@100": 0.646,
    "Recall@25": 0.51844,
    "Recall@50": 0.56289
  }
}