{
  "dataset_name": "PMC-Clinical",
  "evaluation_time": "0.88 minutes",
  "gar_llm": "r1-qwen-32b",
  "gar_method": "hyde",
  "retriever_name": "bm25",
  "test": {
    "MAP@1": 0.09211,
    "MAP@10": 0.17815,
    "MAP@100": 0.19694,
    "MAP@25": 0.19018,
    "MAP@50": 0.19456,
    "MRR": 0.26757,
    "NDCG@1": 0.20175,
    "NDCG@10": 0.22471,
    "NDCG@100": 0.3145,
    "NDCG@25": 0.26841,
    "NDCG@50": 0.29401,
    "P@1": 0.20175,
    "P@10": 0.06404,
    "P@100": 0.01404,
    "P@25": 0.03789,
    "P@50": 0.02333,
    "Recall@1": 0.09211,
    "Recall@10": 0.28728,
    "Recall@100": 0.64401,
    "Recall@25": 0.43275,
    "Recall@50": 0.54386
  }
}