{
  "dataset_name": "Bioinformatics",
  "evaluation_time": "0.25 minutes",
  "gar_llm": "gpt4",
  "gar_method": "hyde",
  "retriever_name": "bm25",
  "test": {
    "MAP@1": 0.19331,
    "MAP@10": 0.34754,
    "MAP@100": 0.37499,
    "MAP@25": 0.36211,
    "MAP@50": 0.37247,
    "MRR": 0.46118,
    "NDCG@1": 0.33766,
    "NDCG@10": 0.43018,
    "NDCG@100": 0.52408,
    "NDCG@25": 0.46806,
    "NDCG@50": 0.50928,
    "P@1": 0.33766,
    "P@10": 0.12727,
    "P@100": 0.02468,
    "P@25": 0.06701,
    "P@50": 0.04468,
    "Recall@1": 0.19331,
    "Recall@10": 0.55261,
    "Recall@100": 0.86297,
    "Recall@25": 0.65519,
    "Recall@50": 0.79892
  }
}