{
  "dataset_name": "Biology",
  "evaluation_time": "0.21 minutes",
  "gar_llm": "gpt4",
  "gar_method": "hyde",
  "retriever_name": "bm25",
  "test": {
    "MAP@1": 0.21911,
    "MAP@10": 0.47094,
    "MAP@100": 0.50242,
    "MAP@25": 0.4932,
    "MAP@50": 0.50048,
    "MRR": 0.69201,
    "NDCG@1": 0.61165,
    "NDCG@10": 0.57342,
    "NDCG@100": 0.6515,
    "NDCG@25": 0.61506,
    "NDCG@50": 0.63938,
    "P@1": 0.61165,
    "P@10": 0.21845,
    "P@100": 0.03194,
    "P@25": 0.1068,
    "P@50": 0.06019,
    "Recall@1": 0.21911,
    "Recall@10": 0.62141,
    "Recall@100": 0.87922,
    "Recall@25": 0.7429,
    "Recall@50": 0.8247
  }
}