{
  "dataset_name": "IIYi-Clinical",
  "evaluation_time": "0.34 minutes",
  "gar_llm": "gpt4",
  "gar_method": "hyde",
  "retriever_name": "bm25",
  "test": {
    "MAP@1": 0.02481,
    "MAP@10": 0.0638,
    "MAP@100": 0.0788,
    "MAP@25": 0.07234,
    "MAP@50": 0.07606,
    "MRR": 0.1502,
    "NDCG@1": 0.08527,
    "NDCG@10": 0.10423,
    "NDCG@100": 0.17356,
    "NDCG@25": 0.13049,
    "NDCG@50": 0.15152,
    "P@1": 0.08527,
    "P@10": 0.04884,
    "P@100": 0.01326,
    "P@25": 0.03008,
    "P@50": 0.02031,
    "Recall@1": 0.02481,
    "Recall@10": 0.13708,
    "Recall@100": 0.38463,
    "Recall@25": 0.20956,
    "Recall@50": 0.2876
  }
}