{
  "dataset_name": "Medical-Sciences",
  "evaluation_time": "0.17 minutes",
  "gar_llm": "gpt4",
  "gar_method": "hyde",
  "retriever_name": "bm25",
  "test": {
    "MAP@1": 0.19778,
    "MAP@10": 0.33121,
    "MAP@100": 0.36038,
    "MAP@25": 0.35087,
    "MAP@50": 0.35746,
    "MRR": 0.47834,
    "NDCG@1": 0.35227,
    "NDCG@10": 0.41215,
    "NDCG@100": 0.5076,
    "NDCG@25": 0.46237,
    "NDCG@50": 0.49044,
    "P@1": 0.35227,
    "P@10": 0.11818,
    "P@100": 0.02216,
    "P@25": 0.06455,
    "P@50": 0.03886,
    "Recall@1": 0.19778,
    "Recall@10": 0.50018,
    "Recall@100": 0.83351,
    "Recall@25": 0.65705,
    "Recall@50": 0.76203
  }
}