{
  "dataset_name": "MedQA-Diag",
  "evaluation_time": "0.38 minutes",
  "gar_llm": "gpt4",
  "gar_method": "hyde",
  "retriever_name": "bm25",
  "test": {
    "MAP@1": 0.15815,
    "MAP@10": 0.39074,
    "MAP@100": 0.42834,
    "MAP@25": 0.41838,
    "MAP@50": 0.42571,
    "MRR": 0.62856,
    "NDCG@1": 0.52542,
    "NDCG@10": 0.49596,
    "NDCG@100": 0.58083,
    "NDCG@25": 0.54567,
    "NDCG@50": 0.56646,
    "P@1": 0.52542,
    "P@10": 0.22458,
    "P@100": 0.03407,
    "P@25": 0.11356,
    "P@50": 0.06322,
    "Recall@1": 0.15815,
    "Recall@10": 0.53199,
    "Recall@100": 0.77705,
    "Recall@25": 0.65496,
    "Recall@50": 0.72054
  }
}