{
  "dataset_name": "MedXpertQA-Exam",
  "evaluation_time": "0.37 minutes",
  "gar_llm": "gpt4",
  "gar_method": "hyde",
  "retriever_name": "bm25",
  "test": {
    "MAP@1": 0.10422,
    "MAP@10": 0.19306,
    "MAP@100": 0.21856,
    "MAP@25": 0.2101,
    "MAP@50": 0.21625,
    "MRR": 0.32272,
    "NDCG@1": 0.2268,
    "NDCG@10": 0.26547,
    "NDCG@100": 0.3532,
    "NDCG@25": 0.3116,
    "NDCG@50": 0.33486,
    "P@1": 0.2268,
    "P@10": 0.09175,
    "P@100": 0.01887,
    "P@25": 0.05402,
    "P@50": 0.03278,
    "Recall@1": 0.10422,
    "Recall@10": 0.3501,
    "Recall@100": 0.65507,
    "Recall@25": 0.48872,
    "Recall@50": 0.57139
  }
}