{
  "dataset_name": "PMC-Clinical",
  "evaluation_time": "0.9 minutes",
  "gar_llm": "gpt4",
  "gar_method": "hyde",
  "retriever_name": "bm25",
  "test": {
    "MAP@1": 0.15132,
    "MAP@10": 0.26119,
    "MAP@100": 0.28435,
    "MAP@25": 0.27681,
    "MAP@50": 0.28185,
    "MRR": 0.38448,
    "NDCG@1": 0.2807,
    "NDCG@10": 0.32805,
    "NDCG@100": 0.41556,
    "NDCG@25": 0.37253,
    "NDCG@50": 0.39796,
    "P@1": 0.2807,
    "P@10": 0.08684,
    "P@100": 0.01614,
    "P@25": 0.04772,
    "P@50": 0.0286,
    "Recall@1": 0.15132,
    "Recall@10": 0.40643,
    "Recall@100": 0.73757,
    "Recall@25": 0.54678,
    "Recall@50": 0.65058
  }
}