{
  "dataset_name": "PMC-Treatment",
  "evaluation_time": "0.19 minutes",
  "gar_llm": "gpt4",
  "gar_method": "hyde",
  "retriever_name": "bm25",
  "test": {
    "MAP@1": 0.21567,
    "MAP@10": 0.33936,
    "MAP@100": 0.35475,
    "MAP@25": 0.35084,
    "MAP@50": 0.35367,
    "MRR": 0.43315,
    "NDCG@1": 0.33333,
    "NDCG@10": 0.40608,
    "NDCG@100": 0.46125,
    "NDCG@25": 0.43705,
    "NDCG@50": 0.45199,
    "P@1": 0.33333,
    "P@10": 0.09733,
    "P@100": 0.0148,
    "P@25": 0.04853,
    "P@50": 0.02733,
    "Recall@1": 0.21567,
    "Recall@10": 0.50711,
    "Recall@100": 0.71033,
    "Recall@25": 0.60533,
    "Recall@50": 0.666
  }
}