{
  "dataset_name": "Bioinformatics",
  "evaluation_time": "0.25 minutes",
  "model_name": "bm25",
  "test": {
    "map_at_1": 0.04623,
    "map_at_10": 0.14041,
    "map_at_100": 0.15942,
    "map_at_25": 0.15257,
    "map_at_50": 0.15637,
    "mrr": 0.20717,
    "ndcg_at_1": 0.07792,
    "ndcg_at_10": 0.21548,
    "ndcg_at_100": 0.29378,
    "ndcg_at_25": 0.2532,
    "ndcg_at_50": 0.27236,
    "precision_at_1": 0.07792,
    "precision_at_10": 0.07922,
    "precision_at_100": 0.0161,
    "precision_at_25": 0.04416,
    "precision_at_50": 0.02649,
    "recall_at_1": 0.04623,
    "recall_at_10": 0.36401,
    "recall_at_100": 0.65066,
    "recall_at_25": 0.47715,
    "recall_at_50": 0.55288
  }
}