{
  "dataset_name": "Biology",
  "evaluation_time": "0.21 minutes",
  "model_name": "bm25",
  "test": {
    "map_at_1": 0.06589,
    "map_at_10": 0.13328,
    "map_at_100": 0.15144,
    "map_at_25": 0.14387,
    "map_at_50": 0.14868,
    "mrr": 0.27195,
    "ndcg_at_1": 0.18447,
    "ndcg_at_10": 0.19188,
    "ndcg_at_100": 0.25907,
    "ndcg_at_25": 0.22011,
    "ndcg_at_50": 0.23906,
    "precision_at_1": 0.18447,
    "precision_at_10": 0.07573,
    "precision_at_100": 0.01583,
    "precision_at_25": 0.04155,
    "precision_at_50": 0.02602,
    "recall_at_1": 0.06589,
    "recall_at_10": 0.21846,
    "recall_at_100": 0.45447,
    "recall_at_25": 0.30563,
    "recall_at_50": 0.36997
  }
}