{
  "dataset_name": "IIYi-Clinical",
  "evaluation_time": "0.34 minutes",
  "model_name": "bm25",
  "test": {
    "map_at_1": 0.04871,
    "map_at_10": 0.07726,
    "map_at_100": 0.08978,
    "map_at_25": 0.08382,
    "map_at_50": 0.08675,
    "mrr": 0.19338,
    "ndcg_at_1": 0.12403,
    "ndcg_at_10": 0.12024,
    "ndcg_at_100": 0.19008,
    "ndcg_at_25": 0.14391,
    "ndcg_at_50": 0.16312,
    "precision_at_1": 0.12403,
    "precision_at_10": 0.04574,
    "precision_at_100": 0.01349,
    "precision_at_25": 0.0276,
    "precision_at_50": 0.01891,
    "recall_at_1": 0.04871,
    "recall_at_10": 0.14147,
    "recall_at_100": 0.39031,
    "recall_at_25": 0.20788,
    "recall_at_50": 0.27597
  }
}