{
  "dataset_name": "Medical-Sciences",
  "evaluation_time": "0.17 minutes",
  "model_name": "bm25",
  "test": {
    "map_at_1": 0.07907,
    "map_at_10": 0.14802,
    "map_at_100": 0.16781,
    "map_at_25": 0.16147,
    "map_at_50": 0.16543,
    "mrr": 0.21305,
    "ndcg_at_1": 0.125,
    "ndcg_at_10": 0.19683,
    "ndcg_at_100": 0.27999,
    "ndcg_at_25": 0.23986,
    "ndcg_at_50": 0.26105,
    "precision_at_1": 0.125,
    "precision_at_10": 0.06023,
    "precision_at_100": 0.01398,
    "precision_at_25": 0.03818,
    "precision_at_50": 0.02318,
    "recall_at_1": 0.07907,
    "recall_at_10": 0.287,
    "recall_at_100": 0.59968,
    "recall_at_25": 0.4255,
    "recall_at_50": 0.51216
  }
}