{
  "dataset_name": "MedQA-Diag",
  "evaluation_time": "0.37 minutes",
  "model_name": "bm25",
  "test": {
    "map_at_1": 0.00381,
    "map_at_10": 0.01236,
    "map_at_100": 0.01938,
    "map_at_25": 0.01652,
    "map_at_50": 0.01839,
    "mrr": 0.04551,
    "ndcg_at_1": 0.01695,
    "ndcg_at_10": 0.02551,
    "ndcg_at_100": 0.06669,
    "ndcg_at_25": 0.04401,
    "ndcg_at_50": 0.05606,
    "precision_at_1": 0.01695,
    "precision_at_10": 0.01356,
    "precision_at_100": 0.00661,
    "precision_at_25": 0.01322,
    "precision_at_50": 0.00983,
    "recall_at_1": 0.00381,
    "recall_at_10": 0.04075,
    "recall_at_100": 0.17674,
    "recall_at_25": 0.09076,
    "recall_at_50": 0.13301
  }
}