{
  "dataset_name": "MedXpertQA-Exam",
  "evaluation_time": "0.36 minutes",
  "model_name": "bm25",
  "test": {
    "map_at_1": 0.0,
    "map_at_10": 0.0018,
    "map_at_100": 0.00623,
    "map_at_25": 0.00473,
    "map_at_50": 0.00567,
    "mrr": 0.01315,
    "ndcg_at_1": 0.0,
    "ndcg_at_10": 0.00659,
    "ndcg_at_100": 0.03169,
    "ndcg_at_25": 0.01908,
    "ndcg_at_50": 0.02544,
    "precision_at_1": 0.0,
    "precision_at_10": 0.00515,
    "precision_at_100": 0.00268,
    "precision_at_25": 0.00536,
    "precision_at_50": 0.00371,
    "recall_at_1": 0.0,
    "recall_at_10": 0.0135,
    "recall_at_100": 0.11557,
    "recall_at_25": 0.05766,
    "recall_at_50": 0.08756
  }
}