{
  "dataset_name": "PMC-Clinical",
  "evaluation_time": "0.89 minutes",
  "model_name": "bm25",
  "test": {
    "map_at_1": 0.10161,
    "map_at_10": 0.16306,
    "map_at_100": 0.17968,
    "map_at_25": 0.17317,
    "map_at_50": 0.17622,
    "mrr": 0.26524,
    "ndcg_at_1": 0.18421,
    "ndcg_at_10": 0.21662,
    "ndcg_at_100": 0.29834,
    "ndcg_at_25": 0.25086,
    "ndcg_at_50": 0.2707,
    "precision_at_1": 0.18421,
    "precision_at_10": 0.05877,
    "precision_at_100": 0.01342,
    "precision_at_25": 0.03333,
    "precision_at_50": 0.02053,
    "recall_at_1": 0.10161,
    "recall_at_10": 0.27924,
    "recall_at_100": 0.61257,
    "recall_at_25": 0.39547,
    "recall_at_50": 0.47734
  }
}