{
  "dataset_name": "PMC-Treatment",
  "evaluation_time": "0.18 minutes",
  "model_name": "bm25",
  "test": {
    "map_at_1": 0.12844,
    "map_at_10": 0.18828,
    "map_at_100": 0.19953,
    "map_at_25": 0.19494,
    "map_at_50": 0.19789,
    "mrr": 0.27857,
    "ndcg_at_1": 0.19333,
    "ndcg_at_10": 0.23692,
    "ndcg_at_100": 0.29754,
    "ndcg_at_25": 0.26271,
    "ndcg_at_50": 0.2811,
    "precision_at_1": 0.19333,
    "precision_at_10": 0.05333,
    "precision_at_100": 0.0106,
    "precision_at_25": 0.02907,
    "precision_at_50": 0.01787,
    "recall_at_1": 0.12844,
    "recall_at_10": 0.30511,
    "recall_at_100": 0.56167,
    "recall_at_25": 0.39589,
    "recall_at_50": 0.47478
  }
}