{
  "dataset_name": "Bioinformatics",
  "evaluation_time": "1.1 minutes",
  "model_name": "bmr-410m",
  "test": {
    "map_at_1": 0.1025,
    "map_at_10": 0.21771,
    "map_at_100": 0.24535,
    "map_at_3": 0.15942,
    "map_at_5": 0.18858,
    "ndcg_at_1": 0.19481,
    "ndcg_at_10": 0.29923,
    "ndcg_at_100": 0.3959,
    "ndcg_at_3": 0.22102,
    "ndcg_at_5": 0.2538,
    "precision_at_1": 0.19481,
    "precision_at_10": 0.1,
    "precision_at_100": 0.02091,
    "precision_at_3": 0.15152,
    "precision_at_5": 0.13506,
    "recall_at_1": 0.1025,
    "recall_at_10": 0.41922,
    "recall_at_100": 0.75578,
    "recall_at_3": 0.21248,
    "recall_at_5": 0.30297
  }
}