{
  "dataset_name": "Biology",
  "evaluation_time": "1.27 minutes",
  "model_name": "bmr-410m",
  "test": {
    "map_at_1": 0.04525,
    "map_at_10": 0.08766,
    "map_at_100": 0.10578,
    "map_at_3": 0.0678,
    "map_at_5": 0.07629,
    "ndcg_at_1": 0.13592,
    "ndcg_at_10": 0.12368,
    "ndcg_at_100": 0.20155,
    "ndcg_at_3": 0.10838,
    "ndcg_at_5": 0.11016,
    "precision_at_1": 0.13592,
    "precision_at_10": 0.05049,
    "precision_at_100": 0.01505,
    "precision_at_3": 0.08738,
    "precision_at_5": 0.06796,
    "recall_at_1": 0.04525,
    "recall_at_10": 0.13964,
    "recall_at_100": 0.401,
    "recall_at_3": 0.08436,
    "recall_at_5": 0.10372
  }
}