{
  "dataset_name": "IIYi-Clinical",
  "evaluation_time": "0.35 minutes",
  "model_name": "bmr-410m",
  "test": {
    "map_at_1": 0.03915,
    "map_at_10": 0.1099,
    "map_at_100": 0.13908,
    "map_at_3": 0.07965,
    "map_at_5": 0.09286,
    "ndcg_at_1": 0.15504,
    "ndcg_at_10": 0.17727,
    "ndcg_at_100": 0.29583,
    "ndcg_at_3": 0.14245,
    "ndcg_at_5": 0.14481,
    "precision_at_1": 0.15504,
    "precision_at_10": 0.07752,
    "precision_at_100": 0.0224,
    "precision_at_3": 0.12661,
    "precision_at_5": 0.10233,
    "recall_at_1": 0.03915,
    "recall_at_10": 0.22649,
    "recall_at_100": 0.62274,
    "recall_at_3": 0.11318,
    "recall_at_5": 0.15103
  }
}