{
  "dataset_name": "Medical-Sciences",
  "evaluation_time": "0.79 minutes",
  "model_name": "bmr-410m",
  "test": {
    "map_at_1": 0.12842,
    "map_at_10": 0.24066,
    "map_at_100": 0.25896,
    "map_at_3": 0.19859,
    "map_at_5": 0.22493,
    "ndcg_at_1": 0.20455,
    "ndcg_at_10": 0.31262,
    "ndcg_at_100": 0.39258,
    "ndcg_at_3": 0.254,
    "ndcg_at_5": 0.28734,
    "precision_at_1": 0.20455,
    "precision_at_10": 0.08977,
    "precision_at_100": 0.01807,
    "precision_at_3": 0.16288,
    "precision_at_5": 0.13636,
    "recall_at_1": 0.12842,
    "recall_at_10": 0.41884,
    "recall_at_100": 0.71151,
    "recall_at_3": 0.25714,
    "recall_at_5": 0.34846
  }
}