{
  "dataset_name": "PMC-Treatment",
  "evaluation_time": "0.67 minutes",
  "model_name": "bmr-410m",
  "test": {
    "map_at_1": 0.12822,
    "map_at_10": 0.20232,
    "map_at_100": 0.21264,
    "map_at_3": 0.17965,
    "map_at_5": 0.19279,
    "ndcg_at_1": 0.21333,
    "ndcg_at_10": 0.25315,
    "ndcg_at_100": 0.30036,
    "ndcg_at_3": 0.21962,
    "ndcg_at_5": 0.23163,
    "precision_at_1": 0.21333,
    "precision_at_10": 0.06067,
    "precision_at_100": 0.01007,
    "precision_at_3": 0.13778,
    "precision_at_5": 0.09733,
    "recall_at_1": 0.12822,
    "recall_at_10": 0.31322,
    "recall_at_100": 0.51122,
    "recall_at_3": 0.21822,
    "recall_at_5": 0.25956
  }
}