{
  "dataset_name": "Biology",
  "evaluation_time": "12.23 minutes",
  "model_name": "bmr-7b",
  "test": {
    "map_at_1": 0.06355,
    "map_at_10": 0.16912,
    "map_at_100": 0.19339,
    "map_at_3": 0.12122,
    "map_at_5": 0.15048,
    "ndcg_at_1": 0.23301,
    "ndcg_at_10": 0.23618,
    "ndcg_at_100": 0.31977,
    "ndcg_at_3": 0.19743,
    "ndcg_at_5": 0.21596,
    "precision_at_1": 0.23301,
    "precision_at_10": 0.10097,
    "precision_at_100": 0.02058,
    "precision_at_3": 0.16828,
    "precision_at_5": 0.14757,
    "recall_at_1": 0.06355,
    "recall_at_10": 0.28393,
    "recall_at_100": 0.56906,
    "recall_at_3": 0.14323,
    "recall_at_5": 0.21643
  }
}