{
  "dataset_name": "Bioinformatics",
  "evaluation_time": "0.37 minutes",
  "model_name": "contriever",
  "test": {
    "map_at_1": 0.06764,
    "map_at_10": 0.1235,
    "map_at_100": 0.14823,
    "map_at_3": 0.09123,
    "map_at_5": 0.106,
    "ndcg_at_1": 0.14286,
    "ndcg_at_10": 0.18023,
    "ndcg_at_100": 0.28911,
    "ndcg_at_3": 0.12858,
    "ndcg_at_5": 0.14482,
    "precision_at_1": 0.14286,
    "precision_at_10": 0.06104,
    "precision_at_100": 0.01844,
    "precision_at_3": 0.08658,
    "precision_at_5": 0.07792,
    "recall_at_1": 0.06764,
    "recall_at_10": 0.25513,
    "recall_at_100": 0.65914,
    "recall_at_3": 0.12165,
    "recall_at_5": 0.15965
  }
}