{
  "dataset_name": "Biology",
  "evaluation_time": "0.28 minutes",
  "model_name": "contriever",
  "test": {
    "map_at_1": 0.02381,
    "map_at_10": 0.05384,
    "map_at_100": 0.06891,
    "map_at_3": 0.03729,
    "map_at_5": 0.0426,
    "ndcg_at_1": 0.09709,
    "ndcg_at_10": 0.09151,
    "ndcg_at_100": 0.16285,
    "ndcg_at_3": 0.06964,
    "ndcg_at_5": 0.07249,
    "precision_at_1": 0.09709,
    "precision_at_10": 0.04466,
    "precision_at_100": 0.01379,
    "precision_at_3": 0.05825,
    "precision_at_5": 0.05049,
    "recall_at_1": 0.02381,
    "recall_at_10": 0.11474,
    "recall_at_100": 0.37104,
    "recall_at_3": 0.04343,
    "recall_at_5": 0.06608
  }
}