{
  "dataset_name": "IIYi-Clinical",
  "evaluation_time": "0.17 minutes",
  "model_name": "contriever",
  "test": {
    "map_at_1": 0.02351,
    "map_at_10": 0.07041,
    "map_at_100": 0.0908,
    "map_at_3": 0.04763,
    "map_at_5": 0.05587,
    "ndcg_at_1": 0.07752,
    "ndcg_at_10": 0.12567,
    "ndcg_at_100": 0.21939,
    "ndcg_at_3": 0.0849,
    "ndcg_at_5": 0.09106,
    "precision_at_1": 0.07752,
    "precision_at_10": 0.05814,
    "precision_at_100": 0.01752,
    "precision_at_3": 0.07752,
    "precision_at_5": 0.06512,
    "recall_at_1": 0.02351,
    "recall_at_10": 0.18269,
    "recall_at_100": 0.50039,
    "recall_at_3": 0.077,
    "recall_at_5": 0.10103
  }
}