{
  "dataset_name": "Medical-Sciences",
  "evaluation_time": "0.22 minutes",
  "model_name": "contriever",
  "test": {
    "map_at_1": 0.10133,
    "map_at_10": 0.19507,
    "map_at_100": 0.22586,
    "map_at_3": 0.163,
    "map_at_5": 0.18119,
    "ndcg_at_1": 0.18182,
    "ndcg_at_10": 0.25223,
    "ndcg_at_100": 0.37246,
    "ndcg_at_3": 0.21595,
    "ndcg_at_5": 0.22904,
    "precision_at_1": 0.18182,
    "precision_at_10": 0.07614,
    "precision_at_100": 0.01966,
    "precision_at_3": 0.14394,
    "precision_at_5": 0.11364,
    "recall_at_1": 0.10133,
    "recall_at_10": 0.32192,
    "recall_at_100": 0.76907,
    "recall_at_3": 0.2148,
    "recall_at_5": 0.25982
  }
}