{
  "dataset_name": "MedQA-Diag",
  "evaluation_time": "0.6 minutes",
  "model_name": "contriever",
  "test": {
    "map_at_1": 0.00212,
    "map_at_10": 0.01271,
    "map_at_100": 0.01827,
    "map_at_3": 0.00636,
    "map_at_5": 0.00946,
    "ndcg_at_1": 0.00847,
    "ndcg_at_10": 0.02522,
    "ndcg_at_100": 0.05375,
    "ndcg_at_3": 0.01107,
    "ndcg_at_5": 0.01686,
    "precision_at_1": 0.00847,
    "precision_at_10": 0.01441,
    "precision_at_100": 0.00492,
    "precision_at_3": 0.0113,
    "precision_at_5": 0.01525,
    "recall_at_1": 0.00212,
    "recall_at_10": 0.03858,
    "recall_at_100": 0.13918,
    "recall_at_3": 0.01059,
    "recall_at_5": 0.02197
  }
}