{
  "dataset_name": "MedXpertQA-Exam",
  "evaluation_time": "0.55 minutes",
  "model_name": "contriever",
  "test": {
    "map_at_1": 0.00344,
    "map_at_10": 0.00786,
    "map_at_100": 0.01281,
    "map_at_3": 0.00344,
    "map_at_5": 0.00614,
    "ndcg_at_1": 0.01031,
    "ndcg_at_10": 0.01709,
    "ndcg_at_100": 0.04706,
    "ndcg_at_3": 0.00484,
    "ndcg_at_5": 0.01208,
    "precision_at_1": 0.01031,
    "precision_at_10": 0.00722,
    "precision_at_100": 0.00392,
    "precision_at_3": 0.00344,
    "precision_at_5": 0.01031,
    "recall_at_1": 0.00344,
    "recall_at_10": 0.03127,
    "recall_at_100": 0.14786,
    "recall_at_3": 0.00344,
    "recall_at_5": 0.01581
  }
}