{
  "dataset_name": "PMC-Clinical",
  "evaluation_time": "0.79 minutes",
  "model_name": "contriever",
  "test": {
    "map_at_1": 0.04825,
    "map_at_10": 0.08805,
    "map_at_100": 0.09961,
    "map_at_3": 0.06944,
    "map_at_5": 0.07646,
    "ndcg_at_1": 0.12281,
    "ndcg_at_10": 0.134,
    "ndcg_at_100": 0.19104,
    "ndcg_at_3": 0.09562,
    "ndcg_at_5": 0.10838,
    "precision_at_1": 0.12281,
    "precision_at_10": 0.04211,
    "precision_at_100": 0.00886,
    "precision_at_3": 0.07018,
    "precision_at_5": 0.05439,
    "recall_at_1": 0.04825,
    "recall_at_10": 0.18713,
    "recall_at_100": 0.42251,
    "recall_at_3": 0.09795,
    "recall_at_5": 0.12646
  }
}