{
  "dataset_name": "PMC-Treatment",
  "evaluation_time": "0.19 minutes",
  "model_name": "contriever",
  "test": {
    "map_at_1": 0.06078,
    "map_at_10": 0.08474,
    "map_at_100": 0.08957,
    "map_at_3": 0.06967,
    "map_at_5": 0.07881,
    "ndcg_at_1": 0.1,
    "ndcg_at_10": 0.11473,
    "ndcg_at_100": 0.14208,
    "ndcg_at_3": 0.08258,
    "ndcg_at_5": 0.09829,
    "precision_at_1": 0.1,
    "precision_at_10": 0.02867,
    "precision_at_100": 0.00513,
    "precision_at_3": 0.04444,
    "precision_at_5": 0.04133,
    "recall_at_1": 0.06078,
    "recall_at_10": 0.15556,
    "recall_at_100": 0.27133,
    "recall_at_3": 0.07967,
    "recall_at_5": 0.11267
  }
}