{
  "dataset_name": "Bioinformatics",
  "evaluation_time": "0.25 minutes",
  "gar_llm": "llama-70b",
  "gar_method": "hyde",
  "retriever_name": "bm25",
  "test": {
    "MAP@1": 0.12945,
    "MAP@10": 0.29823,
    "MAP@100": 0.32674,
    "MAP@25": 0.31824,
    "MAP@50": 0.32308,
    "MRR": 0.41421,
    "NDCG@1": 0.23377,
    "NDCG@10": 0.39417,
    "NDCG@100": 0.48507,
    "NDCG@25": 0.44334,
    "NDCG@50": 0.46211,
    "P@1": 0.23377,
    "P@10": 0.12727,
    "P@100": 0.02377,
    "P@25": 0.07065,
    "P@50": 0.04104,
    "Recall@1": 0.12945,
    "Recall@10": 0.54031,
    "Recall@100": 0.84762,
    "Recall@25": 0.67921,
    "Recall@50": 0.74205
  }
}