{
  "dataset_name": "Biology",
  "evaluation_time": "0.21 minutes",
  "gar_llm": "llama-70b",
  "gar_method": "hyde",
  "retriever_name": "bm25",
  "test": {
    "MAP@1": 0.19945,
    "MAP@10": 0.43295,
    "MAP@100": 0.4694,
    "MAP@25": 0.46172,
    "MAP@50": 0.46722,
    "MRR": 0.62137,
    "NDCG@1": 0.53398,
    "NDCG@10": 0.52537,
    "NDCG@100": 0.61365,
    "NDCG@25": 0.58045,
    "NDCG@50": 0.6023,
    "P@1": 0.53398,
    "P@10": 0.19903,
    "P@100": 0.03068,
    "P@25": 0.10408,
    "P@50": 0.05748,
    "Recall@1": 0.19945,
    "Recall@10": 0.56347,
    "Recall@100": 0.84576,
    "Recall@25": 0.72407,
    "Recall@50": 0.80139
  }
}