{
  "dataset_name": "IIYi-Clinical",
  "evaluation_time": "0.33 minutes",
  "gar_llm": "llama-70b",
  "gar_method": "hyde",
  "retriever_name": "bm25",
  "test": {
    "MAP@1": 0.01318,
    "MAP@10": 0.05336,
    "MAP@100": 0.06762,
    "MAP@25": 0.06119,
    "MAP@50": 0.06561,
    "MRR": 0.12456,
    "NDCG@1": 0.05426,
    "NDCG@10": 0.09319,
    "NDCG@100": 0.15412,
    "NDCG@25": 0.11533,
    "NDCG@50": 0.13837,
    "P@1": 0.05426,
    "P@10": 0.04651,
    "P@100": 0.01248,
    "P@25": 0.02791,
    "P@50": 0.01984,
    "Recall@1": 0.01318,
    "Recall@10": 0.13786,
    "Recall@100": 0.33863,
    "Recall@25": 0.19522,
    "Recall@50": 0.27661
  }
}