{
  "dataset_name": "Medical-Sciences",
  "evaluation_time": "0.17 minutes",
  "gar_llm": "llama-70b",
  "gar_method": "hyde",
  "retriever_name": "bm25",
  "test": {
    "MAP@1": 0.17949,
    "MAP@10": 0.31788,
    "MAP@100": 0.3476,
    "MAP@25": 0.33659,
    "MAP@50": 0.34382,
    "MRR": 0.4774,
    "NDCG@1": 0.31818,
    "NDCG@10": 0.41045,
    "NDCG@100": 0.5071,
    "NDCG@25": 0.45508,
    "NDCG@50": 0.48372,
    "P@1": 0.31818,
    "P@10": 0.11477,
    "P@100": 0.02273,
    "P@25": 0.06318,
    "P@50": 0.03932,
    "Recall@1": 0.17949,
    "Recall@10": 0.52021,
    "Recall@100": 0.85231,
    "Recall@25": 0.64443,
    "Recall@50": 0.74665
  }
}