{
  "dataset_name": "MedQA-Diag",
  "evaluation_time": "0.37 minutes",
  "gar_llm": "llama-70b",
  "gar_method": "hyde",
  "retriever_name": "bm25",
  "test": {
    "MAP@1": 0.11288,
    "MAP@10": 0.25147,
    "MAP@100": 0.27951,
    "MAP@25": 0.26979,
    "MAP@50": 0.27637,
    "MRR": 0.42947,
    "NDCG@1": 0.32203,
    "NDCG@10": 0.33872,
    "NDCG@100": 0.42071,
    "NDCG@25": 0.37689,
    "NDCG@50": 0.39993,
    "P@1": 0.32203,
    "P@10": 0.16102,
    "P@100": 0.02771,
    "P@25": 0.08339,
    "P@50": 0.04864,
    "Recall@1": 0.11288,
    "Recall@10": 0.38847,
    "Recall@100": 0.64517,
    "Recall@25": 0.48402,
    "Recall@50": 0.56133
  }
}