{
  "dataset_name": "MedXpertQA-Exam",
  "evaluation_time": "0.36 minutes",
  "gar_llm": "llama-70b",
  "gar_method": "hyde",
  "retriever_name": "bm25",
  "test": {
    "MAP@1": 0.0715,
    "MAP@10": 0.12568,
    "MAP@100": 0.14762,
    "MAP@25": 0.13985,
    "MAP@50": 0.14532,
    "MRR": 0.21919,
    "NDCG@1": 0.14433,
    "NDCG@10": 0.16994,
    "NDCG@100": 0.25537,
    "NDCG@25": 0.21054,
    "NDCG@50": 0.23658,
    "P@1": 0.14433,
    "P@10": 0.05464,
    "P@100": 0.01443,
    "P@25": 0.03588,
    "P@50": 0.02371,
    "Recall@1": 0.0715,
    "Recall@10": 0.21591,
    "Recall@100": 0.5189,
    "Recall@25": 0.33184,
    "Recall@50": 0.4359
  }
}