{
  "dataset_name": "PMC-Clinical",
  "evaluation_time": "0.89 minutes",
  "gar_llm": "llama-70b",
  "gar_method": "hyde",
  "retriever_name": "bm25",
  "test": {
    "MAP@1": 0.11915,
    "MAP@10": 0.22337,
    "MAP@100": 0.24473,
    "MAP@25": 0.23752,
    "MAP@50": 0.24251,
    "MRR": 0.32709,
    "NDCG@1": 0.21053,
    "NDCG@10": 0.2867,
    "NDCG@100": 0.37599,
    "NDCG@25": 0.3325,
    "NDCG@50": 0.35906,
    "P@1": 0.21053,
    "P@10": 0.07807,
    "P@100": 0.01526,
    "P@25": 0.04456,
    "P@50": 0.02667,
    "Recall@1": 0.11915,
    "Recall@10": 0.37135,
    "Recall@100": 0.71857,
    "Recall@25": 0.5212,
    "Recall@50": 0.6367
  }
}