{
  "dataset_name": "PMC-Treatment",
  "evaluation_time": "0.19 minutes",
  "gar_llm": "llama-70b",
  "gar_method": "hyde",
  "retriever_name": "bm25",
  "test": {
    "MAP@1": 0.18433,
    "MAP@10": 0.29935,
    "MAP@100": 0.31154,
    "MAP@25": 0.30662,
    "MAP@50": 0.30947,
    "MRR": 0.43349,
    "NDCG@1": 0.34,
    "NDCG@10": 0.37319,
    "NDCG@100": 0.42638,
    "NDCG@25": 0.39696,
    "NDCG@50": 0.41061,
    "P@1": 0.34,
    "P@10": 0.09133,
    "P@100": 0.01393,
    "P@25": 0.0432,
    "P@50": 0.02413,
    "Recall@1": 0.18433,
    "Recall@10": 0.47511,
    "Recall@100": 0.68656,
    "Recall@25": 0.55656,
    "Recall@50": 0.61278
  }
}