{
  "dataset_name": "Bioinformatics",
  "evaluation_time": "0.29 minutes",
  "gar_llm": "qwen-72b",
  "gar_method": "query2doc",
  "retriever_name": "nv",
  "test": {
    "map_at_1": 0.2301,
    "map_at_10": 0.43167,
    "map_at_100": 0.46585,
    "map_at_3": 0.35949,
    "map_at_5": 0.40646,
    "ndcg_at_1": 0.42857,
    "ndcg_at_10": 0.52127,
    "ndcg_at_100": 0.60973,
    "ndcg_at_3": 0.46658,
    "ndcg_at_5": 0.49606,
    "precision_at_1": 0.42857,
    "precision_at_10": 0.15844,
    "precision_at_100": 0.02688,
    "precision_at_3": 0.32035,
    "precision_at_5": 0.25974,
    "recall_at_1": 0.2301,
    "recall_at_10": 0.63122,
    "recall_at_100": 0.91721,
    "recall_at_3": 0.4502,
    "recall_at_5": 0.55054
  }
}