{
  "dataset_name": "Biology",
  "evaluation_time": "0.29 minutes",
  "gar_llm": "qwen-72b",
  "gar_method": "query2doc",
  "retriever_name": "nv",
  "test": {
    "map_at_1": 0.12368,
    "map_at_10": 0.27905,
    "map_at_100": 0.3123,
    "map_at_3": 0.19355,
    "map_at_5": 0.23226,
    "ndcg_at_1": 0.36893,
    "ndcg_at_10": 0.37087,
    "ndcg_at_100": 0.46699,
    "ndcg_at_3": 0.30957,
    "ndcg_at_5": 0.32055,
    "precision_at_1": 0.36893,
    "precision_at_10": 0.16311,
    "precision_at_100": 0.02835,
    "precision_at_3": 0.26214,
    "precision_at_5": 0.21553,
    "recall_at_1": 0.12368,
    "recall_at_10": 0.42886,
    "recall_at_100": 0.76187,
    "recall_at_3": 0.22664,
    "recall_at_5": 0.30043
  }
}