{
  "dataset_name": "IIYi-Clinical",
  "evaluation_time": "0.82 minutes",
  "gar_llm": "qwen-72b",
  "gar_method": "query2doc",
  "retriever_name": "nv",
  "test": {
    "map_at_1": 0.04109,
    "map_at_10": 0.1521,
    "map_at_100": 0.19421,
    "map_at_3": 0.10375,
    "map_at_5": 0.13028,
    "ndcg_at_1": 0.13953,
    "ndcg_at_10": 0.24032,
    "ndcg_at_100": 0.3728,
    "ndcg_at_3": 0.17639,
    "ndcg_at_5": 0.19898,
    "precision_at_1": 0.13953,
    "precision_at_10": 0.10775,
    "precision_at_100": 0.02705,
    "precision_at_3": 0.16279,
    "precision_at_5": 0.14574,
    "recall_at_1": 0.04109,
    "recall_at_10": 0.33062,
    "recall_at_100": 0.75413,
    "recall_at_3": 0.16202,
    "recall_at_5": 0.23811
  }
}