{
  "dataset_name": "Medical-Sciences",
  "evaluation_time": "0.2 minutes",
  "gar_llm": "qwen-72b",
  "gar_method": "query2doc",
  "retriever_name": "nv",
  "test": {
    "map_at_1": 0.22729,
    "map_at_10": 0.41546,
    "map_at_100": 0.44012,
    "map_at_3": 0.34314,
    "map_at_5": 0.37319,
    "ndcg_at_1": 0.375,
    "ndcg_at_10": 0.51381,
    "ndcg_at_100": 0.59081,
    "ndcg_at_3": 0.43153,
    "ndcg_at_5": 0.45345,
    "precision_at_1": 0.375,
    "precision_at_10": 0.15341,
    "precision_at_100": 0.02466,
    "precision_at_3": 0.2803,
    "precision_at_5": 0.22273,
    "recall_at_1": 0.22729,
    "recall_at_10": 0.65721,
    "recall_at_100": 0.91339,
    "recall_at_3": 0.42576,
    "recall_at_5": 0.49127
  }
}