{
  "dataset_name": "MedXpertQA-Exam",
  "evaluation_time": "0.25 minutes",
  "gar_llm": "qwen-72b",
  "gar_method": "query2doc",
  "retriever_name": "nv",
  "test": {
    "map_at_1": 0.08533,
    "map_at_10": 0.15507,
    "map_at_100": 0.17384,
    "map_at_3": 0.12748,
    "map_at_5": 0.13999,
    "ndcg_at_1": 0.19588,
    "ndcg_at_10": 0.21083,
    "ndcg_at_100": 0.27974,
    "ndcg_at_3": 0.18802,
    "ndcg_at_5": 0.18946,
    "precision_at_1": 0.19588,
    "precision_at_10": 0.0701,
    "precision_at_100": 0.01474,
    "precision_at_3": 0.14089,
    "precision_at_5": 0.10722,
    "recall_at_1": 0.08533,
    "recall_at_10": 0.26171,
    "recall_at_100": 0.51469,
    "recall_at_3": 0.16422,
    "recall_at_5": 0.19543
  }
}