{
  "dataset_name": "PMC-Treatment",
  "evaluation_time": "0.52 minutes",
  "gar_llm": "qwen-72b",
  "gar_method": "query2doc",
  "retriever_name": "nv",
  "test": {
    "map_at_1": 0.20656,
    "map_at_10": 0.35306,
    "map_at_100": 0.36813,
    "map_at_3": 0.30981,
    "map_at_5": 0.33573,
    "ndcg_at_1": 0.37333,
    "ndcg_at_10": 0.42778,
    "ndcg_at_100": 0.48264,
    "ndcg_at_3": 0.37961,
    "ndcg_at_5": 0.39437,
    "precision_at_1": 0.37333,
    "precision_at_10": 0.10867,
    "precision_at_100": 0.01553,
    "precision_at_3": 0.24667,
    "precision_at_5": 0.18133,
    "recall_at_1": 0.20656,
    "recall_at_10": 0.52056,
    "recall_at_100": 0.73667,
    "recall_at_3": 0.36733,
    "recall_at_5": 0.434
  }
}