{
  "dataset_name": "PMC-Clinical",
  "evaluation_time": "0.27 minutes",
  "gar_llm": "qwen-72b",
  "gar_method": "query2doc",
  "retriever_name": "nv",
  "test": {
    "map_at_1": 0.20395,
    "map_at_10": 0.36024,
    "map_at_100": 0.38024,
    "map_at_3": 0.29727,
    "map_at_5": 0.33967,
    "ndcg_at_1": 0.37719,
    "ndcg_at_10": 0.43815,
    "ndcg_at_100": 0.50732,
    "ndcg_at_3": 0.34776,
    "ndcg_at_5": 0.39867,
    "precision_at_1": 0.37719,
    "precision_at_10": 0.11316,
    "precision_at_100": 0.01719,
    "precision_at_3": 0.23392,
    "precision_at_5": 0.18421,
    "recall_at_1": 0.20395,
    "recall_at_10": 0.55044,
    "recall_at_100": 0.8136,
    "recall_at_3": 0.3348,
    "recall_at_5": 0.45468
  }
}