{
  "dataset_name": "Bioinformatics",
  "evaluation_time": "0.04 minutes",
  "gar_llm": "llama-70b",
  "gar_method": "hyde",
  "retriever_name": "bge",
  "test": {
    "map_at_1": 0.16548,
    "map_at_10": 0.28357,
    "map_at_100": 0.30753,
    "map_at_3": 0.2305,
    "map_at_5": 0.25558,
    "ndcg_at_1": 0.31169,
    "ndcg_at_10": 0.37059,
    "ndcg_at_100": 0.45297,
    "ndcg_at_3": 0.30798,
    "ndcg_at_5": 0.32767,
    "precision_at_1": 0.31169,
    "precision_at_10": 0.11558,
    "precision_at_100": 0.02195,
    "precision_at_3": 0.20346,
    "precision_at_5": 0.16364,
    "recall_at_1": 0.16548,
    "recall_at_10": 0.46947,
    "recall_at_100": 0.75949,
    "recall_at_3": 0.28228,
    "recall_at_5": 0.34943
  }
}