{
  "dataset_name": "Biology",
  "evaluation_time": "0.15 minutes",
  "gar_llm": "llama-70b",
  "gar_method": "hyde",
  "retriever_name": "bge",
  "test": {
    "map_at_1": 0.05502,
    "map_at_10": 0.14075,
    "map_at_100": 0.16785,
    "map_at_3": 0.10323,
    "map_at_5": 0.12216,
    "ndcg_at_1": 0.21359,
    "ndcg_at_10": 0.214,
    "ndcg_at_100": 0.30838,
    "ndcg_at_3": 0.18577,
    "ndcg_at_5": 0.1906,
    "precision_at_1": 0.21359,
    "precision_at_10": 0.0932,
    "precision_at_100": 0.02136,
    "precision_at_3": 0.16181,
    "precision_at_5": 0.13204,
    "recall_at_1": 0.05502,
    "recall_at_10": 0.25826,
    "recall_at_100": 0.57479,
    "recall_at_3": 0.13906,
    "recall_at_5": 0.18121
  }
}