{
  "dataset_name": "IIYi-Clinical",
  "evaluation_time": "0.03 minutes",
  "gar_llm": "llama-70b",
  "gar_method": "hyde",
  "retriever_name": "bge",
  "test": {
    "map_at_1": 0.03527,
    "map_at_10": 0.09908,
    "map_at_100": 0.13444,
    "map_at_3": 0.06856,
    "map_at_5": 0.08503,
    "ndcg_at_1": 0.12403,
    "ndcg_at_10": 0.16364,
    "ndcg_at_100": 0.29542,
    "ndcg_at_3": 0.128,
    "ndcg_at_5": 0.13767,
    "precision_at_1": 0.12403,
    "precision_at_10": 0.07829,
    "precision_at_100": 0.0231,
    "precision_at_3": 0.12403,
    "precision_at_5": 0.11163,
    "recall_at_1": 0.03527,
    "recall_at_10": 0.20607,
    "recall_at_100": 0.63656,
    "recall_at_3": 0.09444,
    "recall_at_5": 0.14302
  }
}