{
  "dataset_name": "Medical-Sciences",
  "evaluation_time": "0.03 minutes",
  "gar_llm": "llama-70b",
  "gar_method": "hyde",
  "retriever_name": "bge",
  "test": {
    "map_at_1": 0.16213,
    "map_at_10": 0.32128,
    "map_at_100": 0.34747,
    "map_at_3": 0.25964,
    "map_at_5": 0.29154,
    "ndcg_at_1": 0.27273,
    "ndcg_at_10": 0.41442,
    "ndcg_at_100": 0.50405,
    "ndcg_at_3": 0.33026,
    "ndcg_at_5": 0.36581,
    "precision_at_1": 0.27273,
    "precision_at_10": 0.12955,
    "precision_at_100": 0.02284,
    "precision_at_3": 0.2197,
    "precision_at_5": 0.18182,
    "recall_at_1": 0.16213,
    "recall_at_10": 0.54591,
    "recall_at_100": 0.86707,
    "recall_at_3": 0.34568,
    "recall_at_5": 0.43094
  }
}