{
  "dataset_name": "MedXpertQA-Exam",
  "evaluation_time": "0.05 minutes",
  "gar_llm": "llama-70b",
  "gar_method": "hyde",
  "retriever_name": "bge",
  "test": {
    "map_at_1": 0.06222,
    "map_at_10": 0.11106,
    "map_at_100": 0.12177,
    "map_at_3": 0.08738,
    "map_at_5": 0.09928,
    "ndcg_at_1": 0.13402,
    "ndcg_at_10": 0.1591,
    "ndcg_at_100": 0.21193,
    "ndcg_at_3": 0.1234,
    "ndcg_at_5": 0.13304,
    "precision_at_1": 0.13402,
    "precision_at_10": 0.05258,
    "precision_at_100": 0.01093,
    "precision_at_3": 0.09278,
    "precision_at_5": 0.07423,
    "recall_at_1": 0.06222,
    "recall_at_10": 0.21594,
    "recall_at_100": 0.42002,
    "recall_at_3": 0.11112,
    "recall_at_5": 0.14325
  }
}