{
  "dataset_name": "PMC-Treatment",
  "evaluation_time": "0.03 minutes",
  "gar_llm": "llama-70b",
  "gar_method": "hyde",
  "retriever_name": "bge",
  "test": {
    "map_at_1": 0.28478,
    "map_at_10": 0.391,
    "map_at_100": 0.40096,
    "map_at_3": 0.354,
    "map_at_5": 0.37506,
    "ndcg_at_1": 0.47333,
    "ndcg_at_10": 0.45778,
    "ndcg_at_100": 0.50248,
    "ndcg_at_3": 0.41681,
    "ndcg_at_5": 0.42745,
    "precision_at_1": 0.47333,
    "precision_at_10": 0.10133,
    "precision_at_100": 0.01413,
    "precision_at_3": 0.24,
    "precision_at_5": 0.17067,
    "recall_at_1": 0.28478,
    "recall_at_10": 0.52,
    "recall_at_100": 0.699,
    "recall_at_3": 0.38944,
    "recall_at_5": 0.44056
  }
}