{
  "dataset_name": "PMC-Clinical",
  "evaluation_time": "0.07 minutes",
  "gar_llm": "llama-70b",
  "gar_method": "hyde",
  "retriever_name": "bge",
  "test": {
    "map_at_1": 0.09649,
    "map_at_10": 0.17902,
    "map_at_100": 0.19945,
    "map_at_3": 0.14084,
    "map_at_5": 0.1646,
    "ndcg_at_1": 0.20175,
    "ndcg_at_10": 0.24614,
    "ndcg_at_100": 0.32494,
    "ndcg_at_3": 0.18426,
    "ndcg_at_5": 0.21606,
    "precision_at_1": 0.20175,
    "precision_at_10": 0.0693,
    "precision_at_100": 0.01368,
    "precision_at_3": 0.12865,
    "precision_at_5": 0.10526,
    "recall_at_1": 0.09649,
    "recall_at_10": 0.33333,
    "recall_at_100": 0.63085,
    "recall_at_3": 0.18494,
    "recall_at_5": 0.25731
  }
}