{
  "dataset_name": "Bioinformatics",
  "evaluation_time": "18.51 minutes",
  "model_name": "grit",
  "test": {
    "map_at_1": 0.1603,
    "map_at_10": 0.3388,
    "map_at_100": 0.37363,
    "map_at_3": 0.25349,
    "map_at_5": 0.30003,
    "ndcg_at_1": 0.33766,
    "ndcg_at_10": 0.43977,
    "ndcg_at_100": 0.53547,
    "ndcg_at_3": 0.35618,
    "ndcg_at_5": 0.39291,
    "precision_at_1": 0.33766,
    "precision_at_10": 0.14935,
    "precision_at_100": 0.02571,
    "precision_at_3": 0.25108,
    "precision_at_5": 0.21039,
    "recall_at_1": 0.1603,
    "recall_at_10": 0.57395,
    "recall_at_100": 0.89131,
    "recall_at_3": 0.32874,
    "recall_at_5": 0.45713
  }
}